stock_code,elasticity,std_error,t_stat,p_value,ci_low,ci_high,market_beta,r_squared,n_weeks,price_cv,min_price,max_price,median_price,total_units,total_revenue,p_value_fdr,significant_fdr,defensible,elastic
47566,-2.2873096175201844,0.5432275213599123,-4.210592298037751,2.5470203718571013e-05,-3.3520159947965755,-1.2226032402437934,0.2654796020829311,0.15811603602204427,103,0.23960664647796173,4.65,9.32,4.95,28200.0,148318.27999999997,5.563306374218581e-05,True,True,True
22086,-2.8011251358385607,0.7352635632294398,-3.809688492566395,0.00013914199218263752,-4.242215238912851,-1.36003503276427,2.666530632606084,0.37110229155484764,84,0.33580309555509863,2.75,6.77,2.95,35084.0,117760.29000000002,0.00026071834519311303,True,True,True
79321,-2.5331626784577272,0.641300263822648,-3.950041534924855,7.813763262266262e-05,-3.7900880988261525,-1.2762372580893022,1.1104017798949353,0.24470244787357143,97,0.24148006025990526,4.25,12.46,4.95,15841.0,80540.88,0.00015520488671624767,True,True,True
22197,-1.5746521420613233,0.9205305517835836,-1.7105919396269245,0.08715646798475811,-3.3788588702259306,0.22955458610328372,1.4899926481334622,0.2495679850513669,104,0.1820514946886436,0.85,1.66,0.85,88499.0,79520.2,0.09944911752498126,False,False,True
22386,-1.9963392942834552,0.8234715568183126,-2.4242965986546143,0.015338072788551458,-3.610313887940477,-0.3823647006264337,0.49610293921547854,0.2757222211905679,97,0.21503576440260594,1.95,5.06,1.95,39437.0,76324.62000000001,0.01985732637803537,True,True,True
84347,-2.6506407551011946,0.7734857276234207,-3.426877394681141,0.00061056467807331,-4.166644923798858,-1.134636586403532,2.36392197611848,0.47587361397630823,77,0.3728742172849879,2.1,5.79,2.55,31409.0,71300.4,0.001011348346369235,True,True,True
85099F,-2.249720674531008,1.464948318798295,-1.5356996869189665,0.12461205190459727,-5.1209666185881675,0.6215252695261517,0.41217965046583205,0.10847098895245488,103,0.15215341439014765,1.74,4.21,1.95,36860.0,67985.76999999999,0.1398176891905749,False,False,True
48138,-5.919406730428691,0.8970621681295836,-6.598658310126855,4.1489529346810636e-11,-7.67761627185609,-4.161197189001292,0.3050816470055291,0.24616739745113314,102,0.09506824979157447,5.95,13.87,7.95,10077.0,67010.31,2.327611988652918e-10,True,True,True
20685,-6.153400099016039,0.567870487806254,-10.835921624994633,2.3261120838463643e-27,-7.266405802999489,-5.04039439503259,0.6121751042677746,0.3431425744839861,103,0.08997353547327877,6.75,13.57,7.95,9783.0,66417.47000000002,6.448119526544701e-26,True,True,True
21931,-0.6376315225859068,0.4242033192160967,-1.5031271414005274,0.1328062610467054,-1.469054750371804,0.19379170519999056,0.5442435250941275,0.22708571851597426,104,0.2631106241017032,1.95,4.3,1.95,29182.0,61537.55,0.14830556994848323,False,False,False
22502,-0.6921723026518187,0.8150247814006217,-0.8492653456037487,0.3957336594007641,-2.2895915207046675,0.9052469154010303,-0.0019125294234999535,0.0362935336749578,69,0.33375949356039175,2.0,10.79,5.95,3766.0,60880.3,0.41419097610796246,False,False,False
22114,-1.9966892588888794,0.9179854103667099,-2.1750773338448344,0.029624321685002463,-3.795907601540853,-0.19747091623690594,1.9694491432757468,0.3383882799281944,78,0.30289208889180613,3.95,9.32,3.95,11677.0,59189.14,0.03666569033238979,True,True,True
85099C,-0.24254140450557238,0.2668205457771859,-0.9090057281724911,0.36334710216672206,-0.7655000645641775,0.28041725555303276,0.5868036644040533,0.13958894438998604,104,0.23158824062560457,1.65,4.13,1.95,30640.0,59057.61,0.3819906790765594,False,False,False
22910,-4.473286263371666,0.6261972390315523,-7.143573916566357,9.093498576803287e-13,-5.700610299091927,-3.245962227651404,2.2899934580760233,0.6728111933784132,50,0.34763916318377225,2.55,6.63,2.95,18634.0,58652.700000000004,6.143815346693261e-12,True,True,True
22112,-2.460064463905341,0.556949159370056,-4.41703595834102,1.0006358894616607e-05,-3.551664757490509,-1.3684641703201723,1.8278420581817172,0.39243792923757237,104,0.27049564836648804,4.25,12.46,4.95,11065.0,57981.94,2.3606991885297e-05,True,True,True
22411,0.021434287461519652,0.24165710652750927,0.0886971120755336,0.9293226277209407,-0.4522049379405577,0.495073512863597,0.7418881520916107,0.21979432778808772,97,0.21196893638253844,1.65,4.13,1.95,27281.0,57318.70999999999,0.9322901294592725,False,False,False
22178,-0.7605514881875733,0.6202442941794134,-1.2262127928057558,0.22011860840220787,-1.9762079663956897,0.45510499002054317,1.0255508161912985,0.20930340732043584,104,0.2258882678132478,1.25,2.57,1.25,40081.0,52382.82000000001,0.23791489497601023,False,False,False
22090,-1.989369456112522,0.9976835283919624,-1.9939884737988312,0.04615331415649579,-3.944793239729613,-0.033945672495431234,-0.10554078209608599,0.13226896798594234,104,0.19695979486425427,2.95,5.91,2.95,16698.0,50431.899999999994,0.05559722913279931,False,False,True
21181,-3.279287020082889,1.1405667164704791,-2.8751382735687305,0.004038505949690919,-5.514756706330136,-1.043817333835643,0.5728993039776938,0.17485848600108733,79,0.20854358933153055,2.1,4.21,2.1,24732.0,50117.14,0.005771481209376332,True,True,True
22111,-2.428445512011704,0.6316533320609717,-3.84458592830995,0.00012075616670570377,-3.6664632935659283,-1.19042773045748,2.1639348791648874,0.3265892146826618,101,0.25222645601330446,4.6,12.46,4.95,9776.0,49771.94,0.00023085737752561014,True,True,True
21929,-2.309545586873921,0.8686460717401469,-2.6587878101460123,0.007842233664217962,-4.012060602796804,-0.6070305709510371,0.23535820641709415,0.2580403454225161,99,0.26977495498023774,1.95,4.635,1.95,25608.0,49651.99,0.010696534339400043,True,True,True
21232,-2.0203417197045965,0.36565422266060604,-5.525279333584622,3.289618023091482e-08,-2.737010826914374,-1.303672612494819,0.7470313762924081,0.30874515604791375,104,0.19228050570676575,1.25,2.57,1.25,37997.0,49300.57,1.213489231610067e-07,True,True,True
84946,-0.8967301849486173,0.31659942678326636,-2.832380949200169,0.004620276747337937,-1.517253658969845,-0.27620671092738946,0.8875865484943383,0.3385764620702797,104,0.24193997065188505,1.06,2.51,1.25,36696.0,49210.4,0.0065237615496119925,True,True,False
22469,-2.9799514181607707,0.3165474155054882,-9.413918017312339,4.779797315636841e-21,-3.6003729519507637,-2.3595298843707777,0.313023809362235,0.27019120409262865,78,0.2738895479592854,1.65,4.21,1.65,27908.0,48935.11000000001,8.04456958926379e-20,True,True,True
48194,-3.4617950696321236,0.543349557548701,-6.3712117209589145,1.8754053341957242e-10,-4.526740633443351,-2.3968495058208963,0.36575689919385024,0.1337843901834621,104,0.11127374150522473,6.75,14.13,7.95,7726.0,48726.56,9.58032264216515e-10,True,True,True
21731,-0.6681747120830912,0.278778852893675,-2.3967912384585714,0.016539343825421125,-1.2145712234060841,-0.12177820076009838,0.785699660653104,0.21320515607380386,103,0.33272977985402563,1.65,4.13,1.65,28910.0,48315.840000000004,0.02132466697053271,True,True,False
48187,-4.986738524725216,1.0627621855578584,-4.692243093037422,2.7022576323902632e-06,-7.069714132549692,-2.9037629169007397,0.6480192261155551,0.3450142978052235,97,0.13318307841715102,6.75,14.43,7.95,7314.0,46405.4,7.124133758119785e-06,True,True,True
21928,-1.0894633970742578,0.6144256065167265,-1.773141264815758,0.07620530174246896,-2.29371545702622,0.11478866287770484,0.6053319660564807,0.09571672039864465,102,0.19213006995529908,1.95,5.06,1.95,24268.0,46202.52,0.08769657740204762,False,False,True
21523,-1.6034614318129672,0.7748935311054778,-2.069266766913693,0.03852106039470382,-3.122224844632772,-0.08469801899316276,0.3889866035975754,0.12108904622055161,102,0.25720451177524484,5.95,16.98,7.95,6916.0,46083.71,0.04702862619431134,True,True,True
48185,-1.8456137212532147,0.35300924601005657,-5.228230541022817,1.7114002864328082e-07,-2.5374991296425655,-1.153728312863864,0.3003006476091471,0.12289899923932279,104,0.2319141894928106,6.75,15.38,7.95,6822.0,45723.84,5.610194306487486e-07,True,True,True
22355,0.24326805696303533,0.38126682604321904,0.6380519896988345,0.5234398376480893,-0.5040011905815719,0.9905373045076425,0.6794480459984842,0.1680208167342464,104,0.2401543257366267,0.85,1.7,0.85,31956.0,45377.56,0.538583020724153,False,False,False
71477,-4.065571596440101,0.8285105790454231,-4.907084712333173,9.24401136491286e-07,-5.689422492179556,-2.441720700700646,1.9325557310675112,0.31311010820068363,88,0.20940601185807028,2.75,6.77,3.25,15089.0,44680.75,2.676645379855721e-06,True,True,True
84078A,-2.0584912970840494,0.614896806791904,-3.3477020442239716,0.0008148456668606813,-3.2636668926048653,-0.8533157015632336,-0.32392478798488733,0.13988236270195786,97,0.22747262369739388,34.95,78.22,39.95,1128.0,43844.96,0.00132298370545425,True,True,True
84029E,-3.3735420931767743,0.7429367404677273,-4.5408201121577445,5.603582808266582e-06,-4.829671347285101,-1.9174128390684475,1.289638902843331,0.41692660970621054,97,0.36466173203342533,2.95,13.13,3.75,10628.0,42994.240000000005,1.3843713753057022e-05,True,True,True
82482,-1.1840485882963403,0.38347047700196646,-3.087717723547903,0.002016999597869706,-1.9356369123545898,-0.4324602642380909,0.7732181640953455,0.15032508059330607,95,0.11652739904484778,2.1,5.17,2.55,16914.0,41837.60000000001,0.003069791307613968,True,True,True
20713,-0.3867695900531194,0.403494707691787,-0.9585493506610172,0.3377858186815127,-1.1776046850815387,0.4040655049752999,0.8757079029492034,0.1708664580624124,91,0.33040870796816685,1.95,5.06,1.95,20814.0,40667.049999999996,0.3570882934258052,False,False,False
22083,-0.9186141521913194,0.3671822547444277,-2.501793429071643,0.012356599891901073,-1.6382781472526091,-0.19895015713002961,0.7088238835338465,0.21711427292676255,104,0.18452042026059395,2.55,6.04,2.95,13716.0,40412.82000000001,0.016276862890449703,True,True,False
21166,-3.68863311079423,0.6787195815500032,-5.434693813268857,5.48906055017095e-08,-5.018899046234333,-2.3583671753541275,0.7629532812926066,0.36673586161695837,96,0.286619417596361,1.82,4.3,1.95,19932.0,38138.86,1.9412513555602537e-07,True,True,True
20712,-0.2448702140128174,0.17509412481817066,-1.3985061707073658,0.161961120944343,-0.5880483925609927,0.09830796453535795,0.4158647529265426,0.06704685926610943,97,0.36664884236765877,1.95,5.06,1.95,17710.0,37499.37,0.17864055762439238,False,False,False
21485,-4.263649952084878,0.4482797351459197,-9.511136948220548,1.8858993046672913e-21,-5.1422620879700345,-3.3850378161997208,1.7783522654721071,0.3864892051210709,100,0.23385902244674842,4.6,11.02,4.95,7593.0,37078.67,3.2317456266344035e-20,True,True,True
21524,-3.4513831007098634,1.7805811259401294,-1.9383464479258516,0.052580969200030504,-6.941257979104295,0.03849177768456835,0.7869966154087927,0.17038641257751852,104,0.0780893202892465,6.75,12.44,7.95,5255.0,35955.44,0.06265178694188211,False,False,True
22379,-0.5791385276115038,0.24813039144869894,-2.3340088420053164,0.019595258937539172,-1.065465158320779,-0.09281189690222841,0.446052404978616,0.10076309746908274,97,0.33484086335048663,1.85,4.96,2.1,15765.0,34640.84,0.024974349626275417,True,True,False
15036,-2.512131646955802,0.6134252579651499,-4.095253030970762,4.21707557286473e-05,-3.7144230597746875,-1.3098402341369162,-0.18105368526842885,0.22256648435969117,102,0.2968110397966644,0.59,1.63,0.83,44272.0,32967.03,8.773937588134677e-05,True,True,True
84997C,-3.169616088636738,1.214758333360333,-2.609256509373982,0.009073919635953607,-5.550498671942892,-0.7887335053305846,0.7003300342733704,0.16233178292989392,102,0.0926638566672473,3.57,6.22,3.75,8798.0,32740.36,0.012305279506311186,True,True,True
22385,-1.6081249067133456,0.5113330011330044,-3.1449660067902627,0.001661061294927774,-2.610319173040813,-0.6059306403858784,0.6006758333465471,0.14216215272885369,97,0.20698679609552365,1.95,4.635,1.95,17057.0,32433.5,0.002570690099292983,True,True,True
22077,-2.6481513273386263,0.9157300744472031,-2.8918470641441263,0.0038298432673512023,-4.442949292815327,-0.8533533618619258,1.16457918453853,0.49813680814375605,95,0.251337798215191,1.65,3.43,1.65,17238.0,31513.11,0.005477431380088783,True,True,True
48184,-4.207307529395878,0.9853684701299243,-4.269780957007007,1.9566503262616952e-05,-6.1385942423518625,-2.2760208164398947,0.2647039026777651,0.2702483751361586,94,0.14695243733208443,5.83,14.43,7.95,4715.0,31142.629999999997,4.354528766237657e-05,True,True,True
21479,-1.4697404905002047,1.0408550637846623,-1.4120510545974272,0.1579349289578449,-3.5097789286442835,0.5702979476438741,1.9820212343906252,0.2685886633155443,59,0.2681058383285523,3.75,7.875,3.75,6219.0,31079.800000000003,0.17491618160137345,False,False,True
85014B,-2.403927580773665,0.6282788629987406,-3.82621113385838,0.0001301306898409283,-3.6353315244989712,-1.1725236370483587,1.2215149736761113,0.3006112602235529,104,0.20082382095430856,5.95,13.0,5.95,6155.0,30776.58,0.0002470255290535245,True,True,True
22697,-0.7233756029057512,0.4667626838645136,-1.5497717103617568,0.12119631932182823,-1.6382136526074529,0.19146244679595048,0.22992853033302282,0.10410843390461555,69,0.24423298737111948,2.95,5.91,2.95,9795.0,30425.050000000003,0.13622842094314025,False,False,False
22501,-1.4807459371067968,0.5434498906427732,-2.7247147577036466,0.006435706070166166,-2.545888150168863,-0.41560372404473056,-0.3593744979101974,0.18468933529230813,75,0.36995968273978463,9.95,21.23,9.95,2612.0,30339.36,0.008861436042558964,True,True,True
20679,-2.0519528286895614,0.6147044907856344,-3.3381126369632104,0.0008434954893359218,-3.2567514917644385,-0.8471541656146846,1.340614905197972,0.23536966150115834,103,0.1487711579586016,4.95,12.46,5.95,6149.0,30020.97,0.001367144451761146,True,True,True
22659,-1.9787887787208316,0.691622970482972,-2.861080188442859,0.004222002493414097,-3.3343448917480654,-0.6232326656935976,0.8842452806485944,0.10001249132436818,76,0.13240352744953113,1.95,4.13,1.95,15942.0,29563.81,0.005997343406243838,True,True,True
84029G,-2.0152387563309517,0.4402904287747877,-4.577066919076189,4.7154065308612576e-06,-2.8781921394672336,-1.1522853731946698,1.384653219824151,0.2738090526405823,101,0.33479305271187715,3.57,8.29,3.75,6830.0,29533.870000000003,1.1804171727322006e-05,True,True,True
22622,-2.889682289383405,1.1375195285327822,-2.540336422277191,0.011074588483637049,-5.11917959701864,-0.6601849817481695,1.4261978092328147,0.2996080697803346,83,0.11517097117018843,9.95,16.37,9.95,2945.0,29450.11,0.014721861277613426,True,True,True
22158,-3.544562505347665,0.6701531180972856,-5.2891830383651275,1.228638930196664e-07,-4.858038480945562,-2.231086529749768,2.1458399240296884,0.48371700443859966,74,0.307098607854257,2.95,6.04,2.95,8985.0,29198.28,4.143084764616658e-07,True,True,True
48188,-3.3207374519268678,0.4777254014556955,-6.9511427313852705,3.6233903635234803e-12,-4.257062033279969,-2.384412870573766,0.016758973411491157,0.19920240001160983,103,0.2239327918415993,6.35,16.98,7.95,4872.0,28639.1,2.2616194818681324e-11,True,True,True
84978,-1.4388508249220937,0.7045651542278681,-2.0421827793895484,0.041133404014901384,-2.819773151970624,-0.05792849787356347,-0.13956895922884283,0.10203995884245332,103,0.1747969875783485,1.25,2.57,1.25,21689.0,28475.96,0.050088156697731985,False,False,True
22752,-0.5077359953494746,0.39268916229591583,-1.2929717550159017,0.1960208281407938,-1.2773926105686737,0.2619206198697246,1.9931978877766185,0.42898046343696183,69,0.2312978935253742,3.95,16.98,8.5,3459.0,28139.450000000004,0.21358338788751233,False,False,False
22188,-2.925211058743902,0.6822472758358651,-4.287611196629606,1.8060485406945128e-05,-4.262391147932762,-1.5880309695550427,1.0994163790903246,0.21232108288061202,97,0.27430044531735415,2.31,8.65,3.95,10353.0,28112.030000000002,4.0722505971401394e-05,True,True,True
21977,-2.001288129297201,0.9346584504105391,-2.1411972773778016,0.03225813251672348,-3.833185029947874,-0.16939122864652845,0.47113280651206985,0.1987000320553609,104,0.2201322520680525,0.55,1.3,0.55,56061.0,28081.730000000003,0.039716903849786905,True,True,True
82583,-1.6893678655310862,0.2334315693949416,-7.237101090953357,4.583764936389419e-13,-2.146885334399834,-1.2318503966623382,0.6898284781953898,0.35111623323949903,99,0.3741819161087231,2.1,4.96,2.1,12877.0,27981.99,3.27287761556593e-12,True,True,True
20719,-0.5161396413143048,0.3260106600173005,-1.583198663770426,0.11337619094246199,-1.155108793524346,0.12282951089573635,0.38334522105161173,0.14182314743260882,103,0.2551019264509405,0.85,1.7,0.85,24479.0,27598.42,0.12797252690212027,False,False,False
21930,-0.9274383401330993,0.6162369405733275,-1.5050028310056192,0.13232334889760292,-2.135240549599971,0.2803638693337721,0.8353708649689525,0.21750570431439142,104,0.28660080088975126,1.95,4.3,1.95,13390.0,27368.08,0.14785389014343894,False,False,False
72741,-0.3449195210999665,0.3064858260909308,-1.1254012151205741,0.26041905641429997,-0.9456207020101972,0.25578165981026424,0.7535859836527565,0.09571251540985304,103,0.4685058111183257,1.25,8.65,1.45,19712.0,27239.46,0.2794659493422361,False,False,False
22835,-3.4229556987958367,0.8203451151551147,-4.17258009532806,3.0116967558088558e-05,-5.0308025793932245,-1.8151088181984487,2.3362907230775596,0.5821646968359524,64,0.1929352967446554,4.65,8.295,4.65,5302.0,27082.839999999997,6.502919111912593e-05,True,True,True
22734,-3.5348961683535256,0.9639424021688892,-3.6671238451591512,0.0002452940089838637,-5.424188559775573,-1.6456037769314784,2.3082700433286067,0.6972494579365489,44,0.3630539039835887,2.55,5.91,2.89,9772.0,26763.749999999996,0.0004362067989948897,True,True,True
71459,-1.073533259428182,1.4615368388996381,-0.7345235719384423,0.46262969922906694,-3.9380928257499916,1.7910263068936279,-0.36739037749231773,0.035925843926029266,103,0.11750408518837133,0.72,1.66,0.85,32989.0,26738.789999999997,0.48020758978347533,False,False,True
48111,-3.2226493164955596,0.9201819616113518,-3.5021870140252527,0.0004614555945420875,-5.026172820477228,-1.4191258125138915,0.5458896250187968,0.26476679450750196,102,0.2363733925447588,6.35,15.79,7.95,4248.0,25970.000000000004,0.000781530813757264,True,True,True
47566B,-6.214089744253715,3.4814338231450757,-1.7849225520076089,0.07427388008142016,-13.037574652177652,0.6093951636702215,-0.5245497961075335,0.07765473534533651,89,0.05665243217835042,3.75,6.56,4.65,5801.0,25803.489999999998,0.08563074247919082,False,False,True
82600,-1.2883015684557506,0.4032979696443861,-3.194416201975253,0.001401139558315369,-2.0787510639968754,-0.49785207291462585,0.6723989399124435,0.10858279419241668,98,0.14851165876193748,1.895,4.13,2.1,12675.0,25736.190000000002,0.002193644574272816,True,True,True
20711,-0.8695706327164638,0.31518429577254947,-2.7589275366180788,0.005799139256324868,-1.4873205009232808,-0.25182076450964685,0.7015084103027147,0.19303692112398174,103,0.3727128067849939,1.95,4.3,1.95,12643.0,25719.13,0.008055547161512435,True,True,False
21481,-2.2475413500372206,0.5403108486882083,-4.159719086695937,3.1863924864054695e-05,-3.3065311539223794,-1.1885515461520615,1.654502466545763,0.29108176452934365,100,0.28401290929444606,2.55,6.63,2.95,8174.0,25613.45,6.84094514450377e-05,True,True,True
21108,-1.7727693095360357,0.30570929629856514,-5.798872755916112,6.676216429872148e-09,-2.3719485200203074,-1.173590099051764,0.26195397770666007,0.40125754870496255,100,0.3962242302749286,0.79,5.17,2.55,12962.0,25407.27,2.747744098320742e-08,True,True,True
84755,-1.7255102269689062,0.3065897844549826,-5.628074758055964,1.8223211232125625e-08,-2.32641516252857,-1.1246052914092424,-0.07419911771957513,0.1374593991374886,104,0.44802817978344006,0.6,2.91,0.65,40439.0,25205.13,6.99608007587715e-08,True,True,True
20972,-2.550472819475615,0.9813441906667819,-2.5989584935971104,0.009350707883986394,-4.473872089620116,-0.6270735493311146,1.2159336879833558,0.3987052209807399,104,0.1538036964738508,1.25,2.51,1.25,20496.0,24785.31,0.012635185922089143,True,True,True
21314,-0.9078701531670501,0.4813919591728382,-1.885927124181752,0.05930477578910365,-1.8513810555929893,0.03564074925888894,0.805955389134123,0.19661121299673712,104,0.28051357905719365,2.1,4.3,2.1,11426.0,24641.39,0.06973768082499088,False,False,False
22722,-4.215964312286926,0.5251484738087107,-8.028137798268881,9.896329013543568e-16,-5.245236407488175,-3.186692217085677,0.16296291152801112,0.12203574813260742,43,0.16506262890485168,3.45,8.29,3.95,5972.0,24459.96,9.870148248957475e-15,True,True,True
21231,-2.0214731092471405,0.5479961468217499,-3.6888454799750217,0.0002252739771167086,-3.095525820684494,-0.947420397809787,1.3307257598332147,0.33505709980922327,96,0.2245357664025934,1.25,2.57,1.25,19428.0,24128.86,0.00040365156546102256,True,True,True
21955,-2.9364761451765453,0.5319917860847815,-5.519777225862225,3.394297024752096e-08,-3.9791608859738536,-1.893791404379237,-0.09839841261210952,0.1720022719138431,102,0.2166878946906937,5.95,15.79,7.95,3911.0,23734.4,1.2423786197393593e-07,True,True,True
22171,-1.2016237368057536,0.8555816979521847,-1.404452362272139,0.1601841877709972,-2.8785330506236626,0.47528557701215535,0.15485103085199384,0.024115114543646565,101,0.17800354348067635,7.65,16.63,8.5,3141.0,23709.460000000006,0.1767840713983195,False,False,True
21790,-2.28266354204706,0.7251735678755177,-3.1477478539853494,0.001645335521358613,-3.7039776176234867,-0.8613494664706332,1.2045390750018128,0.5286351771402727,104,0.15924471627190678,0.85,1.7,0.85,27244.0,23506.170000000002,0.0025505406725008103,True,True,True
22605,-2.5813940944112526,0.8083320383831145,-3.1934823461590707,0.0014056793224272218,-4.165695777192005,-0.9970924116304996,-0.6270909259574533,0.20042405565670718,85,0.18945005296586043,12.75,25.49,14.95,1827.0,23426.820000000003,0.0021989257450417536,True,True,True
48173C,-6.441823830066688,1.1274197251297138,-5.713776055608333,1.1049639154097899e-08,-8.651525886780973,-4.232121773352402,0.7047583320485984,0.24435776011454802,96,0.10779983641291488,4.58,12.02,7.95,4077.0,23132.920000000002,4.4035031301214674e-08,True,True,True
84406B,-3.686763108450866,0.7182513592848928,-5.132970596980826,2.8520447635545936e-07,-5.094509904496195,-2.2790163124055374,0.41669578765351545,0.3200962552254686,102,0.21565834793247274,2.75,8.29,3.25,7131.0,23080.130000000005,9.035469545042705e-07,True,True,True
22607,-5.107228452485886,1.246360814880429,-4.097712629850172,4.172528315906274e-05,-7.55005076139352,-2.664406143578252,-0.5249136787976494,0.22494257259966355,71,0.12111671673615855,8.29,16.98,9.95,2533.0,22906.539999999997,8.700460039251466e-05,True,True,True
21936,-2.1698149977523378,0.39885824646965806,-5.440065529439668,5.3260976885361236e-08,-2.951562795769668,-1.3880671997350078,-0.23047521119064135,0.17976771241383027,103,0.2880600113616916,2.55,6.04,2.95,7805.0,22741.310000000005,1.8871605531749235e-07,True,True,True
22113,-2.3882971626269516,0.7916551287959573,-3.01684038384158,0.002554242692284427,-3.939912703243446,-0.8366816220104574,2.90904338329532,0.4376640938555163,65,0.2183990424082676,3.45,8.29,3.75,5759.0,22025.93,0.003794127245828325,True,True,True
22499,-3.807794875667637,0.5311701578504278,-7.168691274143217,7.571808921057718e-13,-4.848869254716931,-2.766720496618343,-0.8822958520081668,0.25701825755559926,96,0.17968610407158805,4.96,12.46,5.95,3584.0,21826.519999999997,5.19013084225229e-12,True,True,True
21210,-3.785667453659707,0.9831598228218053,-3.8505107366921436,0.00011787176246456963,-5.712625297437226,-1.8587096098821878,0.35507455980692637,0.43028398901821485,97,0.23803827601235575,1.45,3.75,1.45,15118.0,21727.190000000002,0.00022580108968060339,True,True,True
22456,-1.4086128506406368,0.4206151132113094,-3.3489354195719905,0.000811227020563884,-2.233003323888041,-0.5842223773932329,-0.13941213757452928,0.1584067391772569,89,0.2976503444155924,4.25,10.17,4.95,4416.0,21583.2,0.0013182439084163116,True,True,True
21213,-1.2415426779945635,0.6530695668341902,-1.9010879407733643,0.057290494879315874,-2.52153550838875,0.03845015239962302,0.18461828062514835,0.07228905067182045,104,0.19235709081535624,0.55,1.28,0.55,40263.0,21390.76,0.06779195407878871,False,False,True
21258,-0.06552108204273166,0.373809927924883,-0.17527913826809358,0.8608603032537884,-0.7981750778390158,0.6671329137535524,1.2860779406117198,0.1686655051391147,73,0.32844312181676655,12.75,25.49,12.75,1505.0,21386.559999999998,0.8682298938648427,False,False,False
85048,-1.9269301548087538,0.5948524704132934,-3.239341266364676,0.0011980613172437333,-3.092819572933487,-0.7610407366840208,1.8096793875745962,0.3462461426620891,60,0.3319777696560265,6.95,17.35,7.95,2685.0,21201.129999999994,0.0019009642954582807,True,True,True
22356,-0.7655118174573419,0.2987980129356808,-2.561970911172444,0.01040800353899381,-1.3511451614634096,-0.17987847345127428,0.8135858167030738,0.31638414852537844,104,0.26657752977879257,0.85,1.7,0.85,20015.0,20871.9,0.013914245865959811,True,True,False
21218,-0.8478132728976853,0.23712528449125847,-3.5753811522741246,0.0003497180193177089,-1.3125702903243661,-0.3830562554710044,0.007112292134703824,0.13145353768937884,104,0.40137143575999096,3.25,8.47,3.75,5256.0,20800.309999999998,0.0006081351166179717,True,True,False
48116,-2.1561849322742597,0.46847390990647614,-4.602572067897463,4.173050929297301e-06,-3.074376923387615,-1.2379929411609045,0.06514629114946019,0.1642000802751692,88,0.28652279759684157,4.58,14.43,7.95,3452.0,20712.629999999997,1.0572850808770716e-05,True,True,True
22294,-3.4487161902354306,0.728883585855149,-4.731504807025239,2.228615393023776e-06,-4.877301767433931,-2.0201306130369305,0.8989399767007096,0.2995217152485924,103,0.1723799898194427,1.25,2.51,1.25,16671.0,20629.379999999997,5.9672443406957644e-06,True,True,True
20723,-0.47292876664671496,0.35465859910979397,-1.3334761030291764,0.1823756125720558,-1.1680468477093404,0.22218931441591044,0.5082121341770043,0.1270552435743708,104,0.2910633429687388,0.85,2.46,0.85,18296.0,20401.05,0.19987094749902629,False,False,False
21559,-1.166679434670138,0.23793307592312454,-4.903393234184424,9.419514983268243e-07,-1.6330196942102964,-0.7003391751299795,0.47451989623443164,0.15761883032188262,104,0.2229432656156824,2.55,5.06,2.55,8227.0,20345.53,2.7191096084932066e-06,True,True,True
21216,-0.3403677665353415,0.35665462695182776,-0.9543343638755426,0.33991441876837913,-1.0393979902804924,0.3586624572098094,-0.15041753974606015,0.013438005920817453,98,0.3513711507370436,4.95,11.26,4.95,3884.0,20169.0,0.3589572433492407,False,False,False
22273,-3.771004263290716,1.4554066551667029,-2.5910313450221123,0.009568877544785389,-6.623548890277359,-0.9184596363040725,0.7771411596899784,0.18909364212347302,103,0.09970446596993944,2.55,4.495,2.95,7355.0,20150.99,0.012874613969964638,True,True,True
22569,-2.202426925450131,1.4438237694154985,-1.5254125691127367,0.127156225679428,-5.032269513527372,0.6274156626271097,1.087138261381733,0.19084182234676927,85,0.09271372171633074,3.39,5.685,3.75,5521.0,20104.43,0.142417994893477,False,False,True
21622,-2.161885499994049,0.6236712311333011,-3.466386442205438,0.0005275045097425679,-3.384258651209075,-0.9395123487790231,-0.11166958408208627,0.11471387004334321,94,0.3140179313452003,4.95,13.57,4.95,3699.0,19936.940000000006,0.0008838631118797692,True,True,True
22900,-2.6405316992871612,0.8220786573067966,-3.2120183097050345,0.0013180597466718282,-4.251776260067528,-1.0292871385067945,0.6617873582750764,0.2163038329860305,63,0.11796334514411208,2.95,4.94,3.25,6156.0,19834.04,0.002077376774645816,True,True,True
22381,-1.6370640684968867,0.295704293953807,-5.536152507655564,3.091883664404839e-08,-2.2166338347201937,-1.0574943022735797,0.19103228285709578,0.20636419627561842,98,0.3167662187889898,2.1,4.96,2.1,9265.0,19619.54,1.1472836038195122e-07,True,True,True
48129,-2.9499492096035205,0.715492783640356,-4.122961512755548,3.7403221251263974e-05,-4.352289296736927,-1.5476091224701136,0.3038841739391719,0.14300972051519234,101,0.18005721499537153,6.35,15.79,7.95,3127.0,19608.910000000007,7.904156060384819e-05,True,True,True
21174,-1.0353515674586145,0.3957135785305845,-2.6164165791409473,0.008885807416901112,-1.8109359295720224,-0.2597672053452065,0.5342260465411126,0.12013433266972784,104,0.2704150878763551,1.95,4.21,1.95,9696.0,19593.809999999998,0.01205885311796875,True,True,True
22169,-1.4337844957606296,0.6894562929663888,-2.0795872202308363,0.03756341017581182,-2.7850939988892476,-0.08247499263201141,0.9231644159316881,0.302992471795425,99,0.2031855349372064,7.65,17.35,8.5,2275.0,19507.600000000002,0.04594875287566858,True,True,True
84997A,-4.5907620350074705,0.7833402390798523,-5.860495613502495,4.614877290676732e-09,-6.126080691244976,-3.0554433787699646,0.6178727571197112,0.26149470321736934,93,0.14582784634235865,3.57,7.62,3.75,5185.0,19400.7,1.9951935075517525e-08,True,True,True
22952,-4.543120810093255,0.9935536440238693,-4.572597400673526,4.817151747347643e-06,-6.490450169088568,-2.5957914510979414,2.428908195245067,0.7096531869124538,51,0.4060531963190725,0.485,1.28,0.55,32988.0,19240.050000000003,1.202692853476862e-05,True,True,True
21340,-2.1389109818027636,0.8459546769981799,-2.5283990265206198,0.011458404079246042,-3.796951681272411,-0.48087028233311635,0.08147275476561944,0.0632963570454681,78,0.1503251566562363,9.95,24.96,12.75,1758.0,19194.129999999997,0.015167901467260386,True,True,True
22061,-2.463443359934111,0.2560395484289265,-9.621339262039562,6.497953597414442e-22,-2.9652716534727057,-1.9616150663955159,0.45694237200836896,0.21095609509930502,99,0.2297076734511428,2.95,20.79,9.95,2171.0,19121.37,1.1447329468342264e-20,True,True,True
84949,-1.7951220746615935,0.7821591844934622,-2.29508533588868,0.02172823429166705,-3.328125906445999,-0.262118242877188,1.2467070725558993,0.2362548235696903,102,0.12167996414294918,1.55,3.36,1.65,11945.0,19015.800000000003,0.027469967565253113,True,True,True
71053,-1.4954597793688538,0.5370594989509464,-2.784532779496458,0.0053604902512683775,-2.5480770548678358,-0.4428425038698718,0.42485240372160593,0.1359496092613397,104,0.30913482820596716,3.39,8.65,3.75,4769.0,18906.77,0.007490381114633723,True,True,True
84947,-1.4555685361050794,0.6997116163335958,-2.080240633608575,0.03750346696018813,-2.8269781036832353,-0.0841589685269235,1.3840527582300806,0.3129375742121143,103,0.26926978251170663,1.06,2.57,1.25,15810.0,18744.170000000002,0.04590521767529521,True,True,True
22041,-1.4807049316673182,0.3957930747314119,-3.741108741410232,0.00018321022446704405,-2.256445103471256,-0.7049647598633808,0.4642723342165352,0.17969487695066733,101,0.3348666835044502,2.1,5.17,2.55,7540.0,18650.87,0.000336271930983815,True,True,True
21035,-0.9402253639157594,0.3248300987486557,-2.8945142938963886,0.00379745619705561,-1.5768806585577138,-0.3035700692738049,0.7983792561589838,0.16695748818622624,104,0.3160074943374322,2.95,6.63,3.1,5994.0,18644.78,0.0054435018490112735,True,True,False
21484,-1.9881528337003975,0.42547805160820523,-4.672750629992912,2.971925185275717e-06,-2.822074491064754,-1.1542311763360409,1.5619009099974062,0.4028436591188419,96,0.38393729276444305,3.45,8.29,3.45,4584.0,18171.14,7.727005481716864e-06,True,True,True
21430,-0.6377342531555852,0.6869380416131464,-0.9283723051033609,0.3532144793938542,-1.9841080743278292,0.7086395680166588,0.4652726329064994,0.08053203130222975,80,0.291791318677884,3.75,7.78,3.75,4621.0,18044.97,0.3719604992499526,False,False,False
22147,-2.8947273582434834,1.191349672843565,-2.4297881841308797,0.01510764911021578,-5.229729810010447,-0.5597249064765197,0.6813142182606592,0.26714867135829057,102,0.22971788045722075,1.25,3.71,1.45,12828.0,17893.579999999998,0.01961289157903357,True,True,True
22352,-0.5083418212045561,0.5241336077513697,-0.9698706850442899,0.3321109538953775,-1.5356248154842844,0.5189411730751723,0.04436548947668073,0.017213669140892063,104,0.2163226535913906,2.1,5.17,2.55,7090.0,17830.71,0.3515042942688302,False,False,False
84945,-1.7386487751420898,0.10846317035810878,-16.029853907106517,7.906842225768912e-58,-1.9512326826930153,-1.5260648675911643,0.780339177286381,0.4386876037135585,92,1.4070226257889482,0.72,11.36,0.85,21605.0,17746.710000000003,2.1291996565106287e-55,True,True,True
22297,-1.9508569380272447,0.3012787676326535,-6.475255303772044,9.46517626070191e-11,-2.541352471893857,-1.3603614041606322,0.35826448091252167,0.336714174897102,104,0.31390059777252094,1.25,2.57,1.25,13715.0,17702.620000000003,4.942342728926067e-10,True,True,True
20718,-1.0470620625978668,0.236876763728419,-4.420281863519257,9.857224435571802e-06,-1.5113319882799718,-0.5827921369157618,0.4136305935756363,0.13835195238478515,104,0.23641491124322217,1.25,2.935,1.25,13353.0,17457.35,2.3342799071674434e-05,True,True,True
84992,-0.7739744254026883,1.1209643439556178,-0.6904540983627684,0.4899086662903033,-2.9710241675092686,1.423075316703892,0.15455263580808237,0.020238425039366348,104,0.15317156667429008,0.42,1.25,0.55,34797.0,17259.85,0.5060152525792996,False,False,False
22366,-1.4099374228682284,0.6008348822737294,-2.34663043785445,0.018944034111122394,-2.587552152780101,-0.23232269295635555,0.4425186972418155,0.09354284505308097,99,0.2104335429946578,6.35,14.43,7.95,2540.0,17242.3,0.024193431097198993,True,True,True
84970L,-2.3816802268771804,0.3758584527106005,-6.336641386407774,2.3482769332854935e-10,-3.1183492574749083,-1.6450111962794525,0.9773853648599864,0.3699254322807294,103,0.288184154307573,0.95,2.17,0.95,17400.0,17177.039999999997,1.1867297638721597e-09,True,True,True
21889,-0.3560244984441884,0.2834163359804378,-1.256189052097414,0.20904743508660728,-0.91151030959615,0.19946131270777323,1.6706500837624938,0.397560894716378,104,0.19962877582002106,1.155,2.57,1.25,12805.0,17095.66,0.2268591912137333,False,False,False
21156,-2.0906763006831293,0.8091397989802133,-2.5838258151657856,0.009771112807014166,-3.6765611651423264,-0.5047914362239321,1.194724194890198,0.3431242477550227,103,0.21918444188541694,1.65,4.3,1.95,9137.0,17002.28,0.013118623676083832,True,True,True
22654,-1.5821972524645598,0.42040419125516687,-3.7635144591225913,0.00016754203500033292,-2.4061743262743756,-0.758220178654744,0.9581888207116513,0.24100292627786535,72,0.31300643464174444,4.95,12.46,5.95,2534.0,16971.27,0.00031053759682952563,True,True,True
21535,-2.817109054875384,1.1137565925273099,-2.529375874205034,0.011426558335710194,-5.000031863772964,-0.6341862459778045,0.06735299518474647,0.12517905213562464,103,0.1549526054966355,2.325,5.17,2.55,6776.0,16836.999999999996,0.015136375588765787,True,True,True
21164,0.7163329601698902,1.821676606045012,0.39322729280972624,0.6941516132826662,-2.854087579157494,4.286753499497275,0.15633601264423647,0.005134730280101141,104,0.07795647517794368,2.75,4.43,2.95,5981.0,16626.410000000003,0.7065204055279837,False,False,False
72760B,-3.002336939459732,0.6986084522285385,-4.297596070992805,1.7266043391923095e-05,-4.371584345122939,-1.6330895337965257,-0.000986783874332986,0.20400754484792705,89,0.2236736893068937,8.49,20.79,9.95,1699.0,16409.02,3.911837955982576e-05,True,True,True
22487,-0.9416619090972469,0.49695584778005103,-1.8948603045999761,0.05811091133225423,-1.9156774726527162,0.03235365445822247,0.19362877331617442,0.04194308430970972,90,0.17052921691234227,9.225,20.38,9.95,1632.0,16373.7,0.06859052464702518,False,False,False
21155,-0.9881933223099975,0.36051401082458917,-2.7410677328455075,0.006123988183601176,-1.6947877994482754,-0.2815988451717195,0.38017114704956245,0.08881481231118982,94,0.2291009528456855,1.69,4.96,2.55,6665.0,16343.089999999998,0.008450745041060187,True,True,False
22692,-1.909118631222033,0.2644828376819891,-7.2183081819378145,5.263831861795568e-13,-2.4274954676076845,-1.3907417948363814,-0.08523802962307475,0.23530842477433256,72,0.27200630321427227,7.49,16.98,7.95,2135.0,15965.95,3.702359350553972e-12,True,True,True
21877,-0.7257464825762614,1.0114818682534437,-0.717508148543908,0.4730606103300381,-2.708214515368299,1.256721550215776,0.2925332414864927,0.011690417294385913,102,0.17759219987707206,0.8,2.47,1.25,14054.0,15954.749999999998,0.4896865735706325,False,False,False
35004C,0.05174131235108304,0.38753206086581016,0.1335149206377518,0.8937861649513426,-0.707807569800489,0.811290194502655,1.5623345048768853,0.20815812701766967,63,0.4159152094830204,4.65,13.0,5.45,3035.0,15874.380000000001,0.8985530244977497,False,False,False
22690,-4.7593759747499575,0.730605546054819,-6.514289414376894,7.30345625897579e-11,-6.191336531922623,-3.3274154175772925,0.6627137970745939,0.19221239179392757,70,0.14672351172259684,6.75,16.72,7.95,2530.0,15836.349999999999,3.878032407935032e-10,True,True,True
22367,-1.6171199436316743,0.7202371468354793,-2.2452603989350552,0.024751420703690456,-3.0287588117571005,-0.20548107550624817,0.8518242119290438,0.23461438626407416,100,0.1660569757044108,1.65,4.21,1.95,8059.0,15778.67,0.030959806255113808,True,True,True
84375,-0.9523618764825538,0.3314828870767007,-2.8730348190257855,0.004065493064981295,-1.602056396644245,-0.3026673563208626,0.13538160644650998,0.03035578025345509,96,0.24496513940772074,1.95,4.3,2.1,7575.0,15753.18,0.005801902661060923,True,True,False
22170,-2.800172923330157,0.34039729933337237,-8.22619018662593,1.932620691845693e-16,-3.467339370458267,-2.133006476202047,0.8014604528511603,0.2519642116072939,97,0.17482806384196045,5.95,13.29,6.75,2385.0,15645.269999999999,2.0351899464408555e-15,True,True,True
22333,-1.8232924806300481,0.3462423786374958,-5.265942568338737,1.3947188492160715e-07,-2.5019150726810206,-1.1446698885790758,0.28903322771179707,0.06196006376366481,103,0.15589371095952786,1.45,3.29,1.65,10030.0,15639.650000000001,4.6531770456146815e-07,True,True,True
22619,-1.0185349915447102,0.9572624579905255,-1.0640080816318727,0.287325038493059,-2.8947349329584267,0.8576649498690061,1.7522328392519486,0.44981471126906447,83,0.23328863933032098,3.57,7.62,3.75,4008.0,15620.090000000004,0.3070338421538641,False,False,True
21891,-1.6524957354593661,0.6057975404536639,-2.7278019884693836,0.006375786772425433,-2.8398370966714936,-0.4651543742472386,0.7976503219748473,0.12439642769073622,94,0.23638635171103659,1.25,2.57,1.25,12142.0,15547.749999999998,0.008785349463466331,True,True,True
22173,-1.6107670501976556,0.4451740760559858,-3.618285827576094,0.0002965607702202526,-2.4832922061182825,-0.7382418942770287,0.7193802771065477,0.2340925536741476,83,0.24663079741175867,2.55,5.91,2.95,5026.0,15411.9,0.0005229345667588177,True,True,True
84378,-2.319812282995795,0.6215932793371253,-3.732042092652082,0.00018993375308487404,-3.538112723528706,-1.101511842462884,0.9576431941251043,0.3112909753796961,104,0.21726240475852904,1.25,2.57,1.25,11637.0,15388.44,0.00034658772949175946,True,True,True
21094,-0.8060371109627136,0.45765930647622594,-1.7612164760044815,0.07820177044739962,-1.7030328688456953,0.090958646920268,0.4218191352185088,0.0407395757322595,104,0.21890416173942218,0.83,2.46,0.85,19633.0,15334.029999999999,0.0897748704587992,False,False,False
21844,-2.8815446817238075,0.7164246507719118,-4.022118276666062,5.767708068874095e-05,-4.28571119487344,-1.4773781685741747,0.5785370030615622,0.17236344484173127,101,0.18822449264557195,2.55,5.91,2.95,5374.0,15329.440000000002,0.00011627946213719433,True,True,True
22365,-2.5187387485704633,0.3177090479641441,-7.927815605851811,2.230341442887253e-15,-3.1414370401426943,-1.8960404569982323,0.7585157579160521,0.3002387212485743,98,0.28027611602207736,4.58,15.79,7.95,2329.0,15289.790000000003,2.1233301110315515e-14,True,True,True
22940,-3.2325530976425942,0.6380974905004446,-5.065923539532149,4.064250376073532e-07,-4.483201197648855,-1.9819049976363334,3.2663939937893023,0.5721853089273232,48,0.19737369815908337,3.75,8.47,4.25,3491.0,15282.81,1.2559199932620666e-06,True,True,True
21165,-2.4609055609726003,0.6595565188788862,-3.7311519036392,0.0001906062449998138,-3.7536125837438297,-1.168198538201371,0.37824793547365376,0.26354198453231226,100,0.3025415427056347,1.45,4.3,1.69,9360.0,15167.380000000001,0.00034747850273176884,True,True,True
82582,-4.835681541802974,1.0370566449111238,-4.662890465561207,3.11798729332997e-06,-6.86827521575672,-2.803087867849228,0.7957364406298498,0.3552854125720407,97,0.12214228551195587,1.895,4.21,2.1,7479.0,15110.98,8.095600616979332e-06,True,True,True
35970,-2.315232345164694,0.5703844333310922,-4.059073512303879,4.9267802990463864e-05,-3.4331652918359223,-1.1972993984934657,2.3328729541088493,0.570090182383441,75,0.4497154342135206,1.59,5.01,1.69,8375.0,15072.579999999998,0.00010072647357594835,True,True,True
22946,-1.7848402185101246,0.5261854924206582,-3.392036162569144,0.0006937528327625717,-2.816144832842088,-0.7535356041781611,2.3548227830541477,0.4360784431339716,44,0.3098074597025554,12.75,34.0,16.95,976.0,15060.570000000002,0.0011421171089584696,True,True,True
22606,-2.6792749059040926,0.3360969409801641,-7.97173249506671,1.5646520052446908e-15,-3.3380128055392984,-2.0205370062688868,-0.430335964677952,0.2002627459143531,79,0.22717426024938323,12.75,33.29,15.95,1069.0,14881.939999999999,1.512496938403201e-14,True,True,True
17003,-1.8127360202614633,0.43667123670275343,-4.151260417217292,3.3064927543662794e-05,-2.668595917283425,-0.9568761232395016,1.1347314293500363,0.173692672566524,98,0.3088709518565921,0.16,0.63,0.28,70369.0,14766.42,7.050609549751626e-05,True,True,True
22485,-1.1678444380600566,0.3132852210285782,-3.727735493636722,0.0001932079977339478,-1.7818721881647401,-0.5538166879553729,0.23377325508044486,0.10162661909890325,91,0.2842054743676743,10.95,25.49,12.75,1101.0,14677.84,0.0003515415788885054,True,True,True
21912,-1.0584933096610034,0.4296994782342772,-2.4633339421555,0.013765164221829086,-1.9006888111758395,-0.21629780814616728,0.9711717989609567,0.21379226542820096,104,0.26749613645642023,3.39,7.78,3.75,3734.0,14651.330000000002,0.01803150420997069,True,True,True
84050,-2.0613581256781477,0.5074809504089649,-4.0619418798222,4.866619491322026e-05,-3.056002511319876,-1.0667137400364193,0.4768835669782028,0.23834331756386862,96,0.4228929410590153,1.25,4.21,1.65,9853.0,14525.0,9.971280153415237e-05,True,True,True
22179,-1.6274815143072539,0.35174722085909976,-4.626849674412006,3.7126978594790713e-06,-2.3168933988531455,-0.9380696297613622,0.8834671028501604,0.3520085279330021,100,0.29643659081751333,5.79,13.57,6.75,2023.0,14418.610000000002,9.50874383847561e-06,True,True,True
21672,-2.0577919340358735,0.7744295736376927,-2.6571711671209832,0.007879942291108574,-3.575646006928461,-0.5399378611432861,0.46270472159048015,0.12477507616216765,101,0.17848053570050115,1.25,2.51,1.25,11120.0,14411.13,0.010740196108994694,True,True,True
20748,-2.9126398280366717,1.1211948534960747,-2.597799855176439,0.00938231627492987,-5.1101413605406405,-0.7151382955327028,-0.09410143573737478,0.281157174423462,66,0.30333138661399384,7.45,25.49,12.75,1600.0,14266.98,0.012659746727446533,True,True,True
21169,-2.495623889195536,0.7872277814582845,-3.170142045257304,0.0015236443386663263,-4.038561988483142,-0.9526857899079297,0.7567888181431326,0.2607846052870121,83,0.3364554909639211,1.45,4.3,1.69,8856.0,14262.610000000002,0.002375574506522767,True,True,True
84380,-0.7013128910256985,0.45626827504155476,-1.5370625778481448,0.1242779858750954,-1.5955822773953614,0.19295649534396442,0.4770099288179419,0.08454181068965771,104,0.22346610828842756,1.25,2.57,1.25,10405.0,14076.34,0.1395259102885973,False,False,False
21257,-0.5567916678255438,0.4249336029191151,-1.3103027484779253,0.19009343805002488,-1.3896462253678536,0.2760628897167662,0.6630429352847064,0.09160171919563442,102,0.29930808041221735,6.95,16.13,7.95,1549.0,13968.48,0.20748473116635605,False,False,False
22271,-1.7710456133898067,0.40176291025338434,-4.408185942980255,1.0424003555624708e-05,-2.558486447810438,-0.9836047789691754,1.465825719496834,0.3813566641574089,99,0.1557185425468507,2.75,6.04,2.95,4866.0,13921.73,2.4530894759491356e-05,True,True,True
21668,-1.7478100615141159,0.44705206199285397,-3.9096342688204717,9.243596512073179e-05,-2.624016002234477,-0.8716041207937546,0.4315660681769452,0.15367099859845945,97,0.25570101095924114,1.25,3.29,1.25,10357.0,13912.17,0.00018112452625008256,True,True,True
21888,-1.4234771992935538,0.5174029779962808,-2.7511963785098006,0.00593780354403897,-2.437568401660034,-0.40938599692707345,0.719790867949472,0.19397382280999498,104,0.2676473954291676,3.57,7.78,3.75,3520.0,13862.170000000002,0.008217885227983451,True,True,True
22444,-2.4061838094449373,0.2577637386002732,-9.334842140757138,1.0114185491676644e-20,-2.9113914536218695,-1.900976165268005,0.9502612450288238,0.35973805296494943,54,0.7962137170060519,1.25,9.96,1.25,10132.0,13856.599999999999,1.6435551423974546e-19,True,True,True
21259,-1.4723317190447127,0.46801167660895665,-3.1459294556766104,0.0016555993348559635,-2.3896177495424746,-0.5550456885469508,0.8113639838793361,0.1608786026238277,104,0.1657360740803228,4.95,12.46,5.95,2293.0,13843.920000000002,0.0025643424373077164,True,True,True
21669,-2.4047079026194704,0.5684991598732814,-4.229923405965069,2.3377089328003527e-05,-3.51894578121238,-1.2904700240265607,0.24415097559864685,0.23492475975018168,92,0.21212334808996078,1.25,2.51,1.25,10578.0,13839.180000000002,5.147875395243768e-05,True,True,True
22109,-1.2490352006610705,0.3908773222736448,-3.1954660183295256,0.0013960522175622807,-2.01514067469087,-0.4829297266312709,0.9591830923739553,0.2116411126826766,103,0.3270631125648939,3.39,7.62,3.75,3338.0,13750.109999999997,0.002187496616878553,True,True,True
21871,-0.7907312853203736,0.3989924310395068,-1.981820264761058,0.04749936055377703,-1.572742080261888,-0.008720490378859136,0.4112011533562021,0.05166263724789222,95,0.3047506871714222,1.06,3.43,1.25,11492.0,13654.890000000003,0.05710222872695772,False,False,False
21390,-3.069757474627288,0.8415851045794491,-3.6475900748757732,0.00026471152393785767,-4.719233969528384,-1.420280979726193,0.12885715148278054,0.22143861303135826,103,0.20358784700192276,1.155,2.57,1.25,10937.0,13552.969999999998,0.0004685269695989312,True,True,True
21539,-0.5451223424270387,0.575919809300051,-0.9465247307425624,0.3438810144987603,-1.6739044266383147,0.5836597417842374,0.4889119923164514,0.06675341893935993,99,0.20787159114721387,4.25,10.39,4.95,2723.0,13551.640000000001,0.3625367518625074,False,False,False
22207,-1.156235334957825,0.3861155442920147,-2.9945319530657835,0.0027486626423002336,-1.913007895641254,-0.399462774274396,1.1663510198467288,0.1917247394345657,100,0.3151181631416044,3.75,8.47,4.25,3103.0,13298.57,0.004073293302465362,True,True,True
22584,-3.048322968879772,0.7255784469437146,-4.201231419869118,2.6546705492506905e-05,-4.4704305928479595,-1.626215344911585,0.4837802755380129,0.2886784496074579,89,0.25110267858696206,2.55,5.06,2.55,5222.0,13287.78,5.771688564403174e-05,True,True,True
21673,-1.3657484734716623,0.24936311104910514,-5.476946721292373,4.327274373871448e-08,-1.8544911902007704,-0.8770057567425542,0.2577928192725809,0.13545065158108494,104,0.30119743448467395,1.25,3.62,1.25,10050.0,13272.39,1.5419493751885971e-07,True,True,True
22846,1.5627495623104755,0.2747814255969775,5.687245995304514,1.2910442201053982e-08,1.024187864519827,2.1013112601011237,0.6463767955630888,0.19661367095902504,56,0.11712745403869551,5.0,24.12,16.95,825.0,13264.82,5.080622870352141e-08,True,False,False
21098,-2.1050221795399455,0.8927988215078358,-2.357778850989971,0.018384641694963764,-3.8548757151351083,-0.355168643944783,2.319835964496775,0.35226992044485816,57,0.37195539839117175,1.06,3.29,1.25,8537.0,13263.93,0.02354283260530346,True,True,True
21704,-2.613844501670666,0.729759998089626,-3.5817864894118863,0.0003412526419157364,-4.044147815284352,-1.1835411880569806,1.4639328320749923,0.2864448207798316,98,0.24224026485439137,0.72,1.7,0.85,17175.0,13235.159999999998,0.000596164253949178,True,True,True
22838,-0.9297595302472237,0.5673716964356921,-1.638713274010851,0.1012729882437465,-2.041787621108573,0.18226856061412544,0.757237809385604,0.0729091425214955,50,0.23500740087204983,13.85,29.79,14.95,922.0,13220.86,0.11479229274772229,False,False,False
15044A,-2.029199620294222,0.49016784644692785,-4.1398056502548055,3.4760018358622686e-05,-2.98991094570976,-1.068488294878684,-0.7141019231699355,0.16863453692021768,81,0.28618305225430374,2.55,6.04,2.95,4964.0,13210.850000000004,7.378675068243668e-05,True,True,True
75049L,-2.342021356098322,0.7074810591980528,-3.310366158428412,0.0009317399952960202,-3.7286587518707552,-0.9553839603258885,-0.17479703625654563,0.21738756680910554,81,0.3430629096057011,0.85,2.51,1.25,13968.0,13153.8,0.0014972974348959915,True,True,True
22580,-2.1198441545065028,1.0631451618907184,-1.993936698857313,0.046158972728292266,-4.203570382150316,-0.036117926862689664,2.846862748588537,0.581041862605946,46,0.1830364854509663,4.13,11.63,5.95,2322.0,13141.080000000004,0.05559722913279931,False,False,True
20676,-1.0671784185715332,0.5831186121369349,-1.8301223736637058,0.06723164204520306,-2.2100698970749066,0.07571305993184008,0.07319834704601591,0.046702103814555085,104,0.1864860713670598,1.25,2.51,1.25,10475.0,13105.699999999999,0.07822941065136281,False,False,True
21935,-0.22731497889123797,0.3365689305380928,-0.6753890756577441,0.4994286042689555,-0.886977961061063,0.432348003278587,0.8676472875284296,0.12401408500392086,104,0.33835950098742085,1.45,4.21,1.65,7127.0,13103.21,0.5152834805949541,False,False,False
22088,-1.5342760835700369,1.1525244190107877,-1.331230868745416,0.18311305723879634,-3.7931824361341313,0.7246302689940576,-0.16698263257481735,0.05464776871316712,80,0.20583777496291772,2.55,5.91,2.95,4399.0,13076.88,0.2004460585918299,False,False,True
22464,-1.3988467915383633,0.34473365056819616,-4.057761083760634,4.954541489289975e-05,-2.074512330911044,-0.723181252165683,0.4160513733003048,0.21138417924924735,92,0.20665238313378884,0.79,3.36,1.65,7847.0,12985.310000000001,0.00010118429802071076,True,True,True
84988,-1.0745804959849556,0.31925811818132865,-3.3658674119435465,0.0007630337514485155,-1.7003149093923922,-0.44884608257751923,0.12152394875997494,0.15938334273176802,104,0.35202446327085135,1.45,3.75,1.45,8305.0,12913.240000000002,0.001247457607528579,True,True,True
21906,-0.8810604043769318,0.37825139673523495,-2.329298482389078,0.019843258723825773,-1.6224195190799637,-0.13970128967389994,0.37122279178142104,0.07281904321844301,94,0.30755521403061714,6.75,13.57,6.75,1786.0,12879.460000000001,0.02525627460797541,True,True,False
22947,-1.5094825582151943,0.36368419553689485,-4.150531083669433,3.317047151853907e-05,-2.2222904832139307,-0.7966746332164577,2.2521396532631703,0.6733092228668582,33,0.3994731524892495,7.95,34.0,16.95,1011.0,12704.150000000001,7.065123029654931e-05,True,True,True
22303,-1.1560317799933588,1.135232441670326,-1.0183216560411448,0.30852512004014665,-3.3810464797486657,1.068982919761948,0.32138023569453106,0.04337780430816718,99,0.143135450369561,2.1,5.06,2.55,5439.0,12701.630000000001,0.32838500919010527,False,False,True
22646,-1.5425411609039958,0.4014052233880074,-3.8428527359070777,0.00012161244617435537,-2.329280941950745,-0.7558013798572464,0.9117840879268451,0.3876355060688841,82,0.3720217793264928,0.39,3.785,1.45,8913.0,12654.710000000001,0.0002322588257737182,True,True,True
22616,-1.257726739296189,0.5259985280758226,-2.391122165107823,0.016796962784598066,-2.288664910245882,-0.2267885683464963,0.5142766312530989,0.10654540624775333,83,0.36637412618375037,0.29,0.85,0.29,39147.0,12460.16,0.02162723691869355,True,True,True
22623,-3.118926780079558,1.3641111669508257,-2.2864168666335614,0.02222988252303825,-5.792535538212081,-0.44531802194703474,1.4293847571418392,0.320092606799284,82,0.11969018859879467,4.95,8.37,4.95,2312.0,12432.28,0.028047743343994045,True,True,True
22144,-3.9198558545787723,0.956826788640249,-4.09672461214145,4.19036897163822e-05,-5.795201899756779,-2.0445098094007657,1.7952645732665382,0.6289847551911569,48,0.33500432422193194,1.85,4.3,2.1,5134.0,12382.470000000001,8.728006090097288e-05,True,True,True
21671,-1.5527134986441877,0.41531024697657953,-3.7386833335989165,0.00018498656541919716,-2.3667066251287183,-0.738720372159657,0.4810094687367078,0.2141773304104042,91,0.2604726052168194,1.25,3.29,1.25,9488.0,12339.320000000002,0.00033905928014551823,True,True,True
22631,-1.3045852419945696,0.34063809647689336,-3.829827771724482,0.00012823297636039863,-1.972223642851561,-0.6369468411375784,0.7288920661592476,0.139695340790842,76,0.2740937692331826,1.95,4.96,1.95,6272.0,12241.849999999999,0.0002436685085074107,True,True,True
15056P,-3.553726892247405,1.0424787188693563,-3.4089203241498103,0.0006522052539041243,-5.596947635880799,-1.5105061486140108,0.4600194887702409,0.08963204177712603,100,0.11383219968164904,4.95,9.335,5.95,2473.0,12228.92,0.0010755965910842296,True,True,True
22301,-0.9429123141900089,0.6180065242598684,-1.5257319739775423,0.12707662817492574,-2.15418284395013,0.2683582155701123,0.31049149169638524,0.08993757600079733,103,0.26014289095277554,2.325,5.17,2.55,5009.0,12124.78,0.14241346260983057,False,False,False
21670,-1.5475313154810866,0.21409377485684356,-7.228287307820429,4.89123108820661e-13,-1.967147403514727,-1.1279152274474462,0.09553471474250746,0.16469699830543993,100,0.21363419062770905,1.25,2.51,1.25,8845.0,12074.4,3.4531725098387485e-12,True,True,True
20969,-0.2241574224942744,0.5449790288152602,-0.41131384996882225,0.6808424152107447,-1.2922966913018006,0.8439818463132518,1.4194551780676419,0.24547576312443287,101,0.18171212394292233,3.29,7.78,3.75,3237.0,12066.52,0.694421180132453,False,False,False
21937,-2.8461801113331315,0.637050794249515,-4.46774438871253,7.90486799747899e-06,-4.094776724384817,-1.5975834982814459,-0.5990451512007012,0.22331215755561395,77,0.26723442359722405,2.55,6.04,2.95,4100.0,12038.82,1.9078970774965296e-05,True,True,True
84212,-1.5423152585308106,0.6157023212796117,-2.50496904953261,0.012246210906513327,-2.7490696334365587,-0.33556088362506253,-1.065981867958191,0.20557912370052522,90,0.7673268543006496,0.42,4.96,0.65,24794.0,11961.490000000002,0.01615402908241961,True,True,True
21787,-2.5285296804789583,0.7455654041011839,-3.3914257107023715,0.0006953000978076143,-3.9898110206363304,-1.0672483403215864,1.070264236107451,0.24161504042287252,86,0.24322965497258311,0.65,1.66,0.85,15135.0,11926.08,0.0011436655186451595,True,True,True
21242,-1.6530355490620896,0.7135414636887334,-2.316663618280198,0.0205220628919277,-3.0515511193680016,-0.2545199787561774,-0.1803128864466711,0.08986156536622891,103,0.21486838164382102,1.69,3.785,1.69,7085.0,11917.730000000001,0.026006898071575694,True,True,True
84987,-1.3673320144940924,0.37342634854214046,-3.661584191453463,0.00025066045904819826,-2.099234208514989,-0.6354298204731957,0.4859813114639776,0.12269947928015235,104,0.2374551810628196,1.45,3.75,1.45,8138.0,11864.150000000001,0.000445329844774603,True,True,True
22729,-2.823738480026031,0.22227645129528162,-12.703723060050365,5.638223241987523e-37,-3.2593923191761545,-2.3880846408759075,0.35170314353994486,0.5076614710388624,62,0.3206161302977213,3.75,8.29,3.75,2999.0,11864.000000000002,4.0877118504409544e-35,True,True,True
22243,-2.0954011663951784,1.1442194323177144,-1.8312931132018655,0.06705680501698073,-4.3380300441487645,0.14722771135840773,0.3834878333938947,0.02470276357572465,80,0.13910803709516492,1.45,3.36,1.65,7678.0,11860.25,0.07812242117244048,False,False,True
20975,-1.2939228851739653,0.834034205503953,-1.551402660268749,0.12080521810914553,-2.9285998898361916,0.34075411948826084,1.3911176231757796,0.3125389764476664,89,0.1620958333242209,0.65,1.3,0.65,18099.0,11848.710000000001,0.13586983062991606,False,False,True
21428,-2.2933324453944106,0.4313972804650833,-5.316056797859276,1.0604006208684813e-07,-3.1388555781344984,-1.4478093126543228,0.3378029850516743,0.26688034021683027,85,0.2684819620182239,3.75,8.29,4.25,2883.0,11762.93,3.621114439016462e-07,True,True,True
22791,-1.6792883872159456,1.1105590923331057,-1.512110790690148,0.13050568019818892,-3.8559442108923254,0.49736743646043413,1.0427312331001153,0.18719648508272635,53,0.2049223064375769,1.06,2.51,1.25,9458.0,11728.69,0.14599596864901254,False,False,True
21154,-0.8753263956215562,0.30646750196585476,-2.8561801496299637,0.004287717742847286,-1.4759916619065898,-0.27466112933652265,0.899943196554236,0.2482220649524538,104,0.3262194180496505,1.25,3.36,1.25,8095.0,11694.949999999999,0.00608152591818445,True,True,False
47567B,-2.437757465145511,0.42740604537876303,-5.703610165329304,1.1729616862521502e-08,-3.2754579208625785,-1.6000570094284434,0.9124795339404288,0.16144610168810458,90,0.20411697282344465,4.65,12.72,5.95,2166.0,11683.27,4.6646261151588676e-08,True,True,True
22151,-2.215641927860413,0.6231199353802019,-3.555723067194954,0.0003769409675194601,-3.436934559254535,-0.9943492964662914,0.3750824422282273,0.37035876706939674,104,0.5172883905224679,0.42,1.7,0.42,27562.0,11609.19,0.000651268307767353,True,True,True
21326,-0.9719609328884238,0.6220615439855282,-1.5624835553426137,0.11817411688911718,-2.1911791552674376,0.24725728949059,0.9047548557130809,0.1738325409915149,102,0.30900049347358927,0.55,1.66,0.65,17770.0,11593.86,0.13306942075029027,False,False,False
21260,-1.1080390326524447,0.5092397959787757,-2.175868895954522,0.029565065186398287,-2.10613069226537,-0.1099473730395194,0.41185859893947974,0.046959731476652,103,0.2247819358473116,3.0,6.91,3.25,3512.0,11564.429999999998,0.036616391508778434,True,True,True
22468,-1.305643397373594,0.48904646242204847,-2.669773728465947,0.00759023774735314,-2.26415685048753,-0.34712994425965804,1.3201887289524572,0.23425629449716268,86,0.2509253172240575,5.855,13.57,6.75,1736.0,11542.599999999999,0.010390412602585816,True,True,True
22637,-0.5640571531532741,0.5158714585881105,-1.0934063975879633,0.274215405854236,-1.5751466326381165,0.4470323263315683,1.2634978731386315,0.3315370772206432,79,0.19845081649599103,2.1,5.91,2.55,4478.0,11492.820000000002,0.2933575709621083,False,False,False
22663,-1.4552141421742457,0.4133120694702503,-3.520860506298354,0.00043014883674528633,-2.265290912711653,-0.6451373716368384,0.6860142061673422,0.1419820046347412,72,0.22020408965322022,1.95,4.13,2.08,5764.0,11465.29,0.0007337833097419591,True,True,True
22740,-3.38297066448785,0.9557619701501064,-3.539553539629266,0.0004008044610978598,-5.256229703775105,-1.509711625200595,1.4211336701549762,0.5238948853769518,43,0.2921739859227333,0.72,1.66,0.85,13345.0,11395.310000000001,0.0006868330992449689,True,True,True
21172,-2.2645771521146854,0.7128537587963788,-3.176776616761229,0.0014892169446727027,-3.6617448455995905,-0.8674094586297803,0.462771766310604,0.3954271837590635,97,0.4133589904259413,1.35,4.3,1.45,7685.0,11382.16,0.0023257447727490013,True,True,True
21429,-1.7551448480023732,0.6471384309117127,-2.712162906983688,0.0066845732033258545,-3.0235128656010923,-0.48677683040365416,0.9464704341305092,0.2374905954891673,87,0.23374210781286295,1.65,3.36,1.65,6359.0,11342.249999999998,0.009190678693121252,True,True,True
22834,-5.375725353956711,0.8323456297115485,-6.458525355409967,1.0572815076069137e-10,-7.007092810880658,-3.7443578970327644,1.6247150191480602,0.38869038202012585,48,0.20536259505586418,1.255,4.13,2.1,6900.0,11287.630000000001,5.505457574140973e-10,True,True,True
21922,-2.4562770174508417,0.5202314785530027,-4.7215078646967905,2.3410257719757185e-06,-3.4759119790387487,-1.436642055862935,-0.8469199648737582,0.2843276004062566,78,0.277838311049738,6.95,16.98,7.95,1443.0,11199.18,6.239049372396202e-06,True,True,True
22968,-2.7333440590422016,0.5541441718371796,-4.932550404672164,8.116282594372579e-07,-3.8194466780858485,-1.6472414399985547,1.008116476734211,0.22468792445634123,50,0.30440771693648677,8.5,20.38,9.95,1127.0,11184.82,2.3646356553929386e-06,True,True,True
47599A,-3.108757200249076,1.1276906233993722,-2.7567465187197078,0.0058379588221621655,-5.318990207815368,-0.8985241926827849,-0.5707327166051591,0.07376878155636113,90,0.1460973944222381,1.69,4.3,2.1,5967.0,11180.57,0.008091582632188002,True,True,True
21868,-2.908756371388092,0.4386045896493277,-6.631842073776965,3.3152318423517776e-11,-3.768405570554744,-2.0491071722214405,0.1600026431243113,0.542027027030356,94,0.42226290438954295,1.25,3.43,1.25,9075.0,11163.640000000003,1.8766402470970271e-10,True,True,True
21735,-0.9504841550989305,0.49459499632390624,-1.921742359230149,0.05463818439789644,-1.9198725348275072,0.01890422462964625,0.7533158965021035,0.0845109498313178,73,0.25953766322084953,10.025,26.04,12.75,853.0,11112.849999999999,0.06489790648395387,False,False,False
22620,-1.544724021203477,0.6106657219869291,-2.529573816878722,0.011420114882423772,-2.7416068428910076,-0.3478411995159465,1.060165390074671,0.23518518351078044,83,0.15898624290794944,1.25,2.46,1.25,8181.0,11073.45,0.015136375588765787,True,True,True
22768,0.8991816566713544,0.7667828236393195,1.1726679692740651,0.24092898100404292,-0.6036850616256397,2.4020483749683486,1.6395189647064277,0.41440057731357127,61,0.1437087825804097,8.335,20.38,9.95,1158.0,11064.72,0.25951493096721195,False,False,False
22130,-0.4778505504681899,0.3902691801569781,-1.224412725278445,0.2207965712533857,-1.242764087851841,0.28706298691546106,2.0300489453468775,0.37113454911566424,64,1.313677087207225,0.72,8.65,0.85,9737.0,10991.21,0.2385109093482132,False,False,False
21749,-2.827549979541069,0.4857305559771143,-5.82123143118526,5.841561468946961e-09,-3.7795643754468298,-1.8755355836353083,-0.516626934983551,0.2688533495158354,90,0.32468897095083316,1.85,4.3,2.1,5657.0,10980.98,2.44153954965965e-08,True,True,True
22694,-2.0535480902031065,0.5463331528688881,-3.7587835909638234,0.00017074143700955148,-3.124341393386343,-0.9827547870198701,1.8413356579210627,0.5014689584035985,67,0.2739889892434403,2.1,4.21,2.1,4893.0,10958.6,0.0003156026243295249,True,True,True
20828,-2.33524635802487,0.3884228323490512,-6.01212432313024,1.8310780574923804e-09,-3.0965411202020494,-1.5739515958476902,0.6370055444538989,0.2667329497097719,102,0.24106646325000589,2.55,5.17,2.55,4423.0,10940.480000000001,8.31706539367021e-09,True,True,True
22668,-1.4676740861377828,0.33039244285411906,-4.442214457023211,8.903775009591624e-06,-2.115231374896064,-0.8201167973795015,-0.23464695025546606,0.22572405669757023,74,0.3271455322243737,2.95,5.91,2.95,3587.0,10898.050000000001,2.1272010003903944e-05,True,True,True
37370,-0.027537739906029035,0.18161364523822154,-0.1516281437438687,0.8794802345607076,-0.38349394367397754,0.3284184638619195,0.2985612096704603,0.006200834705353819,85,1.492948687257028,1.06,16.48,1.25,7145.0,10821.289999999999,0.8855877361896014,False,False,False
21558,-1.2299107737438237,0.39171304746973235,-3.1398259049281703,0.0016904826396284957,-1.9976542390589276,-0.4621673084287198,0.23560347019152467,0.12200475577798497,88,0.281020854894249,2.1,5.17,2.55,4207.0,10810.66,0.0026097950660931325,True,True,True
21086,-0.11782185227632387,0.2670627848794706,-0.44117660320773866,0.6590851499397261,-0.6412552922510544,0.4056115876984066,0.12223075724318899,0.0036613195292116707,98,0.3788060429086818,0.65,1.66,0.65,16658.0,10781.81,0.6733742588815088,False,False,False
22274,-2.3087296502770833,0.7558670445620043,-3.0544123690627405,0.0022550188311796534,-3.790201834719344,-0.8272574658348228,1.2309315877948597,0.23497265410428392,103,0.16662250097148198,2.75,5.91,2.95,3773.0,10770.069999999998,0.0033951361795316664,True,True,True
21833,-1.6969197724070408,0.6997163477130737,-2.425153818333942,0.015301901819057651,-3.068338613318571,-0.32550093149551107,0.9558476060805626,0.17034051055318766,97,0.24921356945571738,1.49,3.43,1.69,6239.0,10681.67,0.019824113353212148,True,True,True
21624,-2.6312852920116225,0.4149272919840935,-6.3415575278969465,2.274537917549571e-10,-3.4445278405031807,-1.8180427435200643,0.48533765573284104,0.19143362181015466,91,0.22336755705002614,5.95,11.87,5.95,1771.0,10641.15,1.152554831876597e-09,True,True,True
21974,-1.617105154555649,0.19324710637932827,-8.368069177612439,5.857000731762017e-17,-1.9958625231757128,-1.2383477859355851,0.8187483909882868,0.4275411321124648,104,0.38890636927639866,1.45,3.75,1.45,7046.0,10622.150000000001,6.532808508503788e-16,True,True,True
22064,-1.4311126885827727,0.43491448243831454,-3.290561124935067,0.000999877759526881,-2.283529410516747,-0.5786959666487984,0.7128820680937604,0.20956180807235214,103,0.325644590284428,0.39,3.43,1.65,6606.0,10592.659999999998,0.0016040592142197198,True,True,True
22348,-1.6761034544110796,0.48039746358996877,-3.4889931389014905,0.00048484359347131223,-2.61766518131181,-0.7345417275103489,0.8480586656600041,0.22196599111706183,104,0.2604168750043613,0.85,1.7,0.85,12453.0,10583.119999999999,0.0008145545220083988,True,True,True
22349,-1.4912191971716413,0.7945625310330233,-1.8767801638379344,0.060548230240938694,-3.0485331414613563,0.0660947471180735,0.41975068327204457,0.048281692362013295,95,0.20005503562810528,3.105,7.62,3.75,2571.0,10551.67,0.07102265961678247,False,False,True
22595,-4.09022923735619,1.1004184861638926,-3.716976122070531,0.0002016214905442946,-6.2470098381595065,-1.9334486365528725,1.1140706601537982,0.46815916688741854,73,0.2002601194810518,0.85,1.66,0.85,12535.0,10544.32,0.000365438951611534,True,True,True
82001S,-0.9374275019680134,0.4154296517568894,-2.25652525765445,0.024037755323476077,-1.7516546575215335,-0.1232003464144934,0.2030135418663674,0.023189485941793708,84,0.2429707480929829,3.39,7.46,3.75,2926.0,10531.4,0.030167222892644743,True,True,False
22302,-3.01124674811299,1.689279402182246,-1.78256287516618,0.07465748765123643,-6.322173536215545,0.29968003998956494,0.21274728092391637,0.09669900578888846,90,0.13443697024101595,1.835,5.06,2.55,4926.0,10492.45,0.08602039377908353,False,False,True
21890,-0.8730989898337161,0.37023209471247565,-2.358247710836009,0.018361435964273285,-1.5987405613909906,-0.14745741827644165,0.9926033939286101,0.1772879703164595,101,0.25956752641277886,2.95,6.04,2.95,3489.0,10451.599999999999,0.02352910047087365,True,True,False
22418,-3.6533027003947884,1.0652525266740496,-3.4295179865014687,0.0006046543554827137,-5.7411592871162185,-1.565446113673358,1.4080986675316645,0.5218209710100733,83,0.2201821334287255,0.85,1.655,0.85,12314.0,10417.73,0.0010024392788785534,True,True,True
21982,-0.7154738120576015,0.42094354237797127,-1.6996906711427047,0.08918912500445005,-1.5405079946431353,0.1095603705279321,0.6203838404705366,0.04606919511005547,93,0.456677005790193,0.29,0.85,0.29,32086.0,10395.880000000001,0.10164540546154072,False,False,False
22174,-0.5892823360489514,0.43980521986129845,-1.3398711735044746,0.1802872313402477,-1.4512847271898164,0.27272005509191355,1.2722392885328302,0.15865592088772962,91,0.34366277719027666,1.45,4.13,1.65,5122.0,10374.330000000002,0.19781224160440453,False,False,False
22725,0.07556985222016832,0.30934063555741304,0.24429332436068749,0.8070036532708561,-0.5307266524270916,0.6818663568674282,0.8043758426557889,0.1689382231087584,63,0.23904796117229685,3.75,7.875,3.75,2518.0,10324.920000000002,0.815657847944002,False,False,False
22120,-1.7988776947764018,0.6353169519982836,-2.831464970544752,0.00463353086312835,-3.0440760394608,-0.5536793500920036,0.3272292101998348,0.1324343430857824,81,0.25210074290310963,9.225,20.38,9.95,1018.0,10314.189999999999,0.006537579099548609,True,True,True
22089,-2.7474249312119614,0.636441962327533,-4.316850700988271,1.582711315442897e-05,-3.994828255623924,-1.5000216067999987,-0.29513838614612753,0.1770842667728284,100,0.19586296228760805,2.75,5.91,2.95,3506.0,10303.35,3.6206442106915786e-05,True,True,True
20979,-1.5923182061543097,0.6879833286002079,-2.3144720808774384,0.020641840993107813,-2.940740752174703,-0.24389566013391684,0.5742376736309951,0.19356642390363188,103,0.26525132358004133,1.25,2.57,1.25,8156.0,10271.809999999998,0.026131544843524666,True,True,True
22380,-2.200584382029007,0.469508115248782,-4.686999671694633,2.772394116150832e-06,-3.120803378365901,-1.2803653856921136,0.25388830854062805,0.23840861418471804,98,0.26428748466458274,0.79,4.13,2.1,4964.0,10217.66,7.278499873181502e-06,True,True,True
21531,-1.3142588335623104,0.47943091145636685,-2.741289312301511,0.006119859494047038,-2.253926153092001,-0.3745915140326198,0.4651801954105832,0.10666010315745533,102,0.2070577971851448,2.325,5.17,2.55,4073.0,10174.119999999997,0.008450745041060187,True,True,True
20682,-1.9196794924333478,0.8223650317980468,-2.334339883392288,0.019577931918217353,-3.531485336902656,-0.3078736479640398,0.3909302054519961,0.1889939214555364,102,0.2270241045298262,3.25,6.77,3.25,3068.0,10171.31,0.024969148623707516,True,True,True
21892,-0.9213568346197751,0.4277292736405574,-2.154065413334412,0.03123504242697366,-1.759690806088745,-0.08302286315080509,1.3850979755656683,0.30972050464141343,102,0.2507361227275275,1.25,2.57,1.25,7826.0,10151.279999999999,0.038507557210494016,True,True,False
22970,-1.4665508694773823,1.1318498051168362,-1.2957115536420456,0.19507487938135848,-3.68493572341506,0.7518339844602955,0.07241914160226093,0.06338908987931346,50,0.20095929960564687,2.1,4.96,2.55,4334.0,10140.6,0.21267562037817278,False,False,True
21033,-1.6772077262226956,0.52685932866825,-3.183407097416682,0.001455528132194727,-2.7098330353314166,-0.6445824171139745,0.1597899215523162,0.19243136585320542,87,0.32793801267458367,1.25,5.91,2.95,4590.0,10132.110000000002,0.0022750170225431677,True,True,True
21781,-1.9607196003077303,0.37134047611402604,-5.280112797899413,1.2910438158043742e-07,-2.6885335594931776,-1.232905641122283,0.6763473783105227,0.24639476088929313,82,0.1617784578061723,12.75,30.39,14.95,655.0,10125.720000000001,4.3302804142192976e-07,True,True,True
84792,-2.154114855682355,0.43972660392466917,-4.898759448385303,9.64436294395898e-07,-3.015963162418816,-1.2922665489458942,0.4129891226811121,0.19485967730237008,103,0.2141985847614326,3.725,9.52,4.65,2297.0,10119.509999999998,2.7712841691101644e-06,True,True,True
22180,-1.3030709562922291,0.5869717678886033,-2.219989150380276,0.02641950411212953,-2.453514481295696,-0.15262743128876255,0.27515663000306484,0.07682728602344291,95,0.23356133511175362,9.95,21.23,9.95,975.0,10103.379999999997,0.03293701405513503,True,True,True
21756,-2.324124725882246,0.7083726626185126,-3.280935090424123,0.0010346355172125403,-3.7125096322472735,-0.9357398195172189,0.24354493922074216,0.12186700111319959,83,0.1280315568282315,5.95,11.87,5.95,1612.0,9944.65,0.0016555924872204062,True,True,True
22327,-1.4478032800252083,0.26250943685793676,-5.515242794142755,3.482987812534919e-08,-1.9623123218686558,-0.9332942381817608,0.5995813766184864,0.26615107683861616,99,0.30980669603008654,2.55,6.63,2.95,3065.0,9943.550000000001,1.267457920198518e-07,True,True,True
22645,-1.0969126552069994,0.21032162394273504,-5.215405979870426,1.8341507444057964e-07,-1.5091354633047374,-0.6846898471092616,1.1943828215293375,0.4167807159625938,82,0.4207272263892241,0.39,4.13,1.45,5560.0,9925.130000000001,5.971285238695901e-07,True,True,True
22131,-1.2927793780618577,0.4443892269519124,-2.9091150272230837,0.0036245347494691113,-2.1637662580052024,-0.42179249811851305,0.9286774585427046,0.20387728041335718,103,0.33132096736388866,1.95,4.21,1.95,5243.0,9914.889999999998,0.005215456490648301,True,True,True
84880,-4.613471695998312,0.9109926565000002,-5.064224901354417,4.10065317594526e-07,-6.398984492918781,-2.827958899077843,0.3378543157307242,0.42974721785291836,87,0.20176313115182973,4.95,12.13,5.95,1729.0,9894.990000000002,1.2630279798458848e-06,True,True,True
22300,-1.5480963825383083,0.39857446771872496,-3.8840831712050456,0.00010271674475780504,-2.329287984424232,-0.766904780652385,0.3214831359728477,0.18492042538918607,99,0.2638383824469125,2.325,5.06,2.55,4116.0,9891.399999999998,0.00020002176019469266,True,True,True
22466,-1.0511781632794346,1.0507216519134637,-1.000434474120848,0.31710029350357194,-3.1105547588062548,1.0081984322473856,1.3709206841080752,0.1889777764206505,84,0.2661808460530195,1.65,4.21,1.95,5312.0,9857.179999999998,0.33675157929815946,False,False,True
20829,-2.3371615670955417,0.6288897067267931,-3.716329814427808,0.00020213768581407563,-3.569762742528013,-1.1045603916630702,0.9855323304569582,0.20770867426837403,102,0.2013661553598934,2.1,4.21,2.1,4820.0,9825.02,0.0003660226107200121,True,True,True
20677,-1.426159312579749,0.3847918607655936,-3.7063136152158185,0.00021029786877796683,-2.1803375012244635,-0.6719811239350345,0.03540436100436639,0.16562839631831716,104,0.27743670842533674,1.155,2.57,1.25,7774.0,9798.060000000001,0.0003797044852935512,True,True,True
22745,-2.3785367737746115,0.610651609660705,-3.895079839544176,9.816638944862955e-05,-3.5753919358110045,-1.1816816117382183,1.5278368473862112,0.32601839575542424,63,0.16115711962718438,2.1,4.13,2.1,3976.0,9764.64,0.00019175507161727116,True,True,True
79000,-0.18112126755809416,0.22094574655134355,-0.8197544889872096,0.412356080389493,-0.6141669733360424,0.25192443821985405,0.37880991122996044,0.02351713185729154,87,0.7781032118186502,0.65,5.17,0.85,11973.0,9759.91,0.4308709598304847,False,False,False
22549,-1.7850058344149495,0.6072077651589578,-2.939695334672906,0.0032853511387064076,-2.975111185259562,-0.5949004835703371,1.3415692847781324,0.3000698395726854,89,0.2870216769626146,1.45,3.36,1.45,6521.0,9718.41,0.0047784621114672675,True,True,True
22665,-1.5655606734274388,0.3586213909314357,-4.365497187329677,1.2683393428994678e-05,-2.2684456837387117,-0.8626756631161656,0.8283334156173673,0.21999688106664228,72,0.32643898277298444,2.95,6.63,2.95,2955.0,9589.84,2.955277702553148e-05,True,True,True
22978,-3.4379480177393758,1.0996888761428472,-3.1262915287439843,0.001770259666918271,-5.593298609178684,-1.2825974263000672,0.1333195506604531,0.15135938526530246,43,0.1841095645450755,3.39,7.46,3.75,2464.0,9564.979999999998,0.0027195920718345074,True,True,True
82552,-1.6536219153948846,0.7590024537537062,-2.17867795712223,0.02935560038921447,-3.1412393889296766,-0.16600444186009233,-0.27129813904657696,0.07539717906909782,100,0.18064870610629186,1.25,2.51,1.45,6955.0,9527.16,0.03638087227723161,True,True,True
35961,-1.2599068626987346,0.4010409172380021,-3.1415918140617785,0.0016803211539905736,-2.0459326168121272,-0.47388110858534194,0.9653224004081582,0.18638544023204495,102,0.3056006729512619,0.85,1.7,0.85,11430.0,9514.779999999999,0.0025962339141575664,True,True,True
21716,-2.256933963433119,0.3897178262644898,-5.791200225727949,6.988520369420126e-09,-3.020766867044757,-1.4931010598214811,-0.0009428270751876133,0.29230893308788397,97,0.32062713293307005,2.1,5.17,2.55,3709.0,9397.07,2.8700132671801608e-08,True,True,True
20970,-1.2883893152960006,0.6767200336101973,-1.9038734651058604,0.05692666569395081,-2.614736208788722,0.037957578196720965,1.1285246426270215,0.24977358705325903,104,0.1502883773393951,3.39,7.78,3.75,2490.0,9387.29,0.06744611240295241,False,False,True
21385,-1.8280158637298896,0.4511422374226899,-4.051972331770749,5.078767228304915e-05,-2.71223840098318,-0.9437933264765992,0.22453591390911942,0.18393301724698297,98,0.2779211400054686,0.85,1.95,0.85,10832.0,9358.939999999999,0.00010316245932494359,True,True,True
22357,-1.7139420851028442,0.3545179242828222,-4.834571026472332,1.3343305792325367e-06,-2.4087844485710734,-1.019099721634615,0.3637575484840303,0.17414269449265996,97,0.3054196772821303,4.0,8.47,4.25,2073.0,9352.41,3.6934113683602522e-06,True,True,True
84692,-1.4854071344697946,0.2046263326862455,-7.259120148272296,3.8961628898351267e-13,-1.8864673768233469,-1.0843468921162422,0.5780207590998692,0.408717362208202,104,0.3796425515001097,0.42,1.63,0.42,19085.0,9336.68,2.8138954204364802e-12,True,True,True
21243,-1.9541477157907878,0.6719827948677511,-2.9080323643931565,0.0036371069416914746,-3.2712097919621472,-0.6370856396194284,-0.14252260073832795,0.13668460694175566,101,0.2451426056081457,1.57,3.43,1.69,5636.0,9287.7,0.005229554984811921,True,True,True
21658,-0.9779514220113765,0.3127896741160268,-3.126546375851951,0.001768726056467598,-1.5910079180148093,-0.3648949260079436,0.8547827981826595,0.267332853314324,80,0.33419133565575515,3.67,8.65,3.95,2225.0,9271.89,0.0027194523788266088,True,True,False
22219,-0.793504147921184,0.20475743932620125,-3.875337328559985,0.00010647709221010654,-1.1948213545671837,-0.3921869412751842,0.37814329381821465,0.1706019107666792,103,0.29658864552697095,0.85,1.66,0.85,9771.0,9270.48,0.0002069168235217019,True,True,False
22072,-1.3893462955050424,0.28637602244454924,-4.851475635583494,1.225462662314972e-06,-1.950632985532193,-0.8280596054778917,0.036600109691808824,0.11600107154053707,97,0.2313621246348338,1.25,7.78,3.75,2405.0,9231.009999999998,3.4222179532795885e-06,True,True,True
22741,-1.8144510809978618,0.4279628579651459,-4.239739611108107,2.2377921415659872e-05,-2.6532428693303785,-0.9756592926653452,1.2160690411945705,0.4333705728263135,61,0.303282346594367,0.785,1.66,0.85,10652.0,9173.030000000002,4.939388977578321e-05,True,True,True
22121,-2.756296782419974,0.6361154851409436,-4.333013182047067,1.4708229951088707e-05,-4.003060223304447,-1.5095333415355006,1.5684518261519937,0.3897738354583459,57,0.23648454188304063,5.45,11.87,5.95,1481.0,9167.609999999999,3.37698093274083e-05,True,True,True
22195,-1.5850038603912338,0.398176951318849,-3.980651956727668,6.872651416340953e-05,-2.365416344450136,-0.8045913763323314,1.0004705075506934,0.26609199763255376,102,0.3238931443976427,1.65,3.43,1.65,5127.0,9144.24,0.00013694448118184668,True,True,True
22244,-0.16039352995881517,0.5813499903647572,-0.2758983961764225,0.7826261057898182,-1.299818573486447,0.9790315135688165,0.8289335051427277,0.04898806959126767,84,0.3442872649874298,1.8,4.3,1.95,4760.0,9101.960000000001,0.7927190808241844,False,False,False
21933,-3.1096591988511744,0.3083057368066028,-10.086283930557652,6.3529139544771905e-24,-3.7139273392192007,-2.505391058483148,-0.12257242569299703,0.4674621302084021,97,0.3512875100018501,1.65,5.91,2.95,4116.0,9087.630000000001,1.3882534692336373e-22,True,True,True
21041,-1.0623544806825043,0.44191961053643086,-2.4039541476626236,0.016218807443797955,-1.928501001395876,-0.19620795996913243,-0.035075424644867306,0.0708914133795322,77,0.35023559508707347,2.95,6.63,2.95,2666.0,9049.290000000003,0.02094003563805421,True,True,True
84030E,-1.270154438603812,1.36961725392421,-0.9273791162929509,0.3537297296731139,-3.9545549288999133,1.4142460516922897,1.8179861425242407,0.2998196093245784,66,0.2979774397431854,1.5,8.47,4.25,2122.0,9042.15,0.372295109119944,False,False,True
22989,-2.8073813929843014,0.6307171536749407,-4.451094086512146,8.543389757317992e-06,-4.0435642986188,-1.571198487349803,-0.06047353339628859,0.1617129803156071,45,0.17696055628967067,2.95,6.63,3.25,2811.0,8999.269999999997,2.0515018716617092e-05,True,True,True
21715,-2.190798814152058,0.39764745286987463,-5.509399842349727,3.600591941781753e-08,-2.9701735003211005,-1.411424127983015,-0.1433817505942972,0.28252788795839556,99,0.3203491118832994,2.46,5.17,2.55,3553.0,8987.239999999998,1.3077294432097505e-07,True,True,True
21985,-0.6429472293511258,0.4292091062906607,-1.497981333405637,0.13413810034812926,-1.4841816195174449,0.19828716081519315,-0.20967013526574851,0.03727945277789957,104,0.35050105049087826,0.29,0.85,0.29,25523.0,8972.11,0.14970415580593466,False,False,False
22839,-1.6710044550748635,0.29310229564736034,-5.701096442742626,1.1903926097927739e-08,-2.245474398329701,-1.096534511820026,0.6282745540340651,0.22317190131936038,60,0.2925926415794587,13.85,29.79,14.95,579.0,8971.17,4.723979093598692e-08,True,True,True
22371,-1.473535439374178,0.3813953151911211,-3.8635383830967465,0.00011175632337244329,-2.2210565210210773,-0.7260143577272785,0.9152762858320782,0.34497810918473515,92,0.23298580349791306,3.95,9.535,4.25,1828.0,8936.800000000001,0.00021495986689495472,True,True,True
22141,-2.2200355217098107,0.7764795720568519,-2.859103576709762,0.004248400445634965,-3.741907517672314,-0.6981635257473071,2.464763573089314,0.5960763796685551,40,0.3475628804750452,2.1,4.3,2.1,3663.0,8895.21,0.006030297319293606,True,True,True
22215,-1.4803808069109472,0.3462570140550406,-4.275381427148874,1.9081033365413675e-05,-2.159032083853206,-0.8017295299686883,0.17077020026165357,0.11514342656793852,95,0.22164458030642378,2.95,16.98,8.5,1085.0,8809.93,4.27771993982116e-05,True,True,True
21042,-1.361286484077242,0.44727835214109724,-3.0434884173598777,0.0023385244322124657,-2.2379359453382164,-0.48463702281626775,0.28169283214516005,0.11060321696092357,94,0.27313772433826206,5.95,13.0,5.95,1473.0,8717.309999999998,0.003515246056395931,True,True,True
20974,-1.432869668719113,0.44705066213542594,-3.20516171897549,0.0013498661468800326,-2.309072865769332,-0.556666471668894,0.30015166164961793,0.05412261862401002,101,0.17026127596860466,0.65,1.28,0.65,13219.0,8686.54,0.0021204147390573845,True,True,True
21980,-1.9593132972308847,0.35523322147800646,-5.515568867908351,3.476535703027105e-08,-2.655557617439918,-1.2630689770218515,0.5278089162155952,0.223789600182855,102,0.37486369744822395,0.29,0.85,0.29,31337.0,8650.14,1.267457920198518e-07,True,True,True
22212,-0.7590766448090936,0.2504663409019552,-3.0306533088461314,0.0024402526707713547,-1.2499816523164573,-0.26817163730173005,0.39581559150016304,0.10888160950090953,104,0.2853148689551718,2.1,4.3,2.1,4024.0,8642.3,0.0036535951424972227,True,True,False
84032A,-1.8760890703930728,1.014202005178403,-1.8498179463400486,0.06433979335852891,-3.8638884735910484,0.11171033280490272,1.6887160717158647,0.2504227206913021,90,0.15591509162777434,2.51,5.91,3.205,3234.0,8624.1,0.07523604868537655,False,False,True
21381,-1.099554215807727,0.6084909136749903,-1.8070182990358101,0.07075942607275654,-2.292174491530579,0.09306605991512518,0.5232445487180111,0.08381059791438172,104,0.27969315148525986,1.69,3.71,1.69,5104.0,8568.0,0.08192967945156393,False,False,True
21135,-0.9324337361341907,0.18920123020895613,-4.928264658239271,8.296318743178781e-07,-1.3032613331744165,-0.561606139093965,0.6455683886146169,0.20141551419063974,103,1.3209457757787488,1.04,24.96,1.69,5985.0,8567.240000000002,2.4133581529154324e-06,True,True,False
22110,-1.7754939851211682,0.3125922047337753,-5.679904867216056,1.3476967905864908e-08,-2.388163448247339,-1.1628245219949975,1.151121260787867,0.3562521907500068,89,0.4556930566557134,2.55,7.78,3.45,2609.0,8563.759999999998,5.270556950737624e-08,True,True,True
22283,-1.7372308264626832,0.4663585000567235,-3.725097379486774,0.00019523983869316948,-2.651276690457982,-0.8231849624673844,0.14628619905997048,0.18779821861015566,98,0.2820990150403796,7.95,16.48,7.95,1032.0,8533.09,0.0003548959459369571,True,True,True
21186,-1.6649985979585926,0.9264242404982913,-1.7972312523504868,0.072298915019939,-3.480756743740117,0.15075954782293177,0.7308834264770309,0.19712266282601643,52,0.31680820185624825,1.55,3.43,1.65,5272.0,8532.17,0.08350701888026042,False,False,True
21932,-3.1462661068964657,0.2868801354054109,-10.967180081849346,5.495978832448705e-28,-3.708540840171045,-2.5839913736218865,-0.592924537246847,0.49235051748985104,94,0.33005422046359567,1.65,6.04,2.95,3871.0,8498.61,1.6983475572402964e-26,True,True,True
72807C,-1.1606074766928205,0.3420885262441394,-3.3927109144389314,0.0006920463152402419,-1.8310886676557188,-0.49012628572992223,1.233964274324005,0.27892397557467197,88,0.30089688198894643,3.81,8.65,4.25,1983.0,8489.17,0.0011403035876117623,True,True,True
48189,-2.7511512665686197,0.24956745283911586,-11.023678108948584,2.938032114817046e-28,-3.240294485846685,-2.2620080472905544,-0.2223423802223547,0.6521266376055216,62,0.41787269175973996,6.35,16.98,7.49,1321.0,8470.279999999999,9.386763621068021e-27,True,True,True
22073,-2.4413150642460106,0.3864065929440177,-6.317995367640393,2.649779554597298e-10,-3.198658069805114,-1.6839720586869071,0.06035233148947794,0.35934645956048084,71,0.28149423256989436,3.39,7.78,3.75,2124.0,8457.889999999998,1.3194958788368018e-09,True,True,True
22079,-3.0309878881579015,0.5725678801117992,-5.293674328301604,1.198828504535058e-07,-4.153200311881475,-1.9087754644343278,0.7916614059936213,0.500655263579232,104,0.23200811535642377,1.65,3.36,1.65,5028.0,8457.84,4.053491089324151e-07,True,True,True
22354,-1.507431047715317,0.40168960790828806,-3.7527260303420316,0.00017492199214928596,-2.294728212179577,-0.7201338832510568,-1.094369695853712,0.2099134440980719,89,0.27297548606782696,3.39,7.62,3.75,2228.0,8454.559999999998,0.00032263009315205873,True,True,True
22078,-1.9758618670862405,0.46215394947037197,-4.27533264478336,1.90852120392021e-05,-2.8816669633611136,-1.0700567708113673,0.8657106681248921,0.2597778589423959,88,0.23325062293866616,2.1,4.71,2.1,3984.0,8449.94,4.27771993982116e-05,True,True,True
22751,-3.6675375811791544,0.44805054640978254,-8.185544266304412,2.710757216627379e-16,-4.54570051539582,-2.7893746469624885,1.4838221410683965,0.35172918950035537,65,0.14589176708976398,3.39,7.46,3.75,2264.0,8445.97,2.807569974364071e-15,True,True,True
22329,-2.578050392307304,0.40160009445779166,-6.419446678138813,1.3677055107554845e-10,-3.3651721136324597,-1.7909286709821486,-0.12124715845868128,0.25353950433874506,98,0.2927594426350743,1.55,3.36,1.65,5159.0,8430.45,7.082760680698045e-10,True,True,True
22358,-2.4238991546731663,0.33374224760443255,-7.262787891169501,3.7919231260314827e-13,-3.0780219400973032,-1.7697763692490294,0.6812792467915549,0.4877735349144411,100,0.3286902431037188,2.46,5.91,2.95,2651.0,8393.609999999999,2.749144266372825e-12,True,True,True
22628,-2.5482899211779158,0.5568053105134546,-4.5766264672081265,4.7253409204549055e-06,-3.639608276184928,-1.4569715661709033,0.2420005238523968,0.2146984115627505,73,0.2645144054246094,4.13,10.17,4.95,1744.0,8367.8,1.1813352301137263e-05,True,True,True
22689,-2.364367685308359,0.49407282366567895,-4.785463947938656,1.705928071273749e-06,-3.3327326254330987,-1.3960027451836194,2.282863934609006,0.45304814164311735,47,0.36669687579601357,6.35,16.98,7.95,1092.0,8366.720000000001,4.626869660936715e-06,True,True,True
21411,-2.0992719423960207,0.32116710435745915,-6.536385308190001,6.302342603801354e-11,-2.728747899955658,-1.4697959848363835,0.41782562745651036,0.2985593088559143,100,0.26706118090180486,1.95,8.65,4.25,2090.0,8352.94,3.394261659475872e-10,True,True,True
21244,-3.6027991496354312,0.36572969660985416,-9.850988812316091,6.78728987833573e-23,-4.319616183067506,-2.8859821162033565,-0.6154523730210204,0.4091002561813579,98,0.2619261752471481,1.69,3.36,1.69,5045.0,8279.070000000002,1.346741202175037e-21,True,True,True
21934,-0.870875768094478,0.26977762807458994,-3.2281244901956523,0.0012460473444301787,-1.399630202955316,-0.3421213332336399,0.5168859299293254,0.17066959022211636,104,0.3384075773202212,1.45,3.43,1.65,4597.0,8275.220000000001,0.00196881747212983,True,True,False
21874,-0.7087873519814575,0.378736743846887,-1.8714512481207817,0.061282561215908506,-1.4510977295433278,0.03352302558041298,0.7706363159142569,0.09236496159313101,104,0.3692002222844906,1.06,3.36,1.25,6332.0,8209.17,0.07179467240024086,False,False,False
85067,-1.938373916273824,0.6702203579275352,-2.8921441930944787,0.0038262229722676342,-3.2519816795173373,-0.624766153030311,0.27797797786891815,0.10907320815792698,51,0.17586612613325087,16.95,39.09,18.95,496.0,8201.99,0.005476559623781902,True,True,True
22055,-1.106088887095625,0.2446982148424292,-4.520216413543838,6.177644738011489e-06,-1.5856885752680308,-0.6264891989232192,-0.07014733750025598,0.09095177758267936,99,0.32941988413675544,0.39,3.43,1.65,4925.0,8179.1900000000005,1.5123195235261893e-05,True,True,True
21238,-2.4513634195546765,0.4882812149274076,-5.0203926438561,5.156596467867283e-07,-3.408377015139857,-1.4943498239694961,0.2451084180860632,0.2875022139351874,104,0.23493446029800713,0.85,2.085,0.85,9477.0,8164.0,1.5552294947087724e-06,True,True,True
85049A,-3.6444303927770627,0.4341631321188486,-8.39414985558799,4.692773033134621e-17,-4.495374495145111,-2.7934862904090143,2.6409519057350854,0.4628919849440474,85,0.23326045164964274,1.06,2.51,1.25,6151.0,8114.78,5.361137677247734e-16,True,True,True
84508A,-5.633614018012997,3.050104449845369,-1.847023310397978,0.06474376195680709,-11.611708888795276,0.34448085276928175,-0.7115210846160018,0.12584154934481073,65,0.12924429928608686,2.1,3.805,2.55,3809.0,8091.479999999999,0.07566149490922588,False,False,True
82551,-1.3809122431297038,0.564462859822764,-2.446418252501674,0.014428351286198914,-2.4872391189928025,-0.2745853672666052,-0.08457611935785458,0.07065793617851479,102,0.21287742082237807,1.25,2.51,1.45,5641.0,8081.140000000001,0.018847846274764348,True,True,True
20675,-2.780952672112565,0.47536304639045224,-5.850165874754081,4.910830212494913e-09,-3.712647122619094,-1.8492582216060356,-0.18135019848392187,0.36457649991312824,104,0.24769066510867796,1.25,2.51,1.25,6465.0,8067.83,2.1182871740395675e-08,True,True,True
22738,-2.6992382323591326,0.3466381103471105,-7.786905570354673,6.867023488468122e-15,-3.37863644430849,-2.019840020409775,2.6451965898223064,0.7042858680217587,45,0.353926072120148,1.45,4.13,1.65,4447.0,8012.57,6.1347579505983e-14,True,True,True
22504,-2.22809546595804,0.2498033062004928,-8.919399426081913,4.688236084089986e-19,-2.717700949330037,-1.7384899825860427,0.075410571531344,0.4044767296305901,47,0.30796808513925006,12.75,58.29,29.95,366.0,7985.030000000001,6.403858709064944e-18,True,True,True
22592,-1.2491834194088987,0.7622055504587676,-1.6389062224186397,0.10123279162864755,-2.74307884712461,0.2447120083068126,1.9695492443131801,0.3514828906857298,42,0.3160010374274538,3.39,7.62,3.75,1980.0,7956.84,0.11479229274772229,False,False,True
21115,-1.626215872484218,0.2856782812026804,-5.6924728951672225,1.2521248063321615e-08,-2.1861350148067773,-1.0662967301616586,0.7521310137588111,0.24363682342568005,100,0.28793933457707166,1.95,14.43,6.75,1247.0,7955.840000000001,4.95851945364732e-08,True,True,True
21769,-6.41286418499722,1.0243094198082967,-6.260670907622241,3.833247045418665e-10,-8.4204737568466,-4.405254613147839,0.7558200001806302,0.6862175492643194,34,0.08734760359153773,52.77,79.95,79.95,123.0,7954.87,1.8719354094855396e-09,True,True,True
21116,-0.9666898871019212,0.2528850928890447,-3.8226448070075203,0.00013202789658501904,-1.462335561391515,-0.4710442128123274,0.5607685413832375,0.1361932735280963,103,0.23326603859775183,4.6,8.65,6.71,1355.0,7900.009999999999,0.0002496214494109939,True,True,False
22350,-0.8885890077089191,0.666796463355578,-1.332624056278276,0.1826552066446938,-2.1954860609045337,0.41830804548669565,0.2093075622110449,0.03619611849288085,92,0.27326702532855685,2.1,5.17,2.55,2840.0,7883.440000000001,0.20006104853297377,False,False,False
21875,-2.1910255469792332,0.3813918606982887,-5.744814645408778,9.202173161925857e-09,-2.9385398579445963,-1.4435112360138702,1.16553846033738,0.2532944186612339,99,0.40096463183943426,1.05,3.43,1.25,6818.0,7882.08,3.7064308568868035e-08,True,True,True
21976,-1.2856363971338125,0.42344633978359625,-3.036125894465971,0.0023963928297280456,-2.1155759724949714,-0.4556968217726536,0.11710051632632584,0.09512696324098313,104,0.2889328686170719,0.55,1.665,0.55,14570.0,7792.37,0.0035936360254871648,True,True,True
84568,-2.9849668984080946,0.4009054339638571,-7.44556358065528,9.653142606000425e-14,-3.7707271101836555,-2.1992066866325337,1.2853424069129518,0.23869431204860214,92,0.20776583923753883,0.21,0.43,0.42,37066.0,7788.670000000001,7.519080087731736e-13,True,True,True
22588,-2.6592180284794336,0.598985739980564,-4.43953478519492,9.015354297589926e-06,-3.8332085060944125,-1.4852275508644546,1.5278161797051002,0.43259282444150426,55,0.304063145881727,2.1,5.79,2.89,2849.0,7776.839999999999,2.1511320064502545e-05,True,True,True
20717,-1.1358391648299042,0.3397643820339488,-3.343020118914091,0.0008287189132871222,-1.8017651168459516,-0.4699132128138568,0.11017304738176475,0.13570311468123153,104,0.2942875794647672,0.83,2.51,1.25,6296.0,7767.4800000000005,0.0013443503885939977,True,True,True
23007,1.2500614440751132,0.7288776930369624,1.7150496661059442,0.0863361214502401,-0.17851258341197407,2.6786354715622007,0.9282458722963204,0.09033533687528073,38,0.11072175741636921,10.79,16.95,16.95,498.0,7741.75,0.09863247814163793,False,False,False
21110,-1.736743322334676,0.4556391381917356,-3.811664048938316,0.00013803439898487518,-2.6297796231373463,-0.8437070215320055,0.24267477482697675,0.2115734916988089,88,0.32884896570704664,1.95,13.57,6.75,1640.0,7729.369999999999,0.0002589003403845669,True,True,True
84032B,-1.1417390298175851,0.4713729294798151,-2.422156552514703,0.015428702194308091,-2.0656129948851616,-0.21786506475000889,1.7118272798489935,0.2545609807002748,91,0.24813401944110497,0.79,6.04,2.95,3285.0,7699.250000000001,0.019947259009787895,True,True,True
22165,-1.7034572928731426,0.31713707719640294,-5.371359627616773,7.814518652281824e-08,-2.3250345423403913,-1.081880043405894,0.3703490188450943,0.36292652978474793,88,0.36110721134248,3.95,26.04,11.77,976.0,7673.7300000000005,2.6978695347163434e-07,True,True,True
22550,-1.1146090785297136,0.48003473039194,-2.3219342434237094,0.020236476606716174,-2.0554598614263107,-0.1737582956331163,0.7343710542611058,0.10325989600160934,87,0.22956657358580795,3.57,7.62,3.75,2058.0,7669.64,0.02570468895125336,True,True,True
22813,-1.567484058378338,0.6861450306777626,-2.2844792110933216,0.022343382992790737,-2.912303606677883,-0.22266451007879295,1.596787931694378,0.33630554067683904,64,0.34129372336895314,1.8,4.21,1.95,3945.0,7663.83,0.028153259987573887,True,True,True
84968C,-1.5641182030201914,0.4409308718001236,-3.5473093472330395,0.0003891873207569599,-2.4283268314202813,-0.6999095746201015,0.07071062035155215,0.23372669695646442,76,0.3500326661651609,5.91,25.49,12.75,637.0,7629.250000000001,0.0006693595799515231,True,True,True
21870,-2.568281056991481,1.3676194493442082,-1.877920834061702,0.06039199581330884,-5.2487659222626295,0.1122038082796677,0.49698828055246813,0.2853542092878386,77,0.21986536197005027,1.06,3.29,1.25,6083.0,7627.49,0.07092767109538141,False,False,True
22669,-1.1030173985188754,0.552734630744803,-1.9955641227555676,0.045981387973190506,-2.186357367786735,-0.019677429251015788,0.6853909935052626,0.1540679293661793,73,0.289704101786752,2.95,5.91,2.95,2386.0,7613.94,0.05545420110650295,False,False,True
22493,-3.9394601364307986,0.5055099971625624,-7.793041005208732,6.541538058893967e-15,-4.930241524694366,-2.9486787481672314,0.7010820232157171,0.3135430563405158,83,0.15470844614189205,1.55,3.29,1.65,4738.0,7608.119999999999,5.871809162388156e-14,True,True,True
22360,-1.681168996198717,0.419106599342068,-4.011315972685446,6.0381233637851406e-05,-2.502602836592229,-0.8597351558052054,0.5258390629378029,0.19028992961610225,88,0.3080071546036724,2.75,5.91,2.95,2503.0,7535.5,0.00012134181813150308,True,True,True
22224,-1.3351897466330527,0.3308286465053147,-4.035895200543352,5.439449395075963e-05,-1.9836019788376023,-0.6867775144285031,0.15532249167026124,0.10502212667001198,101,0.25806272365580185,2.55,5.91,2.95,2373.0,7527.9400000000005,0.00011025120548084076,True,True,True
85065,-3.125050731052621,0.8916133509404802,-3.5049393638579938,0.000456711289277254,-4.872580787031034,-1.3775206750742077,0.05320850004324984,0.20362403902490311,46,0.112711543576198,9.95,19.395,12.75,620.0,7524.44,0.0007748881910779693,True,True,True
85064,-2.1376772446778265,1.2002941737004391,-1.7809611106313117,0.0749188040986247,-4.490210595983951,0.2148561066282979,1.283518076606224,0.2852773725288327,41,0.18456973293557813,5.05,11.02,5.45,1595.0,7493.06,0.08626875120702966,False,False,True
22199,-1.2163963764009216,0.3592356003852566,-3.3860685719801054,0.0007090166443458447,-1.9204852151206477,-0.5123075376811955,-0.027758432537455746,0.10766069020136293,97,0.3213334814674847,1.25,8.65,4.25,1827.0,7480.3499999999985,0.0011631822233175956,True,True,True
21746,-3.5741255136982746,0.3854650417769047,-9.27224294380207,1.822719310803469e-20,-4.329623112880235,-2.818627914516314,-0.9447371757363888,0.5388369844843505,98,0.30143030276574867,1.25,2.57,1.25,5965.0,7468.34,2.8162507384135564e-19,True,True,True
82580,-0.2497688984163866,0.26659135317301363,-0.9368979730347461,0.3488110419570356,-0.7722783492252911,0.27274055239251793,0.41293056569065517,0.055829653639331345,104,0.3708685679309957,0.55,1.28,0.55,13249.0,7458.52,0.36752868311291903,False,False,False
11001,-2.321603968883809,0.45847663413345036,-5.063734541830657,4.111220248460993e-07,-3.220201659538519,-1.4230062782290989,1.0268674694418134,0.22778934436033305,87,0.2959066889190485,0.83,3.36,1.69,4829.0,7408.649999999999,1.2642169932053786e-06,True,True,True
72351A,-3.8599526805807445,0.5894077764979823,-6.548866225544207,5.797553411685091e-11,-5.015170694724624,-2.7047346664368654,0.11299159461120271,0.10621127263816255,101,0.12879311104788232,1.69,4.13,2.1,3728.0,7368.679999999999,3.149391406635849e-10,True,True,True
22945,-1.0377172249369369,0.28086104558106656,-3.6947709241416127,0.00022008511643538067,-1.5881947589360899,-0.48723969093778385,2.2341493534740584,0.5947462961295429,45,1.461506074923082,0.85,11.02,0.85,7641.0,7365.7,0.0003955203503740722,True,True,True
22739,-3.0452509312931624,0.5479530093505919,-5.557503799280618,2.7366002950020013e-08,-4.119219094840662,-1.9712827677456628,1.7092505453909843,0.7514488920083903,49,0.3979465062411607,1.65,4.21,1.65,4021.0,7357.4400000000005,1.021483476451242e-07,True,True,True
21876,-0.5789390976356696,0.2134292552103036,-2.7125573626971105,0.006676622448967577,-0.9972527510950724,-0.1606254441762669,0.8049148550164417,0.10500420828321633,103,0.44255643987650817,0.835,3.43,1.25,5663.0,7351.249999999999,0.00918644767613422,True,True,False
22282,-0.44726322451579115,0.31803102683164797,-1.4063509116440804,0.1596199491221103,-1.0705925830721128,0.1760661340405304,0.45054311800242064,0.06127753553200277,89,0.3144458452511893,10.95,26.04,12.75,561.0,7304.6900000000005,0.176321958099083,False,False,False
21561,-3.1950886633486597,0.4170504630830458,-7.661156013900488,1.842668459465107e-14,-4.012492550727181,-2.3776847759701387,0.5637729030189095,0.3472716943874864,102,0.22936370918296478,2.1,5.17,2.55,2969.0,7303.909999999999,1.5860411169368614e-13,True,True,True
22465,-1.7351299734307222,0.6885003794068487,-2.5201583402547394,0.011730205387746558,-3.0845659204103084,-0.38569402645113593,1.0752753120848382,0.33098071418047326,87,0.27289837496317776,0.79,3.36,1.65,4517.0,7284.24,0.01549505056475281,True,True,True
22029,-2.2138031501395194,0.43052122594711273,-5.142146348926994,2.7161739956612467e-07,-3.0576092475758916,-1.3699970527031475,0.4975903620233132,0.3953892324398335,103,0.2162257768878624,0.36,0.85,0.42,17602.0,7280.760000000001,8.677945731900763e-07,True,True,True
22414,-1.3545905264655667,0.3838657086113388,-3.528813582661221,0.0004174270660017782,-2.1069534902437375,-0.6022275626873957,0.10896036601488221,0.10402987156769905,89,0.30774481171950013,3.95,15.79,7.95,1187.0,7203.570000000001,0.0007133726377274268,True,True,True
85174,-1.7648060265408088,0.32320479551149234,-5.460333667846388,4.7524055307569016e-08,-2.3982757853739667,-1.1313362677076508,0.7070003081708305,0.3103568113929137,91,0.3854062614906043,3.08,11.02,4.95,1459.0,7193.459999999999,1.6902423444295773e-07,True,True,True
22626,-1.9537885875943473,0.504296478357311,-3.8742856066704925,0.00010693793944582243,-2.9421915227050595,-0.965385652483635,0.20734114395423306,0.13814784703017113,82,0.2023035947198172,8.075,16.98,8.5,837.0,7167.48,0.00020740017599284457,True,True,True
22577,-2.0045655559101823,0.3428418925789148,-5.8469096084830845,5.007894500341611e-09,-2.676523317756405,-1.3326077940639593,2.5054566295775795,0.6698992995439917,64,0.3999603885705254,0.29,1.66,0.85,14023.0,7154.530000000001,2.1503146089166144e-08,True,True,True
21981,-1.8535801670570664,0.32217202485595936,-5.7533864645317605,8.747320297986171e-09,-2.48502573260109,-1.222134601513043,0.7333737129742414,0.24515873713789915,93,0.452394246512053,0.255,0.85,0.29,26204.0,7129.46,3.538347373756209e-08,True,True,True
22644,-1.600666189364329,0.20726506382871995,-7.722797850230515,1.1380358535235521e-14,-2.0068982497220156,-1.1944341290066425,0.6703060810264817,0.39075738893171863,81,0.43867467287296913,0.39,4.21,1.45,4857.0,7069.88,9.977663180892539e-14,True,True,True
22781,-1.0169240395178765,0.3770891972096552,-2.696773195951524,0.007001493935492703,-1.7560052850079226,-0.2778427940278304,0.9419722029065143,0.18798868422298376,60,0.2836424687649724,6.75,15.28,7.65,867.0,7060.58,0.009612393349165147,True,True,True
21625,-1.0146409911554022,0.2665891716790485,-3.806009766881855,0.0001412268078699055,-1.5371461663147026,-0.4921358159961018,0.08613258132652671,0.10088288234061338,99,0.3278613467417977,4.13,14.74,6.95,984.0,7037.620000000001,0.00026436199884287176,True,True,True
21700,-0.2947591822296427,0.1420650738521888,-2.074818069192179,0.0380033992802145,-0.5732016104409557,-0.01631675401832966,-0.20595758656305774,0.05779596374934026,96,1.0933810009148581,0.72,8.65,0.85,6335.0,7028.51,0.04642670618483754,True,True,False
21984,-2.0129281519299504,0.41457347748765033,-4.855419512431094,1.2013214277138643e-06,-2.825477236751272,-1.200379067108629,1.3321628987774023,0.2869742690322604,101,0.4611310168024397,0.27,0.85,0.29,25351.0,7023.95,3.359778770386698e-06,True,True,True
37450,-2.8607424130097625,0.410803927628805,-6.963765973519799,3.3129478675382775e-12,-3.6659033158698193,-2.0555815101497057,0.1741266224855754,0.3385512554158423,97,0.2864565280476029,2.55,5.91,2.95,2444.0,7023.1399999999985,2.0816355767698845e-11,True,True,True
22567,-2.0052082346910383,0.8275303449002664,-2.4231235108758518,0.01538769399990737,-3.62713790680957,-0.3832785625725068,0.12859207771883563,0.0618288019585711,80,0.19021605436130393,1.06,2.92,1.25,5561.0,6955.83,0.019907895119989975,True,True,True
10002,-3.076146057616384,1.060300627627585,-2.901201770010491,0.0037173443565285693,-5.154297100551666,-0.9979950146811025,1.0558278446660203,0.23313588244200711,70,0.23670005106222197,0.72,1.66,0.85,8671.0,6942.260000000001,0.005340849170774659,True,True,True
22498,-2.411328540817174,0.43927714794674744,-5.489310227240625,4.0350638167808045e-08,-3.2722959300242715,-1.550361151610076,-0.385147935370367,0.24486760576515665,91,0.2598144738142666,4.96,12.72,5.95,1135.0,6933.740000000001,1.4543203240213798e-07,True,True,True
22563,-4.0542543205380595,0.4079748159767728,-9.937511242774553,2.8588017182209117e-23,-4.8538702664518905,-3.2546383746242284,1.222010403159048,0.22007858505331024,88,0.13414025772780827,1.06,2.46,1.25,5942.0,6923.849999999999,5.921803559171889e-22,True,True,True
22377,-2.524389452288761,0.4236883360611962,-5.958128268898453,2.5514322999166906e-09,-3.3548033316384087,-1.6939755729391133,0.027368938191351277,0.3433800599507405,96,0.3622472640039236,0.85,5.06,2.1,3618.0,6920.11,1.1316352671395205e-08,True,True,True
21903,-2.0304262811917306,0.6787395075910668,-2.9914661788260606,0.0027764129098829427,-3.3607312709546724,-0.7001212914287891,0.3948584600677758,0.08774141338126573,100,0.22240737270396044,1.975,4.3,2.1,3436.0,6908.869999999999,0.00409216662084469,True,True,True
22220,-1.5101003428697097,0.4925816977867757,-3.065685042003709,0.0021717194897590405,-2.475542729975383,-0.5446579557640361,0.06062793779755779,0.11920573852760352,89,0.21129792168307468,2.95,20.38,9.95,745.0,6885.4400000000005,0.0032775750505971107,True,True,True
22085,-3.5215606002054485,0.5747209798937297,-6.12742656594268,8.931179682289175e-10,-4.647993021956728,-2.3951281784541694,0.7799529253451505,0.22601506000053018,93,0.2371984651524482,2.46,6.77,2.95,2538.0,6883.87,4.2406230985176555e-09,True,True,True
21563,-2.913437246412313,0.27347780175635694,-10.653286035288202,1.6831650678891826e-26,-3.4494438884259573,-2.3774306043986684,0.38947334415149437,0.38747556976393505,96,0.2611251906371278,0.79,5.91,2.95,2786.0,6875.710000000001,4.287521828339337e-25,True,True,True
47502,-2.556060368351893,0.7229020019247866,-3.535832466290272,0.00040649239366372466,-3.9729222564763793,-1.1391984802274064,-0.20462691558084,0.28695410606083804,31,0.31581870147978364,9.95,26.04,12.75,640.0,6855.749999999998,0.0006959474678075576,True,True,True
37448,-2.4857615741848065,0.3272981075195543,-7.594793605814832,3.0828340096056666e-14,-3.1272540771312514,-1.8442690712383618,-0.07884619666397596,0.20524641762498574,97,0.27777002503012194,1.37,3.43,1.49,4549.0,6827.210000000001,2.5487465386432813e-13,True,True,True
22378,-1.6119060713395141,0.3436065973525739,-4.691138306886295,2.716892271342854e-06,-2.285362627000915,-0.9384495156781134,0.11767121333751573,0.24154353047033317,94,0.3667753167887776,0.85,4.96,2.1,3749.0,6826.509999999998,7.142736306110572e-06,True,True,True
22187,-1.476577443491246,0.3614068284449426,-4.085637921797569,4.395588022976193e-05,-2.1849218110101796,-0.7682330759723125,1.8620875147091676,0.4424560652403603,47,0.4339204835784094,1.95,8.65,4.25,2104.0,6820.7,9.065299150229895e-05,True,True,True
35004B,-1.7345921617591529,0.30876257185416395,-5.617883512702578,1.933107494344544e-08,-2.339755682367275,-1.1294286411510308,-0.2923866715417067,0.23936615549855256,86,0.4017732183034434,1.95,12.72,5.45,1474.0,6809.65,7.391293360729138e-08,True,True,True
21989,-1.1192717149701217,0.3741441038600627,-2.991552461798921,0.002775628421158666,-1.852580683563858,-0.3859627463763854,-0.039172375295314255,0.04868283379873417,101,0.26210608082057174,0.85,1.68,0.85,8552.0,6790.7,0.00409216662084469,True,True,True
37500,-0.8135790611779821,0.2303075006782217,-3.532577353243431,0.0004115298125868413,-1.2649734678767306,-0.3621846544792335,0.6387789024115372,0.15238570544648344,88,0.30953751455905165,4.95,21.23,9.95,881.0,6787.459999999999,0.0007039325741617021,True,True,False
20973,0.08064179640664981,0.7433363420686523,0.10848628251139911,0.913609961261615,-1.3762706624476544,1.5375542552609542,1.5234603504045654,0.17135032175257459,80,0.19111028177671247,0.6,1.28,0.65,9863.0,6773.949999999999,0.9175038769196293,False,False,False
22845,-1.2916224172293802,0.26022916012709024,-4.963403857579143,6.926833761842193e-07,-1.8016621988055839,-0.7815826356531766,0.4022084820666657,0.13313510821065555,60,0.21571450267899536,5.55,12.72,6.35,999.0,6764.599999999999,2.0401690064175834e-06,True,True,True
22430,-2.7025314454602185,0.5332371995276598,-5.068160000566566,4.0167969838884657e-07,-3.7476571517514303,-1.6574057391690067,-0.4381070236372599,0.2265533051769314,81,0.2316164486035618,4.95,10.17,4.95,1397.0,6761.379999999999,1.2453391964851574e-06,True,True,True
21768,-1.1350367119406535,1.3553898949984777,-0.8374245050291808,0.40235399623703616,-3.7915520911471954,1.5214786672658884,0.6692069859267354,0.14501051484281502,31,0.2475105989858395,13.85,29.74,14.95,497.0,6756.09,0.42088639450988524,False,False,True
22311,-0.8536277008335054,0.4284297498415756,-1.9924566423063736,0.046320977859849476,-1.6933345804284985,-0.013920821238512238,1.8877171453092145,0.3229629354217912,82,0.39318851695502005,2.75,8.65,4.3100000000000005,2116.0,6755.56,0.05575673260907807,False,False,False
21992,-1.8946099291289435,0.28778983948790027,-6.583310698182587,4.600862775151993e-11,-2.458667649641791,-1.330552208616096,0.7032588457468402,0.4022851615045502,100,0.3871186335215521,1.25,5.91,2.51,3320.0,6744.799999999999,2.5432921792262484e-10,True,True,True
22432,-3.284824080307315,0.6383090641354818,-5.146134161131241,2.6590928165925153e-07,-4.535886857018327,-2.033761303596303,-0.15127913464581788,0.23526512686373402,89,0.2627636454032741,1.65,4.21,1.95,3532.0,6730.419999999999,8.509999930860597e-07,True,True,True
22810,-3.7293471424531655,0.7288228345963541,-5.116946074444278,3.105223533147446e-07,-5.157813649372413,-2.300880635533918,1.644625662499792,0.4981006311396037,38,0.222342572030778,2.55,5.91,2.95,2199.0,6729.13,9.788204615356078e-07,True,True,True
23008,2.1826872636696444,1.4877928405550518,1.4670639649370458,0.14235865565900863,-0.7333331202748004,5.09870764761409,0.2945801655724908,0.02679327127869735,37,0.0850992067114914,10.79,16.95,16.95,433.0,6719.61,0.15833039825829698,False,False,False
22221,-1.4983550804148509,0.2638384453690883,-5.6790627246107945,1.3543481170751863e-08,-2.0154689310753025,-0.9812412297543992,-0.055874234886790886,0.1173967832231454,80,0.2893223616477693,2.95,20.38,9.95,905.0,6702.33,5.2856028999725184e-08,True,True,True
22746,-3.2909516043784155,1.352684855322929,-2.4329034153285916,0.014978295724431687,-5.94216520324413,-0.6397380055127013,1.3572249088245365,0.3768896908203496,63,0.16443036682387685,2.1,4.13,2.1,2910.0,6699.25,0.019471784441761193,True,True,True
22526,-1.3048642527349634,0.38822954896158957,-3.3610637217726653,0.0007764291055815261,-2.0657801864339085,-0.5439483190360184,0.0975657970068085,0.03924165740889063,74,0.2202150091949398,10.95,25.49,12.75,544.0,6689.670000000001,0.0012671591896287243,True,True,True
85068,-3.1978902535421265,0.9608722010072581,-3.3281119489041924,0.000874367228428141,-5.081165161262084,-1.3146153458221692,-0.10528415665751945,0.17990803071809935,31,0.2010171148476687,6.95,16.13,7.95,960.0,6647.239999999999,0.001413535356421137,True,True,True
22059,-1.5439185004569311,0.30048100799251865,-5.138156686745977,2.7744650655190133e-07,-2.1328504541605597,-0.9549865467533024,0.4325028429156676,0.17143867168315463,99,0.3198812523583658,0.39,3.43,1.49,4940.0,6639.030000000001,8.81933667538506e-07,True,True,True
21107,-2.540663507594402,0.40999760509647665,-6.196776459210189,5.763125975129182e-10,-3.3442440473311716,-1.737082967857632,0.6483453786041277,0.3388845158819672,88,0.3162703562752541,2.55,6.04,2.95,2302.0,6624.77,2.7642474460861344e-09,True,True,True
85175,-0.20080352609536412,0.14280115293479362,-1.4061758043862276,0.15967192704251176,-0.4806886427983558,0.0790815906076276,0.20777717886463576,0.026037526692220814,93,1.9092321779889143,0.36,6.995,0.42,15566.0,6606.259999999999,0.176321958099083,False,False,False
22898,-2.0313108562776048,0.4322554985230885,-4.699329131076639,2.6101750310138953e-06,-2.878516065502265,-1.1841056470529447,1.1278373277667497,0.51240544202757,63,0.2743020794131486,1.8,4.21,1.95,3168.0,6604.159999999999,6.910365075085945e-06,True,True,True
84968A,-1.486079663422311,0.4394009680002559,-3.3820582375718513,0.0007194489050735849,-2.3472897354748494,-0.6248695913697726,-0.1768060250171447,0.1670776039150732,81,0.32256116654754824,8.29,26.04,12.75,529.0,6538.08,0.0011782460348077391,True,True,True
21240,-2.6410577006995535,0.3739362391916808,-7.062855706118763,1.6311508201420362e-12,-3.3739592620296026,-1.9081561393695041,-0.02116373566240276,0.31037853280864436,104,0.22786877164486016,0.85,1.66,0.85,7581.0,6535.74,1.0566045690610785e-11,True,True,True
21201,-2.403785231030337,0.45785778572384594,-5.250069576145998,1.520417722007575e-07,-3.3011700010903327,-1.5064004609703416,0.779863743435623,0.23880346292291477,95,0.29109603043002913,2.1,5.17,2.55,2741.0,6517.160000000001,5.030719590584582e-07,True,True,True
22080,-2.557674901981768,0.4758422232982931,-5.375048233957221,7.656218385522877e-08,-3.490308521969889,-1.625041281993647,0.5345498276610366,0.3714415538208352,80,0.27053782084573563,1.65,4.13,1.65,3887.0,6512.44,2.648068193891857e-07,True,True,True
22364,-1.885838940753964,0.42087662248468477,-4.480740530611409,7.43844973620138e-06,-2.710741962758807,-1.060935918749121,0.7948867763477543,0.2390124207433213,86,0.32439929385236044,2.55,5.91,2.95,2054.0,6498.609999999999,1.8068914629819074e-05,True,True,True
22148,-1.8984508285682662,1.0063243883334112,-1.8865197451015958,0.05922495019362287,-3.8708103864660517,0.07390872932951909,-1.4350688473176734,0.1727723869584723,50,0.37978630891269105,1.65,4.3,1.95,3237.0,6480.289999999999,0.06968728534018671,False,False,True
21494,-0.6555709098690683,0.28772293225713913,-2.2784798720290462,0.022698002388854558,-1.219497494619319,-0.09164432511881782,1.5521137127824192,0.24040640517080059,90,0.5571061542733932,1.25,5.91,2.46,3833.0,6449.000000000001,0.028580984971937767,True,True,False
15060B,-0.33183738256052725,0.37059462716028396,-0.8954187628225003,0.3705632744061954,-1.058189504658733,0.3945147395376786,1.2767832572131181,0.22779597806431384,96,0.37816144389001627,2.95,8.47,3.75,1414.0,6444.98,0.38892637653434203,False,False,False
21239,-1.9261378812207721,0.3133340780703911,-6.1472339462165415,7.884579606931137e-10,-2.5402613893678003,-1.312014373073744,0.24923109479885242,0.23389450477875207,104,0.2655267539144811,0.85,1.7,0.85,7369.0,6438.389999999999,3.753139535117473e-09,True,True,True
22578,-1.9752903731264164,0.33793893957025484,-5.845110290155743,5.0623275054813515e-09,-2.6376385236577735,-1.3129422225950593,2.0598871162274,0.6942669600289498,45,0.46326665893574226,0.29,1.66,0.85,13302.0,6419.240000000001,2.1687471245073517e-08,True,True,True
79067,-0.20396453539553105,0.39706913752680056,-0.513675116293228,0.6074791522123962,-0.9822057443204418,0.5742766735293797,0.7296834196110364,0.12567006442174822,55,0.2865031006461107,3.75,7.78,3.75,1615.0,6380.200000000001,0.6230131675301235,False,False,False
85062,-3.3694046662744337,1.2952989681970617,-2.6012563500798107,0.00928830180966775,-5.908143993152567,-0.8306653393962997,-0.08379806730308928,0.15982773365560654,98,0.12575616087818264,1.45,2.51,1.65,3886.0,6363.279999999999,0.012568879333254636,True,True,True
22063,-1.149862403794786,0.2701517391057178,-4.256357584819445,2.077842878452466e-05,-1.6793500828028538,-0.6203747247867182,0.0655164317992169,0.10599634264202729,95,0.3275121303564452,0.79,6.04,2.95,2303.0,6356.059999999999,4.6025074334699157e-05,True,True,True
22582,-3.2910084072604597,0.5538324061716028,-5.942246012669677,2.811430595708907e-09,-4.37649997682796,-2.2055168376929597,0.6160380665667288,0.3072681724372449,79,0.227609268278915,2.1,5.06,2.55,2522.0,6324.77,1.241111633000302e-08,True,True,True
22460,-1.0587110563641398,0.39577123471995845,-2.675058123193989,0.007471629536151552,-1.8344084225322064,-0.28301369019607303,0.8000267832394217,0.20120531123476804,89,0.2533103834641393,1.06,2.51,1.25,4771.0,6283.87,0.010242924855015037,True,True,True
22065,-1.9205652985742447,0.2917124195760221,-6.583762533544559,4.5868953138001264e-11,-2.492311134786285,-1.3488194623622043,1.6284167547478308,0.6012413379044541,60,0.5313984833752465,0.39,3.43,1.45,8640.0,6273.840000000001,2.5430287254450704e-10,True,True,True
84884A,-1.6373977828304842,0.5068250263566229,-3.2306963896418646,0.0012348903641021104,-2.6307565809530287,-0.6440389847079397,0.4604179423086326,0.09504996619128325,91,0.29531219520200086,3.67,8.65,3.95,1708.0,6248.28,0.001954465437726682,True,True,True
22185,-2.4606240138598343,0.43381337843921963,-5.672079599556622,1.4107439534328184e-08,-3.3108826116123495,-1.610365416107319,0.4992717741402033,0.2632049160536739,97,0.23998313774095767,0.79,3.43,1.65,3896.0,6224.72,5.494323041778642e-08,True,True,True
22906,-1.664795635355087,0.9446391118979433,-1.7623615350948414,0.07800823319085569,-3.516254273062958,0.18666300235278377,1.5333247139082469,0.3310557912058305,62,0.2808176654074435,1.65,3.36,1.65,3370.0,6214.829999999999,0.08960726359827116,False,False,True
22435,-2.8038013664494192,0.5787207318080156,-4.844826204324662,1.2672255595539498e-06,-3.938073157899794,-1.6695295749990449,0.5170578534499858,0.2258247489287427,84,0.18495412844576775,1.25,2.51,1.25,4915.0,6185.22,3.523186105839521e-06,True,True,True
21714,-0.9879101069743877,0.37307713727280545,-2.64800495199468,0.008096833916542945,-1.7191278594843922,-0.2566923544643833,-0.5068499986056562,0.09486939610632017,95,0.39090352322273375,1.25,3.29,1.25,4283.0,6182.389999999999,0.011027840991823305,True,True,False
21078,-1.6760811880997042,0.42914449192829485,-3.905633695934185,9.397878116142235e-05,-2.517188936442902,-0.8349734397565064,0.4520858331060891,0.16084446711469957,95,0.3441121762229037,0.85,2.51,0.85,7211.0,6181.25,0.0001837655627482169,True,True,True
22222,-1.9521566190685957,0.3852690573624842,-5.066995601548894,4.0414361771455944e-07,-2.707270095856761,-1.1970431422804306,0.2502231576966216,0.2738413307718066,101,0.3197183288967422,1.95,10.39,4.95,1489.0,6160.839999999998,1.2509207214974458e-06,True,True,True
22196,-0.9306596982268979,0.31110695016887296,-2.991446181841079,0.002776594752286662,-1.5404181158979862,-0.3209012805558096,0.7001899202957899,0.16548389306460753,104,0.3104803988755361,0.85,1.7,0.85,6586.0,6141.19,0.00409216662084469,True,True,False
84832,-1.4247201058872547,0.4370400791680415,-3.259930092909056,0.0011143967736043142,-2.28130292085715,-0.5681372909173594,1.503516269957021,0.42531315786293333,104,0.2945843694391752,0.85,1.7,0.85,6794.0,6134.700000000001,0.0017741874309494358,True,True,True
22848,-1.7467627439172309,0.5648784263012082,-3.0922808565286055,0.0019862482759947435,-2.853904115111262,-0.6396213727231996,0.32356852481535686,0.14914055904187484,53,0.2686428166824855,14.95,33.29,16.95,381.0,6128.600000000001,0.003029189320590689,True,True,True
21667,-0.38650043617314,0.7729583344079877,-0.5000275163203493,0.6170557025006282,-1.9014709331628632,1.128470060816583,0.5150348385884799,0.055324701929388764,48,0.24946107768454254,14.95,34.74,16.95,354.0,6126.25,0.6321467387030892,False,False,False
22167,-1.0931048152972682,0.3711912796098418,-2.9448558609626496,0.003231051468988649,-1.820626354707895,-0.3655832758866414,0.223801240501432,0.1437806269166656,94,0.332183844991529,3.95,20.83,9.95,690.0,6056.330000000001,0.004714034070467186,True,True,True
72802C,-2.6379460553995107,0.2833252546729686,-9.310663316774885,1.2703647518053119e-20,-3.193253350469168,-2.0826387603298535,1.2141914460991838,0.3305118088118366,87,0.22924185200153624,1.25,8.65,4.25,2184.0,6047.56,2.029353861994079e-19,True,True,True
22361,-0.9630856115506833,0.2874804924437978,-3.350090308263145,0.0008078521726879261,-1.5265370229983661,-0.39963420010300044,0.8194185130916715,0.1796013652823798,89,0.32012836540750766,2.95,5.91,2.95,1845.0,6036.26,0.0013138924465200524,True,True,False
85178,-2.866939757302648,0.6875155734393739,-4.169999732457637,3.0459999654613073e-05,-4.214445520054223,-1.5194339945510726,0.5465361909566344,0.20786677823150201,93,0.2285355953714474,0.79,2.51,1.25,5478.0,6024.52,6.561954211308073e-05,True,True,True
20751,-1.5164153376870826,0.6870244562822073,-2.207221771831931,0.027298569437689085,-2.862958528498422,-0.16987214687574337,-0.08219889067358332,0.0502733133139015,102,0.21729123856420343,2.1,4.21,2.1,2839.0,6023.259999999998,0.03394314207786538,True,True,True
22841,-2.9512620120649227,0.46910299428409225,-6.291287943213631,3.1484269782693274e-10,-3.870686985901642,-2.031837038228203,0.7440264953634339,0.21403145278135494,60,0.2220284946985256,7.45,15.79,7.95,772.0,6002.52,1.549552181210883e-09,True,True,True
22855,-0.6442092961371998,0.9189674263401338,-0.7010142880720139,0.48329409848986726,-2.445352354729327,1.1569337624549276,1.1256518559467072,0.13545847448260206,47,0.17945661370329014,1.25,2.46,1.25,4795.0,5979.24,0.4997308698043883,False,False,False
22278,-1.2030298230219372,0.2547615813098489,-4.722179132491626,2.3333102860449334e-06,-1.7023533470337135,-0.7037062990101608,0.8547568505929622,0.31090998785689794,100,0.3637530964090236,4.13,11.02,4.95,1016.0,5959.530000000001,6.2298723642984414e-06,True,True,True
22772,-1.0532968129928029,0.48927152158455983,-2.1527858592333042,0.03133551199216268,-2.0122513739596517,-0.09434225202595392,0.10781080499920592,0.102932564348165,60,0.3069273163766442,1.05,2.875,1.25,4377.0,5914.92,0.03860617000341611,True,True,True
48197,0.4019338750032443,0.4956997594918891,0.8108413758667982,0.4174567700333486,-0.5696198007460251,1.3734875507525137,1.2692636183267918,0.15461134251849684,34,0.2939891714514934,5.95,13.87,7.49,898.0,5905.639999999999,0.4359590091484,False,False,False
84509A,-1.4408835375442437,0.29427404487360753,-4.896400354177046,9.760810722442578e-07,-2.0176500670814383,-0.8641170080070492,0.3227983434696407,0.1693873321403193,103,0.2951328681741532,2.95,7.62,3.75,1523.0,5897.790000000001,2.8004761357388525e-06,True,True,True
21407,-1.1932223855424102,0.3602478955278401,-3.312225832142849,0.0009255679774370988,-1.8992952862833248,-0.48714948480149567,0.49765385665114137,0.1277105872919213,96,0.285591301216312,3.625,8.65,4.25,1294.0,5883.33,0.001488648154836972,True,True,True
22241,-2.508235310911426,0.585157068091832,-4.28643085366918,1.8156668213897677e-05,-3.655122089670469,-1.3613485321523833,-1.308333424918024,0.16051412303036072,65,0.3169485880165443,1.25,2.51,1.25,4349.0,5862.42,4.089046545184841e-05,True,True,True
22971,-2.2370068893416226,1.4502699371310923,-1.5424762191284502,0.12295791246025996,-5.079483733979732,0.6054699552964866,-0.03155782275992669,0.09005037878013489,50,0.14836121682128892,2.1,4.96,2.55,2431.0,5849.290000000001,0.13812614123217523,False,False,True
22737,-2.7265006124551623,0.7813497969789739,-3.4894750379368595,0.0004839702565691773,-4.257918073861634,-1.1950831510486903,2.0190751204932047,0.6690717096420727,46,0.3705697231954903,1.65,4.13,1.65,3266.0,5840.430000000001,0.0008138126080578941,True,True,True
22660,-2.414442878352001,0.598394040899492,-4.0348711941092645,5.4632259216449305e-05,-3.5872736470783932,-1.2416121096256088,0.3120006533875188,0.2583644802440086,66,0.257864114935823,6.35,15.79,7.95,881.0,5839.41,0.00011061418756499134,True,True,True
21832,-1.377832338312615,0.4706550464059062,-2.9274780942736,0.0034172313241523813,-2.300299278410219,-0.455365398215011,0.7746231624588167,0.14878998555658085,98,0.32540690580753234,1.65,3.43,1.65,3338.0,5836.759999999999,0.004943577165024742,True,True,True
21988,-1.783993654330306,0.768062747451017,-2.322718632365489,0.02019427266110991,-3.2893689772011827,-0.2786183314594295,0.22828431622647216,0.05035890872063853,101,0.19053102992293774,0.745,1.63,0.85,7829.0,5820.100000000001,0.025668377590149817,True,True,True
85132C,-1.910424351890112,0.1689503103148087,-11.307610790003155,1.2032134252804206e-29,-2.2415608752840033,-1.579287828496221,0.7278831111268228,0.680748403747808,66,0.5514487902640954,1.95,9.95,8.29,2062.0,5818.939999999999,4.279353408780364e-28,True,True,True
85038,-1.8870296961870037,0.7557214530410127,-2.496991038951749,0.012525212181394992,-3.368216526491666,-0.4058428658823412,1.1803477092508257,0.20757693986317294,89,0.24078411983243386,1.895,4.3,2.1,2778.0,5803.58,0.01648744759911282,True,True,True
22200,-0.9609996486823197,0.3171942456965024,-3.0296881539327254,0.0024480636493543545,-1.5826889463508134,-0.339310351013826,0.8718632922071752,0.16048799080145948,94,0.321250066577316,1.25,8.65,4.25,1296.0,5784.919999999999,0.003662380935740443,True,True,False
22687,-2.1002680480237177,0.5104478086144636,-4.114559828799324,3.879189382013361e-05,-3.100727368895461,-1.0998087271519748,1.6042533894432398,0.26862148625384397,34,0.37129948767750814,6.92,16.98,7.95,895.0,5784.67,8.16101784050802e-05,True,True,True
21313,-1.7079045165161129,0.3751061756573525,-4.553122895199222,5.285537498535489e-06,-2.443099111183079,-0.9727099218491468,0.19741735111382525,0.18674188109630796,97,0.3075984581190913,0.64,1.7,0.85,6711.0,5771.11,1.3092297220419708e-05,True,True,True
22899,-2.928420931104596,0.2355528965193845,-12.432115989130304,1.7494145199938023e-35,-3.39009612473668,-2.4667457374725124,1.0625353881548063,0.4165184269849117,62,0.17847725807322046,1.85,4.13,2.1,2773.0,5769.759999999999,1.0992154567294391e-33,True,True,True
37495,-3.183507818243635,0.36878398196989115,-8.632446022299169,6.005368583537084e-18,-3.9063111409798905,-2.46070449550738,-0.1464491403869399,0.20600840354343908,92,0.19218212145383604,2.95,7.78,3.75,1560.0,5732.599999999999,7.496768066203577e-17,True,True,True
21452,-2.5563333762549467,0.6726281122600741,-3.800515217339788,0.00014439554992307788,-3.8746602512738564,-1.238006501236037,0.7553557660122663,0.25345888038878506,88,0.20391384131480658,2.95,5.91,2.95,1875.0,5731.33,0.00027002540833829543,True,True,True
21577,-1.414906538753685,0.6107881912669617,-2.316525694150595,0.0205295831992067,-2.6120293958192917,-0.21778368168807805,0.020266472299558802,0.11674072838268879,99,0.29504815429540887,1.63,5.17,2.25,2556.0,5716.52,0.026006898071575694,True,True,True
22070,-2.3274517643398016,0.4749128762844018,-4.900797347398107,9.544847436398952e-07,-3.2582638976515557,-1.3966396310280476,0.9212122053429718,0.1844985346213598,87,0.20587370430216126,3.29,7.46,3.75,1835.0,5701.490000000001,2.748409602020949e-06,True,True,True
22341,-2.5799521801587337,0.4270724469341212,-6.041017627523765,1.5314524493242293e-09,-3.416998794939005,-1.7429055653784626,0.23198513783061844,0.34450359854246737,90,0.3299969912405895,1.55,3.43,1.65,3467.0,5698.889999999999,7.040946017015054e-09,True,True,True
22115,-0.9085064629684814,0.11618504627453423,-7.819478427729562,5.30426505528082e-15,-1.136224969208688,-0.6807879567282746,0.7080447207328104,0.37113678000314243,101,0.5207076045020016,0.79,6.04,2.95,2889.0,5695.099999999999,4.8536600141768674e-14,True,True,False
22060,-0.9506759877129561,0.2999259942389804,-3.1697018797092307,0.0015259541295596251,-1.5385201344487256,-0.3628318409771868,-0.10253129187140489,0.12846132229543972,64,0.3985434268803018,3.95,21.7,9.95,733.0,5691.41,0.002377209532413135,True,True,False
84968B,-2.601642238315432,0.6228190252817154,-4.1772041840543475,2.9511409178845953e-05,-3.8223450967539354,-1.3809393798769283,-0.0055224674916318495,0.25982918292789214,37,0.2786857471729431,11.02,26.04,12.75,428.0,5681.41,6.379473199784934e-05,True,True,True
21528,-1.9236292632089134,0.36580551415045026,-5.2586119913374345,1.4514678022234423e-07,-2.640594896289953,-1.2066636301278737,0.18795729213194629,0.13932857651906472,96,0.2493776638661906,5.79,13.87,6.95,899.0,5680.15,4.825426467709328e-07,True,True,True
21703,-1.9881860330376346,0.5134663373837995,-3.8720864218047653,0.00010790767542938977,-2.9945615615835743,-0.9818105044916952,0.8361017290112076,0.17261436313811962,103,0.22689164718316399,0.39,0.85,0.42,14577.0,5646.470000000001,0.00020862150583015354,True,True,True
22335,-2.647216273832977,0.45064914404942297,-5.874229006729579,4.2481577951531675e-09,-3.5304723658336488,-1.7639601818323052,0.975449983962555,0.3551373413269199,102,0.30585229951293175,0.6,1.28,0.65,8666.0,5644.7699999999995,1.845110010106848e-08,True,True,True
22653,-2.3150830186536733,0.6758321205044934,-3.42552972611825,0.0006136017851091795,-3.639689634437814,-0.9904764028695325,1.5051495315549526,0.3814760609155091,68,0.2661603519986047,1.63,4.21,1.95,3031.0,5618.21,0.0010154867119673426,True,True,True
21207,-2.686235554134794,0.4593063429219493,-5.848461697798218,4.9613985120391285e-09,-3.5864594441326183,-1.7860116641369699,0.20691347396926307,0.14256926037844464,94,0.23499275035446332,1.45,3.43,1.65,3601.0,5597.42,2.1352137431949215e-08,True,True,True
22119,-1.3789264456891754,0.2161182597808867,-6.380425453579034,1.765966746939228e-10,-1.8025104512611847,-0.9553424401171662,1.3326567850170834,0.3394838673266486,83,0.1715618751395237,1.95,14.13,6.95,896.0,5543.870000000001,9.045780755381642e-10,True,True,True
22156,-1.1679795457591282,0.4033529875123769,-2.8956759511376835,0.003783428635188936,-1.958536874340021,-0.3774222171782353,1.2533329215887583,0.26236324882787865,104,0.2947958931866202,0.72,1.7,0.85,6156.0,5537.57,0.00542752129172842,True,True,True
21730,-1.7779446756578,0.5701655146336039,-3.1182957054151745,0.0018190019962259691,-2.8954485495664084,-0.6604408017491912,0.87999055727599,0.16049070500906382,70,0.1966089288278598,4.25,9.96,4.95,1115.0,5534.169999999999,0.0027905387016464033,True,True,True
21900,-1.618611761832093,0.4034216178878659,-4.012208791156051,6.015326022702111e-05,-2.4093036034771895,-0.8279199201869962,0.9026307882815231,0.2824061695701888,103,0.37535880461102905,0.65,1.7,0.65,8323.0,5529.1399999999985,0.00012101269533397523,True,True,True
23133,-2.6399647303378577,0.45175852692190144,-5.843751856385539,5.103803804047017e-09,-3.5253951728136528,-1.7545342878620627,1.5315494950226383,0.34989422536036563,33,0.25871989345577706,7.05,16.63,8.25,782.0,5525.400000000001,2.1815578618205504e-08,True,True,True
22534,-3.1724006139322785,0.8050164471261905,-3.940789812751476,8.121376525979326e-05,-4.7502038572620044,-1.5945973706025525,0.5545668662044834,0.2570057030088917,89,0.21068234430134217,0.36,0.83,0.42,12891.0,5514.79,0.00016063793023579254,True,True,True
84971S,-2.073836794381792,0.4820472574681335,-4.302144161703661,1.691531914592685e-05,-3.01863205786564,-1.1290415308979438,-0.24795649338113274,0.1786860569532016,103,0.2974218179061621,0.39,1.66,0.85,6489.0,5493.31,3.8462456682837284e-05,True,True,True
40016,-0.9217815717236997,0.1068599775421509,-8.626069300455384,6.3496553868950874e-18,-1.1312232790950745,-0.7123398643523249,0.8189946433095096,0.40091657309750917,86,1.6067992767367392,0.335,8.47,0.42,15435.0,5487.3099999999995,7.822941440717151e-17,True,True,False
21112,-2.649353173691813,0.28021306299085746,-9.45478110625504,3.236985292664662e-21,-3.198560685151547,-2.100145662232079,0.47735597857876266,0.3661306400155029,76,0.35256830544296536,1.25,6.04,2.95,2222.0,5484.259999999999,5.497042591597196e-20,True,True,True
82599,-1.0581465836921677,0.6233501648953089,-1.697515527039096,0.08959923810257552,-2.279890456644077,0.1635972892597417,1.023118209753834,0.245773801905815,73,0.2969361298391373,1.895,4.3,2.1,2505.0,5479.4400000000005,0.10205109596577332,False,False,True
22203,-1.5834283591593115,0.3338990938221083,-4.742236167921186,2.1137200741836096e-06,-2.2378585575212044,-0.9289981607974187,-0.011067820781806625,0.17730218118670005,98,0.28531120087564155,1.25,7.78,3.75,1402.0,5469.51,5.6838264476977235e-06,True,True,True
22437,-2.821368546932555,0.7913280909276426,-3.565358767467962,0.0003633587925561123,-4.372343105105571,-1.2703939887595384,0.40525695052845995,0.28895836334946545,86,0.2167846926674433,0.85,1.66,0.85,6514.0,5457.969999999999,0.0006295324668826027,True,True,True
85061W,-1.7651080435385753,0.6103130440769698,-2.892135537112931,0.003826328394971228,-2.9612996292244427,-0.568916457852708,0.6303757394177655,0.21866540483173347,100,0.28296902987498024,0.745,1.7,0.85,6306.0,5451.49,0.005476559623781902,True,True,True
22483,-1.862810262227887,0.6174548563078016,-3.0169173392965836,0.002553594354622631,-3.0729995426705323,-0.6526209817852417,1.2481153771101554,0.21042230404107065,91,0.21600572152936484,2.75,5.91,2.95,1877.0,5440.51,0.003794127245828325,True,True,True
20978,-1.5770546045142209,0.48607098112643726,-3.24449445811289,0.0011765930690404239,-2.529736221452086,-0.6243729875763555,0.9752294219793427,0.2633276236607086,102,0.2830135707102093,1.25,2.57,1.25,4117.0,5438.57,0.0018684734078695865,True,True,True
22186,-1.8978419669879316,0.3492300958627182,-5.434359722920244,5.499353972780772e-08,-2.58232037719633,-1.2133635567795333,2.223710081391414,0.502683977292253,53,0.37440758606266983,1.95,6.04,2.95,2004.0,5431.400000000001,1.9412513555602537e-07,True,True,True
22763,-0.8619604984884154,0.3866776432560979,-2.229144905379327,0.025804264914878566,-1.6198347528971946,-0.10408624407963618,0.5395885741536404,0.07585070778213587,55,0.27651352010504304,8.5,20.38,9.95,662.0,5430.59,0.032212608850692784,True,True,False
85063,-1.540038529659779,0.7567711547351353,-2.035012196254734,0.04184964580804077,-3.0232827374794327,-0.05679432184012523,0.5102815181247283,0.1870665294153563,47,0.20419200593594616,15.95,31.26,16.95,308.0,5426.739999999999,0.05082898347175055,False,False,True
21069,-1.44689712532315,0.6536526354708312,-2.2135566305503205,0.026859293521994922,-2.728032749245668,-0.16576150140063217,0.24608507477429017,0.09549286468075535,79,0.32034176981025175,1.06,2.57,1.25,5099.0,5404.36,0.0334410622780452,True,True,True
84968D,-1.704125232790205,0.6712749095717183,-2.538639845599857,0.011128431735934663,-3.0197998792761545,-0.38845058630425555,-0.13884483347782375,0.14807695289872502,46,0.32135101779208664,8.29,25.49,12.75,472.0,5393.71,0.014783011854994251,True,True,True
37446,-1.1437550810513257,0.6271946316341875,-1.8236047047647932,0.06821185480436602,-2.3730339703511993,0.08552380824854788,0.08595657032066847,0.041153567518231404,77,0.3150347702704248,1.25,3.36,1.45,3691.0,5332.249999999999,0.07922325712028955,False,False,True
22842,-2.9446258544402157,0.5230711507277902,-5.629493904114431,1.8073915986498758e-08,-3.9698264712186067,-1.9194252376618248,0.32624035659395784,0.17098709234796183,58,0.19130569426034688,5.95,13.29,6.75,818.0,5308.58,6.952924823377584e-08,True,True,True
21363,-1.0180089051023817,0.5370496812260286,-1.895558159122957,0.05801849438765687,-2.0706069382141146,0.0345891280093511,0.43749056530223845,0.07584866420437608,80,0.2674004610914028,4.95,11.02,4.95,984.0,5296.48,0.06855810975123516,False,False,True
22175,-1.7528303450838,0.37150379619995344,-4.718203052063509,2.3793694971220234e-06,-2.480964405755617,-1.0246962844119831,1.0730320787903922,0.24330013279699314,97,0.2270723945910506,2.55,5.91,2.95,1824.0,5278.3099999999995,6.325968268088878e-06,True,True,True
21718,-2.232506781160216,0.5249090369006324,-4.253130779272218,2.10802380513802e-05,-3.2613095886450614,-1.2037039736753703,-1.1914337233168886,0.38223583183099097,94,0.3313965970673646,1.25,2.57,1.25,4030.0,5250.300000000001,4.663878958550666e-05,True,True,True
22896,-1.5952796628285055,0.4571607026007257,-3.4895380415533843,0.0004838561847648517,-2.491298175072955,-0.6992611505840565,0.17745287176180485,0.11836429474525179,63,0.26298614171961304,2.55,5.375,2.55,2076.0,5230.549999999999,0.0008138126080578941,True,True,True
22476,-1.2718747058869486,0.43168820186619106,-2.946280904570997,0.003216201757410789,-2.1179680340955396,-0.42578137767835755,0.5115790347980375,0.20734587033822682,81,0.389224423090106,1.95,11.02,4.95,1332.0,5218.610000000001,0.00469600334060367,True,True,True
21993,-2.6462673748432497,0.23399585684331015,-11.309035170717834,1.183841209003082e-29,-3.1048908267877278,-2.1876439228987716,0.26033486699596836,0.5805409192407675,96,0.4238525476518962,1.25,5.91,2.51,2849.0,5216.88,4.279353408780364e-28,True,True,True
22117,-1.4924694420124496,0.3260165436479703,-4.577894806540875,4.696787649283324e-06,-2.131450125926702,-0.8534887580981972,0.5933560511076066,0.09846227410323594,85,0.2337381279549749,0.85,5.91,2.95,1765.0,5207.73,1.1788874459253084e-05,True,True,True
22691,-2.765902986590416,0.49647676027079335,-5.5710623495887495,2.531906910159842e-08,-3.7389795558822976,-1.7928264172985346,0.13284651423631877,0.3934064513170956,64,0.24285418766636105,4.58,16.98,7.95,758.0,5198.6,9.526236578146313e-08,True,True,True
22775,-0.711474442966898,0.4545468950671614,-1.5652388140541018,0.117526923710744,-1.6023699865830414,0.17942110064924555,0.5002386622307698,0.12391886051448742,60,0.30730687167726833,1.25,2.46,1.25,3633.0,5190.03,0.13241975564539896,False,False,False
22433,-3.166898843925531,0.3779446011075758,-8.379267317603844,5.3258190727280107e-17,-3.907656650247737,-2.4261410376033252,0.03587998696213182,0.3795091687705533,87,0.28602974220707905,1.65,4.21,1.95,2778.0,5186.280000000001,5.975695804816845e-16,True,True,True
21872,-2.229195851663829,0.4144638123595083,-5.378505397065188,7.510673115829152e-08,-3.0415299967836322,-1.4168617065440259,1.2830176351721456,0.2600579917750353,94,0.38361821484815545,1.05,3.36,1.25,5092.0,5163.8,2.602503460172418e-07,True,True,True
22894,-3.1520412763246908,1.3565789241359958,-2.3235222221458467,0.020151115281660695,-5.810887109817337,-0.49319544283204486,0.3778072347494641,0.141489585684606,55,0.11235740145768154,7.65,15.37,9.95,561.0,5160.78,0.025630804524919306,True,True,True
22472,-1.48459230174777,0.42201285297120916,-3.5178840911962763,0.0004350023218785943,-2.311722294584337,-0.6574623089112029,0.16415094253085585,0.11715602688448057,73,0.3184963317944885,1.95,10.79,4.95,1099.0,5160.320000000001,0.0007413918415381106,True,True,True
85132A,-1.8017199258682601,0.20561490358858814,-8.762594026128063,1.9080784090876198e-18,-2.2047177315865683,-1.3987221201499518,0.9120014490784882,0.4695105896043086,60,0.37974199823019555,1.95,15.59,8.47,1348.0,5152.07,2.4467536062109957e-17,True,True,True
21713,-2.601069376581571,0.4367538933353172,-5.955457790469205,2.5934483115460937e-09,-3.457091277626441,-1.7450474755367011,-0.9681234829505867,0.3332502247428637,88,0.2872183748326805,1.85,4.3,2.1,2733.0,5145.4400000000005,1.1475704383249733e-08,True,True,True
22412,-2.0723847525704784,0.6126330983775753,-3.382750226944538,0.0007176386816817239,-3.2731235611277096,-0.8716459440132469,0.2536499868976674,0.14429600738726545,90,0.22398540128419178,1.975,4.21,2.1,2401.0,5140.820000000001,0.001176303404321782,True,True,True
23132,-3.3340830692504273,0.6032921994950664,-5.526481317081396,3.267170335852948e-08,-4.516514052414711,-2.151652086086144,1.3237089439588408,0.29340503613160607,32,0.22024620066454992,4.95,12.46,5.75,1020.0,5138.599999999999,1.207571780996629e-07,True,True,True
22571,-2.0847921583347144,0.9918775484813803,-2.101864450432059,0.03556515141154183,-4.028836430432101,-0.1407478862373277,2.4601151743487053,0.4837098723595914,50,0.29958095729082307,0.85,1.66,0.85,5780.0,5135.24,0.0435892785505568,True,True,True
22426,-1.548705469035241,0.2012029738906413,-7.69722951449515,1.3904801391930864e-14,-1.9430560514432509,-1.1543548866272313,-0.002875418280648523,0.1942374220015567,80,0.3219616713351403,2.95,8.29,3.75,1333.0,5133.3,1.2134514177680407e-13,True,True,True
22509,-1.7489852382809399,0.16228289494164422,-10.777385003575779,4.402228634492618e-27,-2.0670538676734598,-1.43091660888842,0.3296020738969858,0.25536280735533246,71,0.1782200726459967,3.95,25.495,16.95,387.0,5130.359999999999,1.1854572822883694e-25,True,True,True
22610,-1.1284667073373247,0.16992191692598935,-6.641089788487003,3.1137227556156704e-11,-1.4615075446962709,-0.7954258699783785,-0.016477554556018736,0.38625450104601977,78,0.6920312135269883,0.19,1.66,0.85,12680.0,5107.540000000001,1.7785961801016783e-10,True,True,True
22374,-0.5646383856727312,0.42923580408883816,-1.3154503428979307,0.18835859571369373,-1.4059251025619446,0.27664833121648214,0.8777811684134618,0.2134749141441391,92,0.24332144666165537,3.95,9.535,4.25,1023.0,5099.84,0.20594892860807001,False,False,False
21471,-1.4908912051342815,0.37364307523009505,-3.9901480957894595,6.603205240830219e-05,-2.223218175658058,-0.7585642346105053,-0.393442495767778,0.06302765720886161,94,0.21490098915639272,2.95,7.78,3.75,1406.0,5095.629999999998,0.00013215584436312975,True,True,True
20977,-1.2849110777853836,0.437987056348328,-2.9336736306734665,0.003349762358969048,-2.143349933922822,-0.4264722216479454,0.8964376239122895,0.16709784587167764,96,0.298577237171733,1.25,2.95,1.25,3792.0,5069.99,0.004860894570174484,True,True,True
21578,-2.825973932016243,0.3349338944458619,-8.43740803447717,3.2445222503403145e-17,-3.4824323023318726,-2.1695155617006137,-0.3554710789884524,0.4032775303813796,93,0.34065053730359657,1.63,5.06,2.25,2205.0,5062.860000000001,3.729222220665544e-16,True,True,True
21544,-1.1320480824067194,0.37921622675424116,-2.9852311228769395,0.002833641322255638,-1.8752982291982065,-0.38879793561523224,0.6313803584464663,0.12040040824188791,102,0.2585140518803648,0.75,1.66,0.85,6064.0,5052.21,0.004166469494892261,True,True,True
21706,-1.925440836923495,0.231645013766306,-8.312032301571435,9.407680788570683e-17,-2.3794567211037396,-1.4714249527432501,0.4636309413078533,0.21283680916661873,93,0.28794748505437423,1.95,10.39,4.95,1348.0,5026.210000000001,1.0250565483500428e-15,True,True,True
22732,-3.250558004019149,1.422236446516398,-2.2855257379889338,0.02228201901833236,-6.038090216691515,-0.46302579134678234,2.4734336726955304,0.6795067813247686,42,0.26042776077675384,1.25,2.51,1.25,3773.0,5001.84,0.028094719631810365,True,True,True
84796B,-2.4289004414206534,0.2866254523687888,-8.474126848635516,2.3684924290704026e-17,-2.99067600511598,-1.8671248777253266,0.4226912698839518,0.39662154161066354,48,0.4099493629578508,3.95,24.96,8.29,600.0,4999.79,2.773048589315347e-16,True,True,True
21071,-1.9345673396357252,0.478759821165114,-4.04078883421701,5.327171009538707e-05,-2.8729193463641858,-0.9962153329072647,0.6795951919664981,0.22938214051116446,96,0.34819716324027095,1.06,2.57,1.25,4269.0,4998.32,0.0001080916830245475,True,True,True
22318,-1.828395390691609,0.31863392897935716,-5.738231947075738,9.567003368546245e-09,-2.4529064157436427,-1.2038843656395755,-0.36747021928246226,0.2171903692139634,99,0.3071846858134245,2.95,5.91,2.95,1583.0,4983.9800000000005,3.845160202496732e-08,True,True,True
21056,-1.642649262401499,0.6337525732953705,-2.5919409744722506,0.009543614417698276,-2.8847814811700063,-0.4005170436329919,0.6893267102822533,0.11783895801942246,80,0.19241924777383598,8.45,16.63,8.95,545.0,4961.33,0.012849795126686606,True,True,True
22583,-1.8730281273673386,0.46213283689833273,-4.053008091652654,5.056325284786506e-05,-2.7787918437613937,-0.9672644109732834,0.1722391287828212,0.1357128890053101,84,0.25619016942052797,2.55,5.06,2.55,1873.0,4955.75,0.00010292843587281386,True,True,True
21896,-1.0651955188433795,0.5825383286304907,-1.8285415164828451,0.06746832078836268,-2.2069496625732996,0.07655862488654064,-0.07126240141444251,0.02666218384223873,92,0.23106077283018966,1.75,4.3,2.1,2387.0,4944.040000000001,0.07845637550034772,False,False,True
85184C,-2.386772007434948,0.5661866604915194,-4.215521441926832,2.492017120790391e-05,-3.496477470525333,-1.2770665443445626,0.18855288751284707,0.22382772045546928,91,0.32389292305302686,1.25,6.04,2.95,2275.0,4891.709999999999,5.455809840522517e-05,True,True,True
22276,-0.874935135289794,0.6459726715377216,-1.354446052968515,0.17559411344978104,-2.1410183065008503,0.39114803592126246,0.2065446642356088,0.03769920059315324,92,0.34840872831760855,2.1,5.91,2.55,1889.0,4884.86,0.19322527954047708,False,False,False
23010,-1.0946413936471395,0.651156733935932,-1.6810720623751432,0.09274891817102415,-2.3708851404522964,0.18160235315801754,0.5410666432580657,0.06529845484202901,35,0.13526356456416658,10.79,24.96,16.95,315.0,4879.6,0.10544735268539235,False,False,True
22956,-1.218067588998825,0.3886433595791549,-3.134152582248717,0.001723512102651426,-1.9797945766046186,-0.45634060139303156,0.2872636658929544,0.050068083599282276,55,0.19214709409050018,0.79,4.13,2.1,2494.0,4878.900000000001,0.002656435252246883,True,True,True
22107,-2.0028641439306063,0.3887548919511051,-5.1519972748857725,2.577267820163206e-07,-2.7648097309685324,-1.2409185568926802,1.0000849750357916,0.42229506129229333,88,0.34410499006283723,3.29,7.62,3.75,1240.0,4840.59,8.304529642748108e-07,True,True,True
22027,-2.25536161357527,0.33812657088836706,-6.670169716771181,2.5550777535398052e-11,-2.9180775147324987,-1.5926457124180409,0.40906600071967003,0.45936468346897485,103,0.26793859086181254,0.42,0.85,0.42,11297.0,4806.490000000002,1.4728812126674412e-10,True,True,True
21986,-1.3032992693154153,0.3065503986817311,-4.251500813308469,2.123427390855126e-05,-1.9041270101780032,-0.7024715284528275,-0.14012275279452457,0.1558160817350568,102,0.41470066367521025,0.255,0.85,0.29,13476.0,4786.13,4.692450916485244e-05,True,True,True
21249,-2.3620624977617313,0.2959490663310251,-7.981314241146198,1.4478334509387564e-15,-2.942112009028796,-1.7820129864946666,0.452132186402837,0.32822177326787316,98,0.32792851286336544,2.55,6.04,2.95,1661.0,4770.53,1.40678662629874e-14,True,True,True
21534,-1.4374455509013822,0.40876009398773633,-3.51659952144083,0.0004371127558240787,-2.238600613434553,-0.6362904883682114,0.18770301633050987,0.090337258203673,101,0.20787684101945528,4.13,10.17,4.95,938.0,4768.64,0.0007443157585622298,True,True,True
22442,-1.9551556524076728,0.5003176345205982,-3.9078287821717357,9.312926334340699e-05,-2.935760196898319,-0.9745511079170266,0.15498148257878225,0.2596004715463016,58,0.20183599761742332,1.95,12.04,7.95,866.0,4765.319999999999,0.0001822935217054228,True,True,True
22128,-1.1458548167150142,0.3907808989920849,-2.9322180783923706,0.0033655032886775386,-1.9117713045856854,-0.3799383288443431,-0.5850112092414498,0.14232099911261842,78,0.9891520477080222,1.06,12.72,1.25,3923.0,4759.589999999999,0.004879979768582431,True,True,True
20681,-2.4595777841584625,0.5202507715722666,-4.727677340535783,2.2710268899566136e-06,-3.4792505593692797,-1.4399050089476453,0.30626368758972045,0.2718344829764294,65,0.22670478745223352,3.0,6.77,3.25,1405.0,4757.150000000001,6.072178280238605e-06,True,True,True
22688,-2.6902793554802304,1.0322503046237048,-2.6062277176667354,0.009154557671367086,-4.713452775573192,-0.6671059353872693,0.2658137079828816,0.14664614137908705,33,0.23005740235755961,6.75,16.98,7.95,865.0,4756.7,0.012405708993908667,True,True,True
21916,-2.800714366793035,0.6293981416438728,-4.449829418749286,8.593851980594839e-06,-4.034312056351466,-1.567116677234605,0.896214646618916,0.3061222209089267,104,0.2528775543531819,0.42,0.85,0.42,11011.0,4751.0599999999995,2.060993763794055e-05,True,True,True
22474,-0.8246367163389898,0.48039157287944145,-1.7165928024010941,0.08605359850594924,-1.7661868976592436,0.11691346498126398,0.6872443403194918,0.12601312472193826,75,0.3682611557252158,1.95,11.02,4.95,972.0,4746.53,0.09836933485974185,False,False,False
22672,-1.8382581235859174,0.5638008140471598,-3.260474404764081,0.00111226005399506,-2.9432874135727145,-0.7332288335991202,0.08082805672509207,0.17010862160303752,67,0.28360133370814583,1.65,3.36,1.65,2850.0,4736.11,0.0017722825036185022,True,True,True
22399,-4.321935232758905,1.4031677515389547,-3.0801272535081634,0.0020691216913328943,-7.0720934900433035,-1.5717769754745072,0.18083125733331187,0.08519503311137089,83,0.13499769326715677,1.06,2.46,1.25,4040.0,4734.6,0.0031378072310237373,True,True,True
85049G,-3.2496697837227138,0.3792020331018504,-8.56975833473414,1.0370243415208736e-17,-3.992892111466706,-2.5064474559787215,0.6267549050626532,0.1551944518039905,92,0.15861550893928414,1.25,2.57,1.25,3829.0,4718.620000000001,1.2450897348833419e-16,True,True,True
22305,-2.5895366595771296,0.561803559566978,-4.609327611902406,4.0397333384948765e-06,-3.6906514027148094,-1.4884219164394499,-0.04993834510287941,0.18347995278424933,81,0.2873046507885232,2.1,5.06,2.55,2267.0,4711.530000000001,1.0290401814949787e-05,True,True,True
23176,-0.8194930245375178,1.090542745367203,-0.7514542900944076,0.45237930018947503,-2.9569175290586704,1.3179314799836348,0.5798932527834836,0.05960489058970764,41,0.2658361979958281,1.95,4.58,2.25,2165.0,4693.08,0.47008543597417884,False,False,False
22304,-2.108119508343213,0.62536362593117,-3.371029943105839,0.0007488771766832494,-3.3338096924096847,-0.8824293242767414,0.839417527766417,0.2028542952615089,75,0.26571537278480367,1.835,5.06,2.55,2380.0,4689.56,0.0012253762830277128,True,True,True
20961,-1.7257734451933993,0.49107108794023,-3.5143047260877416,0.0004409067080147285,-2.6882550914051517,-0.7632917989816468,0.6766887762817254,0.21471042064968648,99,0.32581156727556554,1.25,2.57,1.25,3530.0,4687.650000000001,0.0007500985059636853,True,True,True
20963,-1.3144926277359406,0.4010201778215156,-3.277871539723344,0.0010459298298480277,-2.100477733339959,-0.5285075221319218,1.142694090941737,0.24729689459442206,102,0.3114822327172292,1.25,2.57,1.25,3459.0,4676.1500000000015,0.0016722457415297134,True,True,True
22721,-1.2553612198999162,0.48544564579978644,-2.5859974865603554,0.009709763859201068,-2.2068172021192853,-0.303905237680547,0.12407767389724522,0.09853268294730855,50,0.2635383426891081,1.95,10.79,4.95,1020.0,4671.8099999999995,0.013045548734564512,True,True,True
22075,-1.8670763084065536,0.36494748185865206,-5.116013676536865,3.1206044324732644e-07,-2.5823602290980965,-1.1517923877150107,1.5954654045526757,0.3633249252207945,68,0.4177755243778599,0.39,4.21,1.65,3079.0,4660.6900000000005,9.820266035412527e-07,True,True,True
72807B,-1.4403613108008897,0.46529683084424284,-3.0955751583080255,0.001964315836692646,-2.3523263413762314,-0.528396280225548,0.8117765177456222,0.2185698556215322,86,0.29621927367105005,3.81,8.47,4.25,1059.0,4645.870000000001,0.0029981662770571967,True,True,True
15044B,-2.242857946851028,0.5247593264765672,-4.274069718608768,1.9193697552501452e-05,-3.2713673272965957,-1.2143485664054603,-0.7468615373201811,0.1703093439108515,69,0.29211628885568774,2.55,6.04,2.95,1670.0,4644.130000000001,4.296926352311786e-05,True,True,True
21328,-1.324603924462507,0.36098000508392586,-3.6694661914987337,0.00024305747857723497,-2.0321117335660874,-0.6170961153589267,0.724217150822112,0.2949430463375775,101,0.3714122309686423,0.83,3.43,1.65,2441.0,4612.63,0.0004330466418885519,True,True,True
21878,-2.8677187987811155,0.7761612462520472,-3.6947461788756524,0.00022010655042037228,-4.388966887630852,-1.346470709931379,-1.3853653962716874,0.32201148188370843,82,0.30724968822439314,0.79,1.66,0.85,5586.0,4586.4800000000005,0.0003955203503740722,True,True,True
21811,-1.993865268730937,0.26198436867815744,-7.61062684308605,2.7276971753828862e-14,-2.507345195852589,-1.480385341609285,2.0843534282988263,0.6234944298910814,77,0.4449151955675127,0.39,2.51,1.25,6340.0,4577.18,2.275092555573779e-13,True,True,True
10135,-2.0564463128837143,0.40333491413913025,-5.098607238783062,3.4216166995221057e-07,-2.8469682183039646,-1.265924407463464,0.792492384279461,0.23347397881819432,94,0.3054640726196757,0.42,2.57,1.25,4226.0,4566.210000000001,1.0713866243520214e-06,True,True,True
15044D,-2.9155950676851994,0.306330892458715,-9.51779640728903,1.7689007943326646e-21,-3.515992584256293,-2.315197551114106,-1.1121993142688527,0.4009453382171999,83,0.28242055741824734,2.55,6.04,2.95,1596.0,4559.65,3.0590623828597e-20,True,True,True
51014A,-1.7257990920569979,0.32718612312454654,-5.274670806866879,1.3299459964115773e-07,-2.367072109622397,-1.084526074491599,0.8042409881754842,0.4011209289501102,93,0.4194303566305025,0.39,1.7,0.85,6671.0,4556.499999999998,4.444943622758552e-07,True,True,True
22601,-4.016397199319905,0.6017404268540236,-6.674634144689508,2.4784968204676064e-11,-5.19578676399555,-2.8370076346442596,1.9063903680208107,0.7151005681550269,51,0.28969589582663363,0.72,1.66,0.85,5250.0,4547.1900000000005,1.4331185603010548e-10,True,True,True
85184D,-2.3724561377610747,0.4921010499825466,-4.821075138622888,1.4278655768535777e-06,-3.336956472481211,-1.4079558030409385,1.3218529246479576,0.5489461923044208,33,0.3518962226250431,0.42,6.04,2.95,8311.0,4546.78,3.9349804274400496e-06,True,True,True
22743,-0.9545314837115491,0.3357300703264788,-2.8431515913463468,0.004466981861074545,-1.6125503300785469,-0.29651263734455113,1.0790451701085153,0.27041957347753853,63,0.3193232965893207,0.79,5.91,2.95,1502.0,4542.500000000001,0.006316774799794087,True,True,False
37447,-1.730174621375068,0.3753906127896244,-4.6089981007188605,4.046140287569641e-06,-2.4659267025771525,-0.9944225401729831,0.3941393890885886,0.2479797228698447,98,0.3833032226881646,1.25,3.43,1.49,2891.0,4540.849999999999,1.029281301223856e-05,True,True,True
22736,-2.612215362095747,0.5288926011237017,-4.939027992726222,7.851294244612718e-07,-3.648825811987911,-1.5756049122035831,2.396161116135093,0.6765868272509665,46,0.3770117486980449,1.55,4.13,1.65,2527.0,4538.280000000001,2.2909736302004605e-06,True,True,True
21506,-1.7481137278158234,0.40552753664426544,-4.310715228567311,1.6272735649608968e-05,-2.5429330943778305,-0.9532943612538162,0.6767217103866514,0.26938445031111524,104,0.18672844417690876,0.42,0.83,0.42,10878.0,4534.49,3.718073539334898e-05,True,True,True
21990,-1.502034825078508,0.5228106974309992,-2.872999409651038,0.0040659487614119255,-2.5267249627755337,-0.4773446873814824,1.101586427900583,0.3919180161435818,93,0.4084945196736458,1.25,6.04,2.51,2453.0,4530.540000000001,0.005801902661060923,True,True,True
21564,-1.8560602151597123,0.6102781424201256,-3.041334903130071,0.0023553169295529204,-3.052183394855164,-0.6599370354642604,0.07061080090077926,0.1503857330159265,97,0.24968339223791053,0.79,5.91,2.95,1951.0,4524.5,0.0035376672607229124,True,True,True
22908,-2.6095559379018507,0.47533796387584454,-5.489895897697435,4.021707079697323e-08,-3.541201227583107,-1.6779106482205943,0.25174247676762374,0.14211869256310383,62,0.13907761678862132,0.745,1.63,0.85,5610.0,4524.0,1.4543203240213798e-07,True,True,True
23163,-1.0734493684568318,0.386815683262611,-2.775092673086013,0.005518598001098798,-1.8315941763068024,-0.3153045606068613,-0.3363189949149017,0.15821798753212846,33,0.31593404903257916,2.285,4.96,2.49,1832.0,4515.219999999999,0.007694199136147362,True,True,True
22760,-0.6112238095449769,0.7662361742804357,-0.7976963631597931,0.4250467148618393,-2.113019114786387,0.890571495696433,0.8823353393700716,0.14648942252412778,41,0.2060539494830427,10.95,25.49,12.75,356.0,4506.89,0.4433940550717029,False,False,False
84968E,-1.8408558520227583,0.45284765099668467,-4.065066580275218,4.801875199938739e-05,-2.7284209384598244,-0.9532907655856924,0.8716093235603065,0.1543047988175762,54,0.2511321849211876,8.29,25.49,12.75,387.0,4490.4800000000005,9.860059642575733e-05,True,True,True
22747,-2.300914617051527,0.6243727140412046,-3.6851620279160393,0.00022855719195896953,-3.5246626495018143,-1.0771665846012397,1.6653827683054345,0.33902435956297106,62,0.17853811642009987,2.1,4.13,2.1,2035.0,4487.2,0.00040914559054383435,True,True,True
84279P,-1.1032916286810306,0.3088162998511362,-3.5726470047496472,0.0003533909833449076,-1.7085604542281796,-0.4980228031338816,0.40654389864452706,0.10580196569531009,97,0.31206090010490073,3.75,8.65,3.75,1145.0,4476.67,0.0006139557636913833,True,True,True
21109,-2.0567856447446067,0.33798582367372987,-6.08541986284637,1.1618642756106937e-09,-2.7192256864302227,-1.394345603058991,0.3096510563222862,0.39655330339584394,76,0.3512510071912825,1.95,13.87,6.75,1173.0,4476.49,5.394369851049649e-09,True,True,True
21064,-1.4527190297381638,0.14881210853614393,-9.762102318342752,1.637254494498534e-22,-1.7443854029324715,-1.1610526565438561,1.1702162274308625,0.4122488622075072,60,0.31803725541566746,1.25,11.87,5.95,884.0,4432.919999999999,3.0556680417126105e-21,True,True,True
21864,-1.03641300097452,0.3154541487972558,-3.2854632120899088,0.0010181483693838568,-1.6546917713908806,-0.41813423055815946,0.09517048440799258,0.08192427119143586,99,0.33110454945875845,1.63,4.3,2.1,1853.0,4431.54,0.0016305944573394818,True,True,True
22299,-2.098280071593002,0.40280463221722607,-5.209175624528155,1.8968150681729171e-07,-2.8877626435446677,-1.3087974996413367,1.6246720255032978,0.441518880780546,72,0.3464341401045468,0.39,2.51,1.25,3912.0,4430.82,6.16464897156198e-07,True,True,True
22733,-5.847800736187252,0.8200646908082972,-7.130901746816296,9.971348174769494e-13,-7.45509799516449,-4.240503477210014,1.9003552215024033,0.7744423266939974,40,0.20798099207610463,1.25,2.46,1.25,3441.0,4425.49,6.688964878804447e-12,True,True,True
22291,-2.6111878564122017,0.4595040514161291,-5.682622053853225,1.3264518499488235e-08,-3.5117992479380558,-1.7105764648863475,-1.0203049648881466,0.20538179734220552,65,0.2770178543010586,1.25,2.98,1.45,3193.0,4412.929999999999,5.198257249799443e-08,True,True,True
22548,-2.7931591190966216,0.7139083486331046,-3.91248978169899,9.134940465612233e-05,-4.192393770679971,-1.3939244675132718,0.9824546329983286,0.29381846442532045,83,0.21430431312578901,1.25,2.51,1.25,3526.0,4404.31,0.0001791817146480651,True,True,True
84031A,-1.8275785753108678,0.6371470937976517,-2.8683777939216015,0.00412582550736099,-3.0763639320086287,-0.5787932186131068,1.5003908386229092,0.2677762703390152,74,0.19902110832523046,1.95,9.13,4.43,1098.0,4404.0199999999995,0.005874003837896877,True,True,True
21967,-1.0421818912600322,0.5650240773231215,-1.8444911165511932,0.0651115992800125,-2.149608733211325,0.06524495069126068,0.8219993952738015,0.0608842472968143,93,0.4333057872754002,0.29,0.83,0.29,15652.0,4401.44,0.07604421601166268,False,False,True
22594,-2.4836346042534387,0.8313002453944021,-2.987650512571548,0.0028113082912213034,-4.1129531455657755,-0.8543160629411017,2.071168915782532,0.5785530442534962,51,0.30593914137127665,0.72,1.66,0.85,4791.0,4377.33,0.004136858804802621,True,True,True
22449,-1.2861780006603911,0.4092396332185932,-3.1428480925584887,0.0016731264502130782,-2.088272942815215,-0.484083058505567,0.8781269800240066,0.20097744521217886,76,0.17459629762661058,2.46,6.77,3.35,1323.0,4374.450000000001,0.0025872381941358918,True,True,True
21810,-2.0655850919763545,0.3871679245837831,-5.3351141993410724,9.548444307575863e-08,-2.824420280129689,-1.30674990382302,1.8277047710001622,0.669696297798983,43,0.5209242929485447,0.39,2.51,1.25,6959.0,4374.41,3.2725122763237275e-07,True,True,True
85053,-1.7884860191014644,0.48294865273036985,-3.7032632951560918,0.00021284377491774057,-2.735047984835131,-0.8419240533677979,0.6791421781522069,0.14670584960198207,72,0.31612348956122155,1.69,4.3,2.1,2032.0,4363.28,0.0003839335078659722,True,True,True
79320,-3.1232588900527003,0.6150095267990252,-5.078391071937539,3.8064456483831744e-07,-4.3286554127278105,-1.9178623673775896,0.46745406715571214,0.38074482045429103,41,0.31353327772681305,4.25,11.02,4.95,904.0,4357.38,1.1879387495368018e-06,True,True,True
22071,-2.911830463653378,0.29654282331604687,-9.819257910517809,9.302580624062654e-23,-3.4930437172266546,-2.3306172100801015,0.8855143785867003,0.23703479867761323,82,0.19367726812962033,2.125,7.62,3.75,1530.0,4355.88,1.789322905750827e-21,True,True,True
84598,-2.8369488448309172,1.0321704474347286,-2.7485274858252686,0.005986361556303004,-4.859965747709579,-0.8139319419522559,1.1500129376435464,0.20864521273718328,87,0.22711079766099967,0.21,0.43,0.42,20775.0,4350.139999999999,0.00827901066297224,True,True,True
20674,-2.014927702187236,0.4301661587094091,-4.684068380070743,2.8123611638324134e-06,-2.858037880625619,-1.1718175237488533,0.19536669049420058,0.22297204621450417,103,0.24458766960201817,1.155,2.57,1.25,3412.0,4348.52,7.35270567798072e-06,True,True,True
15039,-2.006443653813241,0.5195508816639748,-3.861880952616553,0.00011251739411172694,-3.024744670010663,-0.9881426376158187,-0.31512315447317485,0.16085970959792106,94,0.3109557001192674,0.85,1.7,0.85,5101.0,4345.620000000001,0.0002159829815688445,True,True,True
22227,-1.083669034289011,0.23059706058431154,-4.6994052376170545,2.6092025724663627e-06,-1.5356309679750624,-0.6317071006029595,0.28546944715781164,0.14795782564719318,104,0.31587831507856723,0.65,1.3,0.65,6021.0,4344.17,6.910365075085945e-06,True,True,True
21537,-2.8627255366253594,0.3921024527656208,-7.300963093787514,2.857151181628284e-13,-3.631232222295794,-2.094218850954925,0.6213604820167573,0.23882447989551103,83,0.1888812637137826,4.0,8.47,4.25,1005.0,4338.71,2.0956147771865042e-12,True,True,True
22611,-3.1061242489629874,0.37523230323678675,-8.277870061210848,1.2539794949797627e-16,-3.841566049143102,-2.370682448782873,-0.284222089361151,0.20592296013626377,58,0.20514444847465918,4.25,10.17,4.95,907.0,4338.63,1.3354527390038715e-15,True,True,True
22202,-1.1577210443701813,0.474376049177183,-2.440513272915606,0.014666406984707852,-2.0874810158858614,-0.22796107285450107,0.7535174516649819,0.15031943689506988,64,0.3347148316096669,3.57,7.62,3.75,1074.0,4336.25,0.019105858442414858,True,True,True
21899,-1.4368539451509585,0.36600317263981874,-3.9257964208003107,8.644324429101759e-05,-2.1542069817523988,-0.7195009085495181,0.8522603722194322,0.22297028652590178,103,0.3432595324083677,0.65,1.7,0.65,6676.0,4322.47,0.00017044509988343952,True,True,True
22425,-1.7810302590313607,0.47365185376691127,-3.7602096241511243,0.00016977103586045126,-2.709370833625139,-0.8526896844375823,0.05318243596014427,0.1422544973926576,80,0.22088267189090383,4.6,9.96,4.95,854.0,4321.5199999999995,0.00031435992396557034,True,True,True
21913,-2.2537760872205355,0.3195669910371159,-7.052593510694514,1.7561331555814427e-12,-2.880115880301117,-1.627436294139954,0.26429559125688595,0.2886014703786979,98,0.2955624014322099,3.29,7.62,3.75,1129.0,4302.4800000000005,1.1336681500928149e-11,True,True,True
47580,-0.816154258670821,0.419152002161653,-1.9471558156987103,0.05151605704427711,-1.6376770869555157,0.005368569613873664,0.11103786369540644,0.030093507776062012,90,0.30642418629833057,2.325,5.91,2.55,1662.0,4298.599999999999,0.061460612359786296,False,False,False
21012,-1.0545493619146122,0.7041371802793736,-1.4976476053944618,0.13422483130558882,-2.4346328754377717,0.32553415160854704,0.5193394490035601,0.05478804468502685,90,0.20240708882700692,0.65,4.21,2.305,2297.0,4293.7,0.14971231184084907,False,False,True
84969,-1.075101205598844,0.5108169560795536,-2.1046701617935524,0.03532002955011249,-2.0762840422071474,-0.0739183689905405,0.26103954268085694,0.08503181318702202,94,0.311038213291832,3.29,8.47,4.25,969.0,4279.929999999999,0.04331701737277947,True,True,True
21245,-2.8659919360467763,0.46089127086018256,-6.218368880577503,5.023494713811576e-10,-3.769322227721629,-1.9626616443719236,-0.17613529819059637,0.22612572314995805,99,0.22497863852594152,1.69,3.36,1.69,2567.0,4268.36,2.4280224450089283e-09,True,True,True
20966,-2.9658870096771226,0.6545910915934695,-4.530900355605621,5.873283773120269e-06,-4.248861973801082,-1.6829120455531625,0.2787469398100326,0.3497850183116701,72,0.3128773900366252,1.25,2.57,1.88,3007.0,4265.24,1.4453185264140609e-05,True,True,True
22723,-2.2450682090194283,0.3018775158857352,-7.437016971708545,1.0298432414026416e-13,-2.8367372678978873,-1.6533991501409693,-1.0483746354945587,0.3850347751481691,51,0.23037943140087777,1.25,8.29,3.95,1164.0,4262.82,7.955961106737621e-13,True,True,True
72802B,-2.1380790919314014,0.15235005709583682,-14.03398943648855,9.656308281690443e-45,-2.4366797168818626,-1.8394784669809403,0.8647535208466771,0.3505974172974209,79,0.2155824553884024,0.75,8.47,4.25,1559.0,4258.97,1.5168450925822073e-42,True,True,True
22530,-2.1883033346620198,0.8222355751569019,-2.6614067802216415,0.007781488468728334,-3.7998554487771243,-0.5767512205469152,1.2167435065503958,0.24173588788421052,87,0.2506243188709631,0.39,0.85,0.42,10065.0,4257.09,0.010629062147502108,True,True,True
20665,-1.7056094306900533,0.46297081698399684,-3.684053871475467,0.00022955369256473363,-2.6130155578717718,-0.7982033035083348,0.1341274310504039,0.21884732944642105,95,0.3170889615830946,2.46,5.91,2.95,1335.0,4256.34,0.0004105395735147276,True,True,True
22312,-0.6969539638448523,0.4732475754520389,-1.4727047744072064,0.1408306586486276,-1.6245021675017504,0.23059423981204574,0.8652743205139986,0.12359987281681184,85,0.39894081633010986,2.46,8.65,2.95,1233.0,4254.049999999999,0.1568020032797773,False,False,False
22285,-1.8963469138264402,0.6219348721221282,-3.0491085141372456,0.0022952156024027876,-3.1153168639153357,-0.6773769637375449,-0.4576992738492705,0.09874843193225535,79,0.26335445835202653,1.65,3.43,1.65,2705.0,4248.010000000001,0.0034528981728086626,True,True,True
22744,-1.2766126551534724,0.2947986684417561,-4.3304559749247815,1.4880089490411017e-05,-1.854407427989679,-0.6988178823172658,1.293541830100686,0.3299089920284166,63,0.20802321970687065,0.79,5.91,2.95,1515.0,4245.17,3.412283295550458e-05,True,True,True
21556,-1.4398324047920759,0.5892121620673512,-2.4436569668558414,0.014539243361805721,-2.5946670216970613,-0.2849977878870902,0.014258152279562758,0.09342579654713645,78,0.2700739437635987,2.46,5.485,2.55,1607.0,4244.410000000001,0.018953301339560018,True,True,True
20982,-2.2404607999949695,0.9615876475662842,-2.329960046455911,0.01980826288012708,-4.125137957203481,-0.3557836427864578,1.4158947410990526,0.290066955746753,100,0.1374187833913347,0.72,1.66,0.85,4851.0,4243.799999999999,0.025228767249351042,True,True,True
22497,-1.4052968772704717,0.6887718926534943,-2.0402935895896745,0.04132109291288659,-2.7552649804348084,-0.05532877410613479,0.1307780035476862,0.11808004710094189,84,0.29368850163444377,4.25,8.47,4.25,929.0,4239.07,0.05028422216965218,False,False,True
21068,-1.751955814279218,0.48744741144116366,-3.594143230957919,0.0003254607706052442,-2.707335185061176,-0.7965764434972598,0.813326896488705,0.22230277884971283,97,0.3297041577343535,0.38,2.51,1.25,4066.0,4224.63,0.0005717554078200236,True,True,True
21355,-1.6598827160843161,0.7182004363719074,-2.3111691834517,0.020823511810904274,-3.0675297050542056,-0.2522357271144269,-0.16541622146519275,0.04394898828782179,77,0.25087649358772507,1.05,2.57,1.25,3452.0,4218.05,0.02634383876748628,True,True,True
72807A,-1.2319944168247245,0.49521107644511503,-2.487816762235261,0.012852993659738843,-2.2025902914024615,-0.26139854224698755,1.3427249705629967,0.26496412635832267,82,0.3147013749134167,3.81,8.47,4.25,924.0,4213.54,0.01690711308346666,True,True,True
22797,-0.8821725984493693,0.5241313570162862,-1.683113568078236,0.09235310838803483,-1.9094511813693953,0.1451059844706566,0.19206659015613706,0.03845266247014989,48,0.21639268210837387,15.95,34.0,16.95,242.0,4205.5599999999995,0.10506071774981632,False,False,False
84950,-0.7550993570490545,0.4179667842360565,-1.8066013509403527,0.07082445872816565,-1.5742992008857488,0.0641004867876398,0.7669552618395323,0.1750348805597941,88,1.2114772402459242,0.55,10.17,0.7849999999999999,6041.0,4199.2699999999995,0.08195463763203943,False,False,False
21470,-2.2161591934711438,0.34159378727284706,-6.48770345375454,8.715460626165815e-11,-2.885670713868561,-1.5466476730737269,0.044662506601368696,0.15163054321935043,94,0.24030658156773702,3.29,7.78,3.75,1102.0,4190.93,4.601860862835451e-10,True,True,True
21707,-1.8204194586976896,0.41165543238147007,-4.4221922401615625,9.770446368263132e-06,-2.6272492802056346,-1.0135896371897446,0.4934341386604686,0.1912687618212503,72,0.2817549054135553,1.95,10.39,4.95,1005.0,4184.950000000001,2.3166404281982394e-05,True,True,True
22127,-0.8133164304874925,0.2610133771464463,-3.11599520062593,0.001833252560915401,-1.3248932491776972,-0.3017396117972877,-0.052853633913912845,0.1650308584190795,58,1.1255459706559205,1.06,12.72,1.25,3468.0,4153.11,0.0028072145226040054,True,True,False
21143,-2.4762108408668944,0.6712130119928825,-3.6891579820761162,0.00022499747781802717,-3.7917641703275953,-1.1606575114061932,1.7192345253267969,0.5011586545408687,40,0.29422013427034005,1.95,4.21,1.95,2088.0,4149.15,0.00040353971996858346,True,True,True
70006,-1.8489696373548614,0.5040987180940733,-3.6678721270023398,0.00024457744096092457,-2.836984969472055,-0.8609543052376681,-0.6930568261872363,0.16789836548255488,61,0.38686687949893095,0.42,3.43,1.65,4438.0,4139.56,0.0004353432258841764,True,True,True
22807,-2.1098615234771323,0.3621199512197046,-5.82641612639852,5.663030745468307e-09,-2.8196035859511546,-1.40011946100311,0.9287344034568699,0.5177910853685213,59,0.34132714915337653,1.25,5.91,2.95,1375.0,4086.5600000000004,2.37397427076117e-08,True,True,True
23009,-1.3751677231529968,0.7056762498813313,-1.9487232613882775,0.0513284823126618,-2.7582677576656938,0.007932311359700073,0.4592826020307386,0.18404623575953538,38,0.2080702594043869,10.79,24.96,16.95,263.0,4082.5199999999995,0.06127561061391228,False,False,True
21911,-2.9799557605618543,0.7128547109197839,-4.180312923396227,2.911082192833922e-05,-4.3771253201743425,-1.5827862009493663,0.21856194164749398,0.24180161870832007,65,0.3014221102170737,1.65,3.36,1.65,2546.0,4080.8499999999995,6.30010325314804e-05,True,True,True
23193,-0.3588368748280115,1.9971991397657207,-0.1796700527670488,0.8574116052389961,-4.273275258723202,3.555601509067179,1.8896532839565265,0.20279525853331204,41,0.18760265191829553,2.08,4.58,2.25,1922.0,4079.2799999999997,0.8652146016464174,False,False,False
21472,-2.8060957821124792,0.46156909964765613,-6.0794706236932745,1.2057996960019578e-09,-3.7107545937984647,-1.9014369704264937,0.19114832263560022,0.23487322677000866,70,0.2769343722036186,3.75,7.78,3.75,1056.0,4077.8199999999997,5.5846005576503454e-09,True,True,True
84596B,-1.61213285246692,0.11889484388716418,-13.559316785822073,6.978303168953518e-42,-1.845162464433274,-1.379103240500566,0.10515711452927523,0.5285149706299852,100,0.530289259788729,0.42,2.51,1.25,6221.0,4074.6699999999996,8.221313420923365e-40,True,True,True
20981,-2.0850524987990102,0.7641990059040417,-2.7284156125437624,0.006363937073991292,-3.582855027392244,-0.5872499702057765,0.8212446114554928,0.21686982187537518,101,0.16527449926836296,0.785,1.63,0.85,4718.0,4069.1600000000008,0.008775436272475191,True,True,True
22359,-1.9177867749196456,0.4927640916960424,-3.8918963602214283,9.946373441013163e-05,-2.8835866475184813,-0.9519869023208097,0.8172274570124998,0.1552891615188824,74,0.26437048334962504,2.75,5.91,2.95,1278.0,4052.179999999999,0.00019408813598664404,True,True,True
72349B,-2.4394079724788993,0.5866895949477064,-4.157919270234086,3.211594717504794e-05,-3.5892984486807964,-1.2895174962770022,0.5095984419335217,0.17112115925112237,93,0.2512430438733572,1.69,4.3,2.1,1990.0,4049.9900000000007,6.879381866473338e-05,True,True,True
35924,-2.1279528612947587,0.46363589502559904,-4.589706888801754,4.4386886161507725e-06,-3.0366625174849258,-1.2192432051045914,-0.028052949510671412,0.21978164687283663,76,0.344575335036739,1.63,4.3,2.1,2164.0,4049.4,1.1185732675727548e-05,True,True,True
21717,-2.505663221953541,0.7745516743373503,-3.2349852243198662,0.0012164902588001055,-4.023756607819944,-0.9875698360871377,0.2738282108765109,0.1318779202977014,43,0.2558299123866265,2.1,5.06,2.55,1554.0,4039.63,0.0019269614603682342,True,True,True
21679,-3.1628010231674413,0.6375590774478618,-4.960796787378638,7.020460709587107e-07,-4.412393852981833,-1.9132081933530491,0.6312220032667463,0.3634792360827257,96,0.28424375137560925,0.785,1.7,0.85,4871.0,4034.51,2.064519257031466e-06,True,True,True
22639,-0.7770764375273488,0.45096736827779177,-1.7231322977867365,0.08486460334856735,-1.6609562375546316,0.10680336249993394,1.1191431077637553,0.18629216477427957,68,0.16708596680290572,0.79,3.755,2.55,1651.0,4021.12,0.09706903963109798,False,False,False
22053,-2.2885755397635923,0.7652051711947928,-2.9907998872906285,0.0027824776864335383,-3.788350116089193,-0.788800963437992,-0.5065227449085362,0.1976976320333501,53,0.3127890851367222,1.035,2.57,1.25,4551.0,4020.8900000000003,0.004097633155411891,True,True,True
22284,-2.5923906462354336,0.4373504976724171,-5.927489873756078,3.076003116362411e-09,-3.4495818702940397,-1.7351994221768274,-0.1987487169524086,0.2455488710664907,88,0.28597625654309783,1.65,3.36,1.65,2465.0,4017.74,1.3547350173698937e-08,True,True,True
22057,-0.8784929101984629,0.30161795218953913,-2.9126015338981244,0.003584316533408228,-1.4696532335806833,-0.2873325868162423,0.6632129034925842,0.1265633367605249,81,0.4280441171861378,0.39,3.43,1.49,3060.0,4011.73,0.005165471456784793,True,True,False
21349,-1.7278000548347918,0.7222665139800039,-2.3921918313973314,0.016748086159219404,-3.143416409474895,-0.3121837001946888,0.6911583571140317,0.14515541865419024,30,0.2884882691600151,6.35,13.87,6.75,553.0,4010.7299999999996,0.02157904470958891,True,True,True
20967,-2.967736804458501,0.5142041829687949,-5.771514318152876,7.856228198653942e-09,-3.975558483777183,-1.9599151251398188,1.3670380450504434,0.3816218929455625,68,0.21276916240907134,3.39,7.62,3.75,1055.0,3997.34,3.199744916672579e-08,True,True,True
22245,-1.4309168406782478,0.7250643941633736,-1.9735031153051343,0.04843826998257523,-2.852016939710814,-0.009816741645681581,0.6173308364608421,0.14206263642444328,75,0.31530865158807353,0.85,1.7,0.85,4633.0,3988.8500000000004,0.058193842522086876,False,False,True
22731,-6.1645415992836305,0.7710489046509603,-7.995007271392475,1.2956622020658337e-15,-7.67576968271857,-4.653313515848691,2.201811647518358,0.6702137931951502,37,0.18167448043677564,1.25,2.46,1.25,2958.0,3965.62,1.2720433598406753e-14,True,True,True
21648,-1.4153840793800312,0.52980633090274,-2.671512205164386,0.007551032639542604,-2.453785406730712,-0.3769827520293505,0.879926337321286,0.1316562846261854,77,0.32861587541223003,1.25,2.57,1.785,2940.0,3956.4800000000005,0.010344256195885035,True,True,True
22445,-1.9018147360880073,0.45634832690612254,-4.167462931181597,3.080085803553427e-05,-2.796241021229118,-1.0073884509468962,0.577318610789527,0.22318262464557204,77,0.24428498772374083,2.46,5.79,2.95,1287.0,3948.86,6.627810205134942e-05,True,True,True
22788,-2.537260092287873,0.9863927064203458,-2.572261611195079,0.010103651145343047,-4.470554271484742,-0.6039659130910044,0.7829877964712756,0.3171351496303755,32,0.246946416024105,6.78,20.38,9.95,476.0,3942.62,0.013545791187035309,True,True,True
18097C,-3.2378783972995224,0.30731943960379304,-10.535872385664598,5.903335460733883e-26,-3.840213430671989,-2.635543363927056,0.10966481164052833,0.30067501409375685,80,0.27616648674021277,1.95,5.06,2.55,1763.0,3924.92,1.4085806763902998e-24,True,True,True
21812,-1.6440107886201265,0.3448510480807381,-4.767306922133011,1.8670477605329162e-06,-2.3199064228892636,-0.9681151543509894,1.3781011497877618,0.46643955467391507,65,0.38661587932422237,3.29,10.17,4.95,805.0,3917.49,5.049332896132779e-06,True,True,True
22314,-0.5338321935740419,0.46827615678562556,-1.1399943939883908,0.25428863668483825,-1.4516365956926998,0.3839722085446159,0.9484406816724551,0.15096418811064294,83,0.32704997164185085,1.25,8.65,4.37,1110.0,3888.48,0.2732805474064539,False,False,False
21192,-1.1277491881560597,0.5011272586102008,-2.2504247549488694,0.024421995042732923,-2.109940566703343,-0.1455578096087765,0.8516430803461795,0.11923884752680913,67,0.34475812033458786,1.45,3.43,1.65,2167.0,3885.640000000001,0.030608683946510347,True,True,True
37340,-0.7385768357318803,0.15392362929733602,-4.79833303764663,1.5999159479756158e-06,-1.0402616055243532,-0.4368920659394074,1.2955803791202891,0.41589440351507556,84,0.9991294515342893,0.1,8.65,0.885,13665.0,3881.3300000000004,4.353673098029163e-06,True,True,False
22843,-2.04033125489048,0.5974290082164296,-3.415186117228731,0.0006373844344258482,-3.211270594314166,-0.8693919154667937,0.16886867150911328,0.07201960213632452,54,0.1811828203669896,5.95,13.29,6.75,595.0,3858.5099999999998,0.0010520750077869737,True,True,True
22475,-0.9169013219281303,0.314547166692514,-2.9149883356744666,0.003557018366760482,-1.5334024400845747,-0.3004002037716861,0.8577359688265698,0.1427804981399068,82,0.33966468812770445,1.95,11.02,4.95,769.0,3856.8,0.005130053268051652,True,True,False
22478,-1.9961313182357638,0.4579369351818201,-4.358965536254935,1.3067868819305862e-05,-2.893671218382784,-1.0985914180887433,-0.437817837801209,0.22545223546486937,87,0.2984860096918952,1.25,2.51,1.25,2772.0,3848.4100000000008,3.040184234788521e-05,True,True,True
22778,-1.6454079609402232,0.442611858341587,-3.7174963343850917,0.0002012069053418834,-2.512911262420078,-0.7779046594603685,0.15395763794293604,0.1959934345303349,53,0.3672627138642008,3.39,8.47,3.95,972.0,3844.46,0.00036503851450380196,True,True,True
21447,-0.7400638152160977,0.49674270904662726,-1.4898332713055096,0.13626808049844047,-1.713661634530346,0.23353400409815062,-0.1867182328727206,0.03140277932985358,90,0.30356539155933987,1.155,2.51,1.25,2776.0,3842.6299999999997,0.15190143804823197,False,False,False
22118,-0.8554441243157878,0.16567767005061487,-5.163303685128164,2.4262902529632813e-07,-1.1801663906575033,-0.5307218579740722,1.4926373076992474,0.3179258284078281,72,0.3164227266320861,1.25,11.87,4.95,799.0,3842.07,7.831433436362646e-07,True,True,False
21055,-0.8146486135635644,0.37323377606728786,-2.182676557699046,0.029059637455730213,-1.5461733724693363,-0.0831238546577927,0.8177728593602079,0.21152880595427392,86,0.2825906605268761,7.46,17.35,8.95,386.0,3839.09,0.036037774081612794,True,True,False
21067,-2.1580845250812857,0.2579669236251014,-8.365741215015575,5.973818243825327e-17,-2.663690404589079,-1.6524786455734923,0.23869365063515283,0.31371563168529804,80,0.37241152011512635,0.38,2.51,1.25,4763.0,3830.67,6.62391022918279e-16,True,True,True
21846,-2.4076790715004517,0.2005452630164533,-12.00566413430029,3.3178966062885986e-33,-2.8007405642828127,-2.0146175787180907,1.1209346366193973,0.39239772411009366,82,0.358127654396541,1.25,8.29,4.21,1601.0,3803.399999999999,1.563558775713502e-31,True,True,True
22579,-1.8957358809134015,0.27301792285479703,-6.943631616161835,3.821462353684446e-12,-2.4308411768427387,-1.3606305849840643,2.1112547306098155,0.6592979071475595,43,0.4763643832163361,0.29,1.66,0.85,7152.0,3797.2799999999997,2.3617890284246492e-11,True,True,True
21100,-1.9792658158915541,0.4057754423243232,-4.877736820528411,1.0730997154913044e-06,-2.7745710686580374,-1.1839605631250707,0.5029248358763436,0.35765644194741697,60,0.4254388379886569,1.65,4.21,1.65,2540.0,3795.0,3.0417939303776073e-06,True,True,True
22458,-1.9852708177019611,0.7791642867228454,-2.5479489390510746,0.010835832990436984,-3.5124047577185786,-0.45813687768534384,-0.6212349373177942,0.1428778362458446,49,0.25159648979691956,2.55,5.06,2.55,1523.0,3790.47,0.014435014266412518,True,True,True
72802A,-3.213869028548445,0.2494113892913145,-12.885815029058756,5.410092569879908e-38,-3.7027063688935202,-2.7250316882033694,0.520755470024737,0.27623873608901117,78,0.23524211369276252,3.81,8.29,4.25,914.0,3789.8999999999996,4.4339236931407073e-36,True,True,True
22292,-2.0211922094556725,1.1168086723451516,-1.8097927241301182,0.07032793666624519,-4.210096984874164,0.1677125659628187,-0.7110328076851749,0.05759265013320314,70,0.19534007625709238,1.25,2.98,1.45,2779.0,3773.74,0.08158040653284443,False,False,True
84356,-1.29639510904833,0.5063188369984188,-2.560432309280997,0.010454202706195808,-2.2887617942594374,-0.30402842383722295,-0.007916555747686627,0.13649664784232307,67,0.29082797382476594,1.95,13.89,6.95,750.0,3771.0399999999995,0.013966103544421756,True,True,True
21743,-2.186042491546748,0.6128295899448546,-3.5671294719033697,0.00036091318311967,-3.387166416499112,-0.9849185665943831,2.137396240594844,0.47181958940440416,55,0.33173992059867835,2.55,6.04,2.95,1288.0,3767.08,0.0006258706073418381,True,True,True
21627,-0.34827992326610635,0.31094833297625135,-1.1200572131470672,0.2626893821537407,-0.9577274569523274,0.2611676104201147,0.3935287205673004,0.0658257205683569,71,0.302675400773867,12.75,30.43,22.37,195.0,3766.3499999999995,0.28150624523013146,False,False,False
21813,-0.7205020283441709,0.5179491906914856,-1.391067002889353,0.1642051097659989,-1.7356637879211512,0.29465973123280953,1.860460810200614,0.501364159426403,43,0.42638678873323654,3.29,10.39,4.95,815.0,3761.41,0.18090393448796488,False,False,False
21329,-1.4490514978039002,0.20241154347586962,-7.158937049341991,8.130500826154332e-13,-1.845770833071768,-1.0523321625360325,1.055860581709126,0.3882190082855964,100,0.34579535485946233,0.83,3.43,1.65,2082.0,3760.66,5.512947502626228e-12,True,True,True
21845,-1.2034744406768307,0.20719964561159024,-5.808284261898908,6.311629021930335e-09,-1.6095782836850103,-0.7973705976686511,0.049353699454962485,0.4088946059962201,78,0.5922440022812133,0.79,5.91,2.95,2521.0,3758.41,2.614817737656853e-08,True,True,True
22544,-2.791540379593716,0.7188710000074298,-3.88322853413876,0.00010307860203018004,-4.200501649138571,-1.3825791100488607,0.9813532134348708,0.2724190609454239,86,0.30419889100780395,0.19,0.85,0.42,9382.0,3756.52,0.00020051926194725427,True,True,True
22162,-0.24972545117107697,0.9491919824771158,-0.26309266806001247,0.7924791549810896,-2.110107551240398,1.6106566488982441,0.9733335224249771,0.09862905643932274,68,0.21931677361909188,2.95,6.04,2.95,1218.0,3737.9,0.8018374702841405,False,False,False
22494,-1.001944316955271,0.3218230945029238,-3.113338769247862,0.0018498355083773608,-1.632705991574232,-0.37118264233631026,-0.051095888403802164,0.09278428190985633,97,0.3350031524948036,1.155,2.51,1.25,2765.0,3730.9199999999996,0.0028303083874117903,True,True,True
22782,-2.921509362035043,0.21437152690838338,-13.628252800959046,2.7201492177057982e-42,-3.341669834086334,-2.5013488899837526,-0.19724467218022224,0.729073172182053,39,0.24638631744967676,9.95,24.95,24.95,254.0,3712.2999999999997,3.4183208502502862e-40,True,True,True
21351,-2.9562705701953282,0.30754891325782663,-9.61235901918797,7.090554587360461e-22,-3.5590553636651014,-2.353485776725555,-0.027567322135414296,0.5017779999514063,34,0.24387273948587038,1.95,10.16,6.75,1099.0,3702.75,1.2375643886272655e-20,True,True,True
21246,-0.07736992911921464,0.5378767249017674,-0.1438432368185196,0.8856242598366337,-1.1315889380490374,0.976849079810608,-0.24529202763521923,0.011254946717886072,77,0.1854047190892699,4.13,11.26,4.95,749.0,3685.63,0.8912983074170072,False,False,False
85040A,-1.8228142455864038,0.3642579628618666,-5.00418503212694,5.609885339602641e-07,-2.536746733877591,-1.1088817572952165,0.5237563357037837,0.18656229065734098,99,0.2590550236607316,1.55,3.36,1.65,2065.0,3639.8900000000003,1.6785133119287267e-06,True,True,True
21486,-6.993007075766163,1.5332090735446005,-4.561026409528837,5.090417748774842e-06,-9.998041640683603,-3.987972510848723,0.4116986278874485,0.24400710536008052,43,0.07989887052733709,2.52,4.3,3.75,1116.0,3638.67,1.2675610906790724e-05,True,True,True
85232D,-0.5750920661206353,0.4711396546278674,-1.220640335560112,0.2222222272552976,-1.4985088208798953,0.34832468863862454,0.2962930337903525,0.03523492546560347,82,0.26783869397645055,4.25,10.17,4.95,701.0,3636.66,0.23991345840563344,False,False,False
84558A,-1.4922877094993812,1.1351054614085516,-1.3146687776901385,0.1886212441589713,-3.7170535325148624,0.7324781135161,0.5836596349622059,0.04755542158147763,74,0.14315914100810864,2.29,5.79,2.95,1259.0,3628.1099999999997,0.2061165479650208,False,False,True
22589,-1.2045621476534445,0.468433768495928,-2.571467363510356,0.010126855980812761,-2.1226754630478366,-0.28644883225905227,1.3898703002614583,0.18845334040539818,38,0.28209120157317885,2.1,5.06,2.55,1317.0,3626.7799999999997,0.013557616139085267,True,True,True
85114B,-1.1028207132352659,0.49154479322852923,-2.243581314312777,0.02485935262682474,-2.066230804751371,-0.13941062171916074,0.9094459279626963,0.1960446242487297,86,0.3399755256960088,1.55,3.43,1.65,2017.0,3618.05,0.031074190783530922,True,True,True
22461,-1.545726667248557,0.13965214383997934,-11.06840628970029,1.7854762532120477e-28,-1.8194398395387237,-1.2720134949583903,0.6113841309243555,0.48189292718311083,59,0.33284209576787727,3.95,25.49,12.75,410.0,3607.81,5.904601293517035e-27,True,True,True
21866,-0.5280348578042452,0.2818367126303371,-1.8735488818194765,0.060992629324430704,-1.080424664080871,0.02435494847238051,0.3374925333162792,0.06388487601653914,99,0.41213047244683965,0.83,3.36,1.25,2168.0,3591.4999999999995,0.07149944420183574,False,False,False
22774,-2.5465163236861885,0.6584510393583521,-3.867434587342621,0.00010998631784388222,-3.8370566464115243,-1.2559760009608527,0.1222935647284108,0.3309244652895089,54,0.3071243976470536,1.25,2.51,1.25,2791.0,3591.06,0.0002122049223497625,True,True,True
21509,-2.106722420670773,0.4329877258247192,-4.865547670336525,1.1414029467519765e-06,-2.9553627690351263,-1.2580820723064197,0.4090183138897471,0.3535191599579556,103,0.28302820118063077,0.36,0.85,0.42,8696.0,3587.2200000000003,3.206474746091618e-06,True,True,True
22536,-3.90913522108245,1.7217037792368595,-2.270503943956703,0.023177024272790992,-7.283612620433194,-0.5346578217317055,0.16826035237085157,0.06493667223139987,84,0.12436597226239565,0.36,0.85,0.42,9091.0,3586.24,0.02912579383614068,True,True,True
22944,-1.2425098766421423,0.100411806938564,-12.374141194395198,3.6073208097648914e-35,-1.4393134018643168,-1.0457063514199678,2.3946328940128936,0.7637181798701126,30,1.6938305727212362,0.39,16.13,1.25,4870.0,3577.9900000000007,2.1934837827118775e-33,True,True,True
84968F,-1.728604917828048,0.38669610921772785,-4.470189579421818,7.815029453915688e-06,-2.4865153648565617,-0.9706944707995342,0.02885806136358343,0.24470864963960115,58,0.3407574976857272,8.29,25.49,12.75,298.0,3571.77,1.893487213448724e-05,True,True,True
22334,-2.5488243811694535,0.7200261758643879,-3.5399051681830906,0.00040027083392876376,-3.960049753789757,-1.13759900854915,-0.23319650028829422,0.08941735192088596,94,0.13963226695457823,1.55,3.29,1.65,2230.0,3552.3599999999997,0.0006865427861289533,True,True,True
21794,-2.0371806987358574,0.26997502761273695,-7.545811613576613,4.494793919142347e-14,-2.5663220295820284,-1.5080393678896864,0.3806628978943991,0.4448541993306919,70,0.37404372864637775,3.95,13.57,6.75,713.0,3552.0900000000006,3.667829669949491e-13,True,True,True
22603,-3.9054291378800126,1.0498091753332637,-3.7201324103880378,0.0001991183576884701,-5.963017312172904,-1.847840963587121,1.0049507937040703,0.6175443838965646,48,0.31027824013699556,0.72,1.66,0.85,4143.0,3552.09,0.00036159740293137394,True,True,True
22320,-2.1151900375137562,0.436645585759954,-4.844180512743309,1.2713530925161293e-06,-2.9709996596116617,-1.2593804154158508,-0.05428705898730085,0.06844847278347943,81,0.1374163269912072,5.45,11.63,5.95,598.0,3545.02,3.529455934304718e-06,True,True,True
22176,-1.0537769655997684,0.6094078214901729,-1.7291818851667975,0.08377654738751132,-2.2481943476175217,0.14064041641798486,0.8059528293875892,0.12661065635127722,89,0.22475471801861083,2.55,6.04,2.95,1184.0,3542.73,0.09593762931791203,False,False,True
20886,-1.1817787899614318,0.48514890943692335,-2.4359094021937215,0.014854404442631123,-2.132653179596686,-0.23090440032617765,-0.09903562779737479,0.06369738203492614,91,0.2871872575027981,1.65,4.3,1.95,1777.0,3540.2200000000003,0.01932405270832275,True,True,True
21784,-0.01991510197990712,0.3787990028367274,-0.05257432525103838,0.9580710741522817,-0.7623475049195786,0.7225173009597644,0.22853869487470957,0.01007625695357528,68,0.31257840085063127,9.95,21.23,9.95,290.0,3538.2799999999997,0.9595982862789857,False,False,False
22166,-0.5595631173438662,0.43429332819524746,-1.288445115353696,0.1975910626095715,-1.4107623993325848,0.2916361646448524,0.6527653187698854,0.13274615232433362,80,0.3215080292265481,3.95,16.48,12.04,440.0,3528.75,0.21516993242001287,False,False,False
21179,-1.332415643671434,0.18841126313906298,-7.071847093812019,1.5288483386420179e-12,-1.7016949337056966,-0.9631363536371715,0.7418562477531438,0.3078195960532638,87,0.46006873625010347,0.38,3.36,1.25,4284.0,3517.8999999999996,9.971900063460912e-12,True,True,True
22531,-3.144667468324411,0.7581095956537762,-4.148038075698702,3.353366370918397e-05,-4.630534972140035,-1.6587999645087863,0.8519549996632121,0.23939282373131043,87,0.24587211704651896,0.39,0.85,0.42,8136.0,3507.7599999999998,7.134419423455055e-05,True,True,True
22902,-2.036392679698155,0.5894469186479772,-3.4547515904724007,0.0005508000497603155,-3.191687411046301,-0.8810979483500085,0.4969768204671834,0.25301417969496764,59,0.3216852784962705,1.895,4.21,2.1,1716.0,3506.56,0.0009204415725161301,True,True,True
22939,-2.0823555153117574,0.4249108785246752,-4.900687698422463,9.550176601186853e-07,-2.915165533859395,-1.2495454967641202,0.8793468368053102,0.4201971392065075,55,0.3504849507487499,4.25,11.02,4.95,700.0,3502.5400000000004,2.748409602020949e-06,True,True,True
22076,-2.370810767842029,0.3294960450296332,-7.195263201501586,6.234039098756299e-13,-3.016611149148498,-1.7250103865355602,0.3541755884028682,0.3175532195310776,98,0.28233090642678066,0.39,4.21,1.65,2353.0,3490.19,4.3684623424370354e-12,True,True,True
21469,-2.0518298416863052,0.6507756335015602,-3.1528989963042093,0.0016165773067691553,-3.327326645365601,-0.7763330380070095,-0.9903101760800939,0.19971281827728382,79,0.21221886845957685,1.25,7.78,3.75,1165.0,3482.01,0.002508023229020459,True,True,True
21466,-1.3801479025729022,0.42004419111968155,-3.28572072117922,0.0010172181116456852,-2.2034193890827374,-0.5568764160630671,0.15996227637584248,0.02657999128780275,90,0.15923117715060875,3.29,7.78,3.75,927.0,3479.79,0.0016304899153504393,True,True,True
22309,-1.964875221772564,0.451692050573539,-4.350032769621804,1.36117189133243e-05,-2.850175372999745,-1.079575070545383,0.2644585496840803,0.24244565364223203,90,0.31385231661289953,2.325,5.17,2.55,1331.0,3459.08,3.15209952722559e-05,True,True,True
21507,-2.4400845526283685,0.41801948354953666,-5.8372507709660635,5.306919174705579e-09,-3.259387685221494,-1.620781420035243,0.6420439188961035,0.4381004500142157,104,0.2565436546409582,0.36,0.85,0.42,8223.0,3455.41,2.242946781237672e-08,True,True,True
21039,-1.0097208820882053,0.4483829832991851,-2.2519161513639907,0.02432757126056472,-1.8885353806352327,-0.130906383541178,-0.30925404270394946,0.05782040000735367,91,0.2494656127743216,2.325,6.04,2.55,1313.0,3423.6500000000005,0.030510626630847967,True,True,True
21191,-0.9382461070351502,0.5093923523577216,-1.8418928016733658,0.06549083175694834,-1.9366367716564215,0.06014455758612103,1.0523483711090023,0.1357702303933811,65,0.3513539709703612,1.69,4.3,2.1,1479.0,3408.61,0.07639290832328284,False,False,False
21902,-1.9977889706715521,0.31268301776440816,-6.389182837479174,1.6677455668794234e-10,-2.6106364240670903,-1.3849415172760142,1.2049730498626476,0.28464164142209936,101,0.3377994958217016,0.59,1.7,0.65,5359.0,3408.0299999999997,8.565941126887501e-10,True,True,True
37501,-0.23871267570904886,0.8288360575999715,-0.2880095207250996,0.7733394508338022,-1.8632014976931588,1.3857761462750608,0.5559004750626413,0.04217605281177428,70,0.1999913538946305,5.79,14.74,6.95,481.0,3401.15,0.7841553872091002,False,False,False
21123,-2.3443761129953273,0.8811656104128606,-2.6605397274831177,0.007801552311190415,-4.071428973819787,-0.6173232521708683,-0.025025997193787397,0.15334966744178058,89,0.26648809110443805,0.83,2.51,1.25,2751.0,3393.06,0.010648751706440212,True,True,True
22459,-3.116128676412607,0.5869321739608591,-5.3091801994490995,1.1011941877205427e-07,-4.266494598743689,-1.9657627540815255,-0.30904581070696174,0.33490928340467496,51,0.27504481097584715,2.06,5.06,2.55,1378.0,3389.7400000000002,3.7536185241468773e-07,True,True,True
22428,-0.8870344075714551,0.32977454468953377,-2.689820733151352,0.007149041147892227,-1.5333806381810358,-0.2406881769618744,0.17934472017074454,0.03863598556421277,76,0.2403413562767374,6.35,14.43,6.95,459.0,3379.6699999999996,0.009807818459808477,True,True,False
21327,-1.1416345958612415,0.32624722513617715,-3.4992928917164514,0.0004664938487550296,-1.7810674071842794,-0.5022017845382036,1.172775734334572,0.36644294991620363,103,0.28683189951170424,0.83,3.43,1.65,1926.0,3378.5099999999993,0.0007886465514827182,True,True,True
21211,-2.117479518917988,0.3827548617171483,-5.532208028445064,3.1622454228413045e-08,-2.867665262791207,-1.3672937750447687,0.2553214673001807,0.16281028362155636,91,0.3119792274825825,1.25,3.75,1.45,2405.0,3365.64,1.1710869591465341e-07,True,True,True
22223,-1.4588517294403525,0.47557782737802773,-3.06753520760912,0.0021583203374055952,-2.3909671429470936,-0.5267363159336113,-0.03334966551782481,0.1948804157537336,78,0.36067994533941455,1.95,10.39,4.95,726.0,3359.66,0.0032599630096230344,True,True,True
22452,-2.462017634940634,0.2799864048737719,-8.793347077157556,1.4516914489684905e-18,-3.010780904654077,-1.9132543652271914,0.412650166983486,0.36970456701817334,74,0.31935682303423657,1.63,5.91,2.95,1271.0,3358.1,1.8871988836590376e-17,True,True,True
22477,-1.7873163831188215,0.5565594145011368,-3.211366723031456,0.001321052323485849,-2.878152790797749,-0.6964799754398938,-0.4135568636458285,0.18849404111044954,78,0.31021281934605544,1.25,2.51,1.25,2414.0,3356.7400000000002,0.002080353909582979,True,True,True
15058B,-0.8335086416809256,0.38035265158106046,-2.1914100985392735,0.028422128980018443,-1.5789861402041159,-0.08803114315773553,-1.2599678042108313,0.12561837713994173,55,0.4673266793017766,5.95,25.49,7.95,438.0,3327.6699999999996,0.03531688406548106,True,True,False
21917,-2.887294184009581,0.5915355713833212,-4.881015316217702,1.055410437413898e-06,-4.046682599495213,-1.7279057685239492,0.2721232981856093,0.26790463648618223,99,0.2683257052463606,0.42,0.85,0.42,8010.0,3324.2200000000003,3.0006767338238277e-06,True,True,True
22136,-2.05193715864266,0.46988224000951434,-4.366917886918032,1.2601207343295426e-05,-2.9728894260363137,-1.1309848912490064,0.2759691707330098,0.17317680661521184,88,0.32310054897720264,1.55,3.43,1.65,1989.0,3322.22,2.93976186164751e-05,True,True,True
84828,-2.484435637009754,0.5054444244168277,-4.9153487841442685,8.862453492813947e-07,-3.4750885050533133,-1.493782768966194,-0.22816851175262598,0.2943668567538509,90,0.3180753252888047,1.155,2.51,1.25,2503.0,3315.18,2.5740716231054375e-06,True,True,True
84813,-1.5167433455644725,0.2944736261091576,-5.15069334257539,2.5952523406588616e-07,-2.0939010471353354,-0.9395856439936099,0.2162554137303422,0.4327669874101012,51,0.45615806509149565,2.95,25.49,12.75,422.0,3300.76,8.348209321061355e-07,True,True,True
22183,-3.084438109154128,0.49579662537748226,-6.2211760856696925,4.934419916174195e-10,-4.05618163855049,-2.112694579757765,0.23775872074555854,0.3307383072590082,61,0.26105022547601037,4.425,13.57,5.91,586.0,3297.25,2.3911006534674443e-09,True,True,True
22281,-0.3315313788466968,0.5879325010357611,-0.5638936072808319,0.572826540939075,-1.4838579062173465,0.820795148523953,-1.1181048330396943,0.13025680895052694,40,0.3420896721935608,5.95,12.72,5.95,511.0,3285.8599999999997,0.5881143952451833,False,False,False
22762,-1.2185788109981033,0.27879242976268126,-4.37091786184942,1.2372533285600288e-05,-1.7650019324953712,-0.6721556895008354,0.10173620849695744,0.15894262809658444,51,0.3175814530483155,12.75,29.79,14.95,204.0,3276.62,2.8935763329226477e-05,True,True,True
21467,-2.294267735045083,0.8213254666912888,-2.793372211247199,0.005216163393059164,-3.904036069345561,-0.6844994007446052,-0.3768094301780158,0.11883854395733862,84,0.19148855819726568,2.5,7.62,3.75,1025.0,3263.75,0.007304953934559082,True,True,True
84031B,-1.998416696362176,0.4153621021146183,-4.811263921740065,1.4997881426322934e-06,-2.812511457049676,-1.1843219356746757,0.995369445496036,0.30811561516828745,74,0.29212449251074024,1.95,9.32,4.39,839.0,3263.0299999999997,4.103193975126086e-06,True,True,True
84510A,-1.303219256620848,0.3670877131492672,-3.5501576597060494,0.00038500050781461336,-2.022697953560582,-0.5837405596811139,0.3569241319639474,0.25029321943463256,102,0.3157642303324663,1.25,2.51,1.25,2402.0,3254.1400000000003,0.000663369247925545,True,True,True
84849B,-1.3407264868810704,0.563114952452938,-2.38091082653878,0.017269891979678306,-2.444411512844814,-0.23704146091732703,0.792977550337404,0.14075335638151865,78,0.2783512589436446,1.69,3.43,1.69,1936.0,3244.1400000000003,0.022205829728303962,True,True,True
22419,-1.2151579268276307,0.4740833245746336,-2.563173737270592,0.010372013231237669,-2.1443441686649254,-0.2859716849903361,1.538702890051806,0.24280605213082596,82,0.32691002627275517,0.39,0.85,0.42,6847.0,3242.59,0.013875972278838187,True,True,True
21829,-2.433016104860437,0.50471858915656,-4.820539914977717,1.4317020606706318e-06,-3.422246361935163,-1.4437858477857113,1.2554365703323798,0.48516315914633734,96,0.3228261629944745,0.195,0.43,0.21,15035.0,3242.1800000000003,3.939793261845461e-06,True,True,True
22792,-1.3684268281423808,0.4680474772435367,-2.92369234890749,0.0034590643780324924,-2.2857830265945434,-0.4510706296902184,1.681322064508576,0.4289623160366355,55,0.28407724244133414,0.85,1.66,0.85,3489.0,3241.1300000000006,0.0050002579391037185,True,True,True
18098C,-2.3757432171667414,0.595979295991187,-3.986284814165545,6.711594079554722e-05,-3.5438411728410046,-1.2076452614924782,0.4185611840181909,0.10194793873736674,64,0.15620469591061906,2.1,5.91,2.95,1223.0,3231.13,0.00013401858940636284,True,True,True
20992,-2.076824080030747,0.19716737807584153,-10.533304749997159,6.066646831811088e-26,-2.463265039985589,-1.6903831200759054,0.7753481098013411,0.5279056852774817,97,0.36359148437050315,0.38,1.7,0.85,6151.0,3220.3999999999996,1.4294536597454877e-24,True,True,True
22972,-3.732158428506061,0.5452413250258398,-6.844966177736415,7.649394192187735e-12,-4.800811788439605,-2.6635050685725172,0.09413466763803074,0.5472288320763733,50,0.262460181365495,1.45,3.36,1.65,1882.0,3219.74,4.662376727720438e-11,True,True,True
22194,-1.4192812393242527,0.31331800013329736,-4.529842647790541,5.902763160074884e-06,-2.0333732352936313,-0.805189243354874,0.9238941746075233,0.286577814140082,71,0.2613864906133064,7.65,16.98,8.5,373.0,3212.1000000000004,1.4506790817133191e-05,True,True,True
84596F,-1.5988420634550153,0.14342143234164842,-11.14786010257077,7.33491231769951e-29,-1.8799429054557943,-1.3177412214542363,0.00160521439182848,0.5187627530089318,100,0.47977717527048624,0.42,2.51,1.25,4720.0,3196.43,2.513874494338832e-27,True,True,True
79164,-0.5655421127867044,0.15139027649515968,-3.735656779811656,0.0001872258881484293,-0.8622616023267781,-0.26882262324663075,0.18824596370959001,0.21701884274319538,47,1.3884927394064843,0.39,21.7,1.65,3653.0,3196.01,0.0003419775185656872,True,True,False
21111,-1.8780582363723932,0.3508517014395317,-5.352854863370447,8.65772902931574e-08,-2.565714935108475,-1.1904015376363113,0.5640887320703287,0.3268516498680707,71,0.384317097943324,1.25,6.04,2.95,1379.0,3187.1599999999994,2.9780692007774036e-07,True,True,True
21628,-0.9402655064561081,0.21362942916210328,-4.401385661816421,1.0756174470119665e-05,-1.3589714936516812,-0.5215595192605349,0.025014322655366295,0.16546583806291226,55,0.29593550803623725,12.75,29.79,22.37,164.0,3185.2799999999993,2.528103351144086e-05,True,True,False
22503,-1.421009614203037,0.2573279266125716,-5.5221741103229895,3.3483044466771704e-08,-1.9253630825800436,-0.9166561458260306,0.9872613882609396,0.35874963482893396,36,0.2853909586992782,12.75,44.74,29.95,141.0,3178.02,1.2303223941494088e-07,True,True,True
22773,-2.28239471175009,0.38042736312829145,-5.999554535146302,1.9785957150253566e-09,-3.0280186422150823,-1.5367707812850977,0.07617913815538659,0.31945643453258277,56,0.2595574143412505,1.25,2.875,1.25,2392.0,3171.1099999999997,8.944011805330449e-09,True,True,True
21557,-1.2790554768820452,0.27342623118038095,-4.677881384534188,2.898541258331715e-06,-1.8149610424241147,-0.7431499113399759,0.07977371668922541,0.18107553509350327,94,0.310084119312731,2.46,6.04,4.345,932.0,3169.3900000000003,7.557054318057099e-06,True,True,True
21949,-2.1655682979236466,0.5661989491481006,-3.8247479992358637,0.00013090591584141362,-3.2752978463383493,-1.0558387495089439,0.19676037124440637,0.2545235616589736,84,0.3301427717277061,1.06,2.57,1.25,2598.0,3164.1800000000003,0.00024799763955885896,True,True,True
22702,-1.9127900545863412,0.3283032733227212,-5.8262899276854725,5.6673125827189735e-09,-2.5562526463054844,-1.269327462867198,-0.3975113122183056,0.23498434351452757,51,0.3117025618568159,0.65,4.21,2.1,1589.0,3156.3199999999997,2.37397427076117e-08,True,True,True
22700,-1.9415160266002278,0.23795695802217653,-8.159105927128582,3.3751355680497517e-16,-2.4079030941944035,-1.4751289590060523,-0.12900878464641347,0.23042134335376319,44,0.3315497953818532,0.85,5.91,2.95,1384.0,3155.399999999999,3.457679644442273e-15,True,True,True
84944,-0.9131309541554664,0.4305991337058564,-2.1206056461303264,0.03395500259501746,-1.7570897479930923,-0.06917216031784057,0.7288187390890215,0.19827512737654274,48,0.49864499759685266,1.65,7.78,4.25,1135.0,3153.88,0.0417243675955723,True,True,False
15058A,-1.6303703812120007,0.42769080439119556,-3.812030477327615,0.00013782987661966893,-2.468628954337709,-0.7921118080862922,-0.7623898122114547,0.22847360865098,54,0.4595528166890821,3.95,25.49,7.95,476.0,3153.73,0.0002587742205458924,True,True,True
21519,-1.6590861224695026,0.2799969015657781,-5.9253731494587365,3.1158903125424397e-09,-2.207869965321234,-1.1103022796177708,-0.15910544484205016,0.21728324957034262,100,0.2429691846333676,0.36,0.85,0.42,7356.0,3149.93,1.3691033191474356e-08,True,True,True
22406,-2.041657153322263,0.4068308864735397,-5.018441866642917,5.209225147302774e-07,-2.8390310386089044,-1.244283268035622,0.9562760410115462,0.22866617617752316,72,0.29665398399990434,0.39,2.51,1.25,2487.0,3149.35,1.5685925563363784e-06,True,True,True
22313,-1.508749273788828,0.36524942782179376,-4.130736857786266,3.616023090910781e-05,-2.2246249976934056,-0.7928735498842502,0.4195107239783263,0.2446498059693405,64,0.44422336296613935,1.25,8.47,2.95,985.0,3146.0699999999997,7.650060074485771e-05,True,True,True
22325,-2.0836903128950897,0.4481931635506983,-4.649089906654474,3.3340286982504836e-06,-2.9621327715715284,-1.2052478542186509,0.041386295102235626,0.23760039431878122,81,0.31702545487866224,3.29,11.87,4.95,699.0,3139.9900000000002,8.609101501646796e-06,True,True,True
21820,-1.9756663507494947,0.3964078825924064,-4.983922968002404,6.23078934451029e-07,-2.7526115238183935,-1.198721177680596,1.1411718253091467,0.4862728214008448,60,0.3466663390073344,3.75,7.78,3.75,795.0,3132.3900000000003,1.8525296394955673e-06,True,True,True
82578,-1.7634825904072315,0.3528907844951036,-4.9972474994786955,5.81544103910922e-07,-2.45513581849372,-1.0718293623207429,0.5403038380232337,0.20310716489286107,102,0.312118200806511,0.55,1.25,0.55,5595.0,3129.2399999999993,1.7345104997976072e-06,True,True,True
22095,-1.0245912767457488,0.20663249470416628,-4.9585196085090395,7.103237028395836e-07,-1.4295835244015782,-0.6195990290899194,1.5920134685655571,0.30876356751291434,76,0.5110180150852982,0.39,2.51,1.25,2978.0,3123.0299999999993,2.0856077567797745e-06,True,True,True
22347,-1.2948304266606927,1.4876924172476509,-0.8703616497933302,0.384102797716414,-4.210653984539423,1.6209931312180377,0.7728392924495698,0.10923223135226978,31,0.3201800424941778,1.06,2.51,1.25,2716.0,3119.1800000000003,0.4026884169607566,False,False,True
22310,-0.9821917081746692,0.4145932537659301,-2.3690489395401313,0.017833893471485566,-1.7947795537891673,-0.16960386256017101,0.7361447951765927,0.08702029072257556,79,0.3089482985598298,1.45,3.43,2.505,1739.0,3113.9399999999996,0.022884199587304487,True,True,False
21352,-1.5316156113700368,0.40484240131467975,-3.7832391231656786,0.00015480056345062532,-2.32509213736152,-0.7381390853785534,1.5301090713839882,0.49511456968224354,44,0.44918559140685577,1.95,13.87,5.91,880.0,3110.28,0.0002886241959489898,True,True,True
21272,-1.5664737796426067,0.4789321629617183,-3.2707633790045065,0.001072576135073568,-2.5051635700854424,-0.6277839891997707,0.40707940539575405,0.17964967290282374,84,0.3145680301548717,1.25,2.51,1.25,2348.0,3109.83,0.0017104957822450723,True,True,True
22891,-1.029714680701792,0.8038213466461224,-1.2810243034701565,0.20018512976083458,-2.605175570132678,0.5457462087290939,0.9120899747381113,0.12189820610901159,55,0.29869258023643824,4.13,8.47,4.25,644.0,3103.7000000000003,0.2177432023076591,False,False,True
47504K,-1.554700635558202,0.297384364812911,-5.227916526601147,1.714308711160102e-07,-2.137563280156828,-0.971837990959576,0.19543810197601363,0.2586187884063307,90,0.6628062672484043,0.79,8.47,1.95,2654.0,3096.08,5.610194306487486e-07,True,True,True
22129,-0.6207554117466919,0.23515546130821008,-2.6397660862023926,0.008296326734778437,-1.0816516466786859,-0.15985917681469797,-0.7779886976757626,0.2107676985854523,72,0.8796248509013338,0.72,8.47,0.85,3246.0,3095.12,0.01129139053794755,True,True,False
22572,-3.385896638024197,0.7390865034339016,-4.581191270971445,4.6233474444211355e-06,-4.8344795662142825,-1.9373137098341107,2.051260419695283,0.6093380653163342,49,0.32102046481021335,0.85,1.66,0.85,3439.0,3087.18,1.162001324364512e-05,True,True,True
85227,-1.9487429727489975,0.4606613907343598,-4.230315394225733,2.3336388808482085e-05,-2.851622707656476,-1.0458632378415191,0.9955269092795671,0.2981435652687431,96,0.27372086016035396,0.85,1.7,0.85,3440.0,3086.4399999999996,5.144923146665349e-05,True,True,True
20956,-2.18070956148292,0.6068631818720255,-3.5934122000216933,0.0003263756578580905,-3.3701395414954707,-0.9912795814703694,1.4368033050323379,0.40716529969910853,70,0.3331328358842153,1.25,2.57,1.25,2338.0,3083.8199999999997,0.0005728287849743953,True,True,True
84279B,-1.86065671836025,0.39714567284498414,-4.685073628100465,2.7985931006515036e-06,-2.639047933752346,-1.0822655029681543,1.0445422396568738,0.25609356601059385,49,0.26358162437532195,3.57,8.65,3.75,808.0,3076.92,7.3370625795939974e-06,True,True,True
21765,-0.5912554597870282,0.5260168262968266,-1.1240238529050173,0.2610029069612023,-1.62222949459087,0.43971857501681344,-0.31684481777868956,0.019384210309905114,41,0.2919437648428377,7.65,17.35,7.95,371.0,3076.39,0.27985806576897976,False,False,False
22372,-0.29108164237248485,0.428158888081628,-0.6798449138278556,0.4966026644492302,-1.1302576426731916,0.5480943579282218,0.8709492562482748,0.13251025853234888,85,0.2461950015676525,4.13,8.47,4.25,604.0,3073.43,0.5126484241439205,False,False,False
22154,-3.013919711483504,0.5597502414837994,-5.384400913332585,7.268633126051526e-08,-4.1110100251293495,-1.9168293978376592,2.008730135904994,0.6911079499535986,57,0.3490728641456919,0.42,0.87,0.42,7114.0,3073.32,2.5232731938502994e-07,True,True,True
84912B,-1.1704542296886293,0.647583111660054,-1.8074193236574927,0.07069692325920064,-2.4396938055387154,0.09878534616145673,0.5379914677292161,0.06087635271718028,83,0.19117166171066466,3.29,7.78,3.36,1125.0,3072.64,0.08192967945156393,False,False,True
22473,-2.0408361953269223,0.3042188136127701,-6.708448340491637,1.9670478150776724e-11,-2.6370941134274553,-1.4445782772263893,0.29452059963490895,0.3986918077722562,71,0.39676984755729194,1.95,10.79,4.95,811.0,3070.92,1.1444089911794483e-10,True,True,True
22757,-1.9369976666792637,0.533686961210696,-3.629464100612625,0.00028401022384119315,-2.9830048896708528,-0.8909904436876745,1.1176115796690878,0.2862895326229905,65,0.32116408338922303,0.39,2.51,1.25,2696.0,3070.18,0.0005017425229059504,True,True,True
21206,-2.4212983098441287,0.34209174549982235,-7.077920884371021,1.4633322121129635e-12,-3.0917858104322224,-1.7508108092560348,-0.5614888720380988,0.25189070583805906,89,0.25743857770832324,0.65,3.36,1.65,2155.0,3067.9,9.644689579835441e-12,True,True,True
21786,-2.1892660393799708,0.4016107496777978,-5.45121374648553,5.002719720109787e-08,-2.9764086445525857,-1.4021234342073559,0.5859747816371266,0.2318823387491874,99,0.28151192635921607,0.32,0.85,0.615,7471.0,3049.03,1.775918394050273e-07,True,True,True
20985,-1.7903849577447,0.5756535677254945,-3.1101778189594422,0.0018697474654128191,-2.918645218058658,-0.662124697430742,0.54212235922466,0.14114602653666442,91,0.3035842194545279,1.155,2.57,1.25,2370.0,3047.9900000000002,0.0028584541543415767,True,True,True
21408,-1.303812217316804,0.34145391460657915,-3.818413441881454,0.00013431269395022078,-1.9730495923259141,-0.6345748423076939,0.5044809322618468,0.2528893909630593,86,0.3286415357350879,1.95,8.65,4.25,703.0,3045.3099999999995,0.0002531794280961662,True,True,True
22754,-1.3638148392441762,0.5727792133142471,-2.381048067985559,0.017263459122139734,-2.4864414684332856,-0.24118821005506685,2.076746578341119,0.3997869163290827,67,0.25412131864657933,0.21,1.66,0.85,3924.0,3044.8600000000006,0.022205829728303962,True,True,True
22208,-1.0920324882018848,0.3127383601128425,-3.4918405526199496,0.0004797045141620695,-1.7049884106071738,-0.47907656579659574,0.7400503209475456,0.2608317264297064,89,0.4500329939956903,0.83,3.43,1.65,2366.0,3036.95,0.0008088041227151172,True,True,True
22037,-3.0095062770186303,0.763566757101087,-3.9413793869763873,8.10143696482738e-05,-4.5060696207288045,-1.512942933308456,0.5599971126750318,0.4661022977504059,94,0.2995009642247133,0.42,0.85,0.42,7054.0,3035.7,0.0001604118558686934,True,True,True
15044C,-1.6047990109908317,0.34850311146537066,-4.604834098160682,4.1279480887019725e-06,-2.287852557963106,-0.9217454640185572,-0.7591803369828691,0.20285260577831643,84,0.33153061669570144,2.55,6.04,2.95,967.0,3027.2599999999998,1.047265430309989e-05,True,True,True
22067,-1.0894057603198517,0.42733112287764263,-2.5493246384298116,0.010793177676505214,-1.9269593706330916,-0.25185215000661176,0.7668321478148068,0.19355268741839504,94,0.3465611236157459,0.39,3.43,1.65,1855.0,3019.32,0.014388359208070953,True,True,True
21626,-2.052814246849571,0.4805646569632387,-4.2716712873177505,1.94013419665762e-05,-2.9947036667403646,-1.1109248269587777,-0.5094415131580783,0.2271996552561254,74,0.33460916794564977,1.63,4.21,1.95,1496.0,3017.07,4.322875840070465e-05,True,True,True
22805,-1.7382269948675073,0.38550174725716874,-4.508999005153494,6.513421428327287e-06,-2.4937965354688205,-0.982657454266194,0.3698132077308668,0.26111512735767195,60,0.33177828961820216,1.06,2.875,1.25,2207.0,3008.82,1.5903885223312096e-05,True,True,True
22712,-1.1034847321207877,0.38452331428644354,-2.8697472718098105,0.004107999933741507,-1.857136579338193,-0.34983288490338227,1.0213385349388884,0.194715433794165,69,0.286777126486524,0.42,0.85,0.42,7295.0,3002.4200000000005,0.0058530460129272415,True,True,True
22755,-1.2126416609302872,0.43928886812676765,-2.760465263099609,0.005771909578271426,-2.073632021268117,-0.3516513005924574,1.5200188296440564,0.25871023653969394,68,0.22132421086516624,0.21,1.66,0.85,3776.0,2997.63,0.008023635365074954,True,True,True
84912A,-3.203024963688485,0.8499436760853356,-3.7685143778478993,0.00016422202758908228,-4.8688839577033205,-1.5371659696736497,-0.019422127158340383,0.30182684973865515,73,0.2210922943920863,2.0,7.78,3.52,1094.0,2996.44,0.0003052845384668837,True,True,True
22132,-2.931231671804679,0.34021679611094613,-8.61577589734515,6.94695208819524e-18,-3.59804433911774,-2.264419004491618,0.23067603259785813,0.40288435291530833,99,0.31762471661913944,0.785,1.7,0.85,3345.0,2989.8099999999995,8.503249796264953e-17,True,True,True
22925,-2.310129385540105,0.4004321419100639,-5.769090799057171,7.970035563246616e-09,-3.094961961936062,-1.525296809144148,0.21647846131741805,0.2269644097937764,46,0.2035399718304222,5.95,12.46,5.95,488.0,2989.5200000000004,3.237826947568938e-08,True,True,True
21354,-2.518757404482185,0.5206905188330113,-4.837340633986013,1.315878121303304e-06,-3.539292068486362,-1.4982227404780082,-0.41281661736367414,0.23225368411328362,68,0.3041217343777712,1.05,2.57,1.25,2476.0,2979.46,3.6476915568481295e-06,True,True,True
22375,-1.0016806495260044,0.20523971560124252,-4.880540038713347,1.057957313708752e-06,-1.4039431003016833,-0.5994181987503256,0.8794715657849737,0.27584310858615935,90,0.35495889348420306,3.95,12.72,4.25,590.0,2969.29,3.0033878559352375e-06,True,True,True
22519,-1.8231220070140244,0.7430007025655322,-2.453728510240845,0.014138367848351785,-3.2793766245304243,-0.36686738949762443,-0.10771135317527869,0.1096304407862344,56,0.2938957650760118,1.975,4.21,2.1,1425.0,2968.7699999999995,0.018481847013968874,True,True,True
22674,-1.608762432903863,0.8034214948767741,-2.0023890861304494,0.0452429013538771,-3.1834396272676715,-0.0340852385400543,-0.22523395596475115,0.08434916059957465,67,0.2465586131483715,1.155,2.46,1.25,2377.0,2956.33,0.054692576343758494,False,False,True
22664,-1.1747698763422763,0.3966041184481503,-2.9620718033361997,0.003055765135078592,-1.9520996646209086,-0.39744008806364406,1.0243721126726308,0.19512060725377167,70,0.3452003274818328,0.79,4.21,2.1,1429.0,2954.19,0.004479095862848481,True,True,True
22927,-1.5993343569206462,0.8381885082453991,-1.9080843285105071,0.056380317874547455,-3.2421536453369826,0.043484931495690216,-0.05909967086240331,0.11122839897982595,42,0.2764159371569516,5.95,12.46,5.95,468.0,2948.57,0.066840817102844,False,False,True
22277,-1.472470735591485,0.5977401231363407,-2.4633961793721246,0.013762774736269575,-2.64401984905325,-0.3009216221297202,0.4550408570028948,0.09560873061634922,87,0.2877670137050551,1.63,4.21,2.1,1400.0,2927.49,0.01803150420997069,True,True,True
21948,-1.413497954042808,0.3659880442299987,-3.862142428768849,0.0001123970036991445,-2.1308213395058577,-0.6961745685797583,0.5595982528783605,0.13217613556505048,95,0.3114528761299513,1.25,2.57,1.88,2293.0,2921.3600000000006,0.00021597181648612374,True,True,True
21214,-1.3072332454848274,0.5638513738650147,-2.318400390734487,0.02042757084616332,-2.4123616308936855,-0.20210486007596962,0.38186489201131946,0.10083297404050007,35,0.35692906453847817,1.45,3.04,1.45,2006.0,2920.8199999999997,0.025929946831661856,True,True,True
22990,-2.017512124418235,0.49030405774398206,-4.114818330693282,3.874844716443235e-05,-2.9784904190702868,-1.0565338297661828,-0.3296991440761573,0.2588652820627273,45,0.329497279709659,1.95,10.79,4.95,633.0,2917.43,8.160985799436311e-05,True,True,True
22518,-2.1744159116839135,0.5790926219466422,-3.754867234147329,0.00017343338624731532,-3.309416594412202,-1.0394152289556253,-0.6833135882156647,0.21481818117912255,54,0.29693372921744726,1.975,4.21,2.1,1398.0,2899.7999999999997,0.0003201977797024382,True,True,True
22897,-1.623598258594737,0.7136591245335447,-2.2750332795869994,0.02290393351819504,-3.02234443991887,-0.22485207727060397,0.7821808553699701,0.2170114103539127,63,0.30338963299097516,1.25,3.29,1.45,1956.0,2894.7500000000005,0.028801810995195232,True,True,True
22184,-1.805211854306553,0.25986342691935066,-6.94677152420839,3.7374024018127425e-12,-2.3145348119676368,-1.2958888966454691,0.5706261317665374,0.37877599924643224,47,0.34610600889506726,3.95,16.98,8.5,389.0,2887.0700000000006,2.325083672414858e-11,True,True,True
22955,-1.5363015544463314,0.652946528777737,-2.352874985524716,0.01862889597198796,-2.8160532346811418,-0.2565498742115211,1.2568572958272746,0.22855176353714135,48,0.2534798949708901,0.79,4.13,2.1,1448.0,2885.26,0.023807097564201563,True,True,True
22811,-1.623702221024215,0.45400487374444903,-3.5763982171217106,0.00034836086269243195,-2.5135354223689896,-0.7338690196794404,1.031212071686555,0.24260488229975619,48,0.3695299232419221,1.25,5.91,2.95,1021.0,2884.13,0.0006068948485907895,True,True,True
21709,-1.4099899131965585,0.3738585474760515,-3.7714529270910386,0.00016229977770405103,-2.1427392015620774,-0.6772406248310396,0.37243558722655246,0.14793610634296162,68,0.32218084471264347,1.95,10.17,4.95,696.0,2876.7200000000007,0.0003020089644344879,True,True,True
21465,-1.2042736956808353,0.4082374826215337,-2.9499341607426235,0.0031784165358146182,-2.0044044587583376,-0.404142932603333,-0.46578066526128387,0.06217295726216154,84,0.20949344659527167,3.29,7.62,3.75,793.0,2875.64,0.004651642212741114,True,True,True
20752,-1.399673688053293,0.5699232022706795,-2.455898764038267,0.014053274060540825,-2.516702638457561,-0.28264473764902487,0.2620809085953451,0.05614166328081183,91,0.21091504870280992,2.1,4.21,2.1,1500.0,2868.2000000000003,0.018383359891824744,True,True,True
21821,-1.3267283137318173,0.7490441678782995,-1.7712284143267993,0.0765227260003508,-2.7948279056030585,0.14137127813942385,1.4764481174302313,0.32420886770486146,40,0.3307404216501465,3.75,7.78,3.75,713.0,2866.6000000000004,0.08800813820052548,False,False,True
21424,-1.421920519327919,0.36217710250011864,-3.9260364874321483,8.635706150357728e-05,-2.131774596253223,-0.7120664424026149,0.25796895490979826,0.22474062589935917,71,0.37558236304147885,1.25,6.77,4.86,955.0,2861.6399999999994,0.00017044509988343952,True,True,True
22293,-2.9250911476320676,0.5111140978210398,-5.722970976739233,1.0467715303698396e-08,-3.9268563713519877,-1.9233259239121474,-0.7013102170740938,0.3479999217138301,71,0.3502555300919094,1.25,3.04,1.45,2034.0,2860.2,4.1804329125998894e-08,True,True,True
22581,-1.7486453214525932,0.6742391624377265,-2.593508978520808,0.009500205859525893,-3.0701297967969885,-0.42716084610819793,1.8008000469015313,0.40979269235205196,44,0.32196279095032615,0.29,1.66,0.85,3565.0,2852.63,0.012800491812156046,True,True,True
22930,-1.6000818542368254,0.8631569655749056,-1.8537553632219037,0.06377416713216241,-3.2918384197685198,0.09167471129486882,0.037121648491920844,0.09492374114519708,49,0.2740123289318707,2.1,5.06,2.55,1108.0,2846.7999999999997,0.07462092181510002,False,False,True
21324,-1.0621703933544866,0.6635069641100974,-1.6008428709999765,0.10941172553753746,-2.3626201465017873,0.23827935979281434,-0.308694954431178,0.07275317049057106,61,0.31347472870290255,2.55,6.04,2.95,1014.0,2845.71,0.12357166125719479,False,False,True
21688,-1.9606626320914253,0.4863474754748756,-4.031402918617004,5.5444898311314616e-05,-2.913886167994159,-1.0074390961886919,0.23123605433383032,0.2970572776076492,73,0.28877583182175526,2.95,5.91,2.95,912.0,2845.6499999999996,0.000112139091541661,True,True,True
22983,-1.4776172256607403,0.48364167205521147,-3.05519005296148,0.0022491794561262566,-2.4255374843116866,-0.5296969670097939,0.6366272271780383,0.3098580144966542,64,0.28280542609652193,0.42,0.85,0.42,6695.0,2843.55,0.0033890513787354064,True,True,True
21439,-2.12302737127416,0.5937379922030888,-3.5756973600368425,0.0003492955474058509,-3.286732452245337,-0.9593222903029825,-0.8437470630152375,0.17755966253180178,86,0.29706075097315504,1.25,2.51,1.25,2259.0,2837.54,0.000607961317506952,True,True,True
22217,-1.4186938690717463,0.4062792084313487,-3.4919184630425684,0.00047956461632523274,-2.2149864852646317,-0.622401252878861,0.7186581628426507,0.1625755685397774,83,0.3095283622425574,0.39,2.51,1.25,2374.0,2814.81,0.0008088041227151172,True,True,True
22671,-3.002350972995962,0.4509721127470171,-6.657509163277681,2.7850704715788208e-11,-3.8862400720120522,-2.1184618739798715,0.5643774698535803,0.483076616983227,64,0.3217429351119221,1.55,3.36,1.65,1688.0,2811.34,1.5957014707982e-10,True,True,True
21508,-1.8202942814833485,0.32653678199290176,-5.574545906815845,2.4817635740532167e-08,-2.460294613817043,-1.1802939491496538,0.16844049937335165,0.3092640707808303,102,0.2993854073429479,0.36,0.85,0.42,6716.0,2808.62,9.356248674180626e-08,True,True,True
35001W,0.3250487850871784,0.5006770693216925,0.6492184383989227,0.5161971954056589,-0.656260238668403,1.3063578088427596,0.2682331620969707,0.005548505441098972,46,0.22154028239189397,2.0,8.65,3.49,883.0,2806.69,0.5320020302567889,False,False,False
21360,-1.341570794983556,0.32775518659490344,-4.093209962354314,4.254421504531891e-05,-1.983959156455772,-0.6991824335113401,1.163470630378908,0.35846463016657004,48,0.40282512391511816,3.95,21.23,9.95,441.0,2790.41,8.841879312064625e-05,True,True,True
22101,-2.1663101970209477,0.2697333324317165,-8.031303278282648,9.644261898140579e-16,-2.694977814017082,-1.6376425800248136,0.5428850468133414,0.28652460376160127,64,0.2539525052299379,0.39,4.21,2.46,1909.0,2790.2700000000004,9.6699115308484e-15,True,True,True
85199S,-1.4934563539071284,0.38567462674720876,-3.8723220308864588,0.00010780338754734907,-2.2493647320825856,-0.737547975731671,1.3025705092270985,0.2827364557729726,101,0.30859834564396493,0.42,0.85,0.42,6022.0,2789.2799999999997,0.00020862150583015354,True,True,True
84519A,-0.16822376603756878,0.3771823638454861,-0.44600114470485197,0.6555964190520793,-0.9074876147784041,0.5710400827032667,0.46764850203111785,0.02232734879255127,88,0.46473545756120016,1.25,5.91,2.95,1200.0,2788.45,0.670173129020157,False,False,False
21188,-1.5059899751506536,0.4543012184221438,-3.3149591374224845,0.0009165652186940473,-2.39640400139072,-0.6155759489105872,-0.49909413279034676,0.11632017321970178,70,0.3061200416394063,2.75,6.04,2.95,912.0,2771.3399999999997,0.0014759805833401193,True,True,True
21682,-1.6722443943033065,0.3373520108628897,-4.956971769713145,7.160037528247341e-07,-2.333442185706735,-1.0110466028998777,0.5608657170647418,0.16579817291980092,81,0.22381874227904988,4.95,10.17,4.95,559.0,2767.59,2.0990156673011256e-06,True,True,True
85132B,-1.5292039604501433,0.20706940641578553,-7.384982585885114,1.5247334324918207e-13,-1.93505253932517,-1.1233553815751165,0.45837151731936066,0.534539701105851,39,0.5850905659191377,1.95,9.95,8.29,919.0,2767.53,1.1589203710673718e-12,True,True,True
22597,-1.8392214417866863,0.369740495415958,-4.974357595636265,6.546436678346545e-07,-2.563899496427961,-1.1145433871454116,1.5117607763206469,0.5434055087627214,54,0.3877900267231765,0.29,1.66,0.85,4613.0,2766.08,1.9372108537964263e-06,True,True,True
22416,-1.3863418863990487,0.7333612516704464,-1.8903942405482241,0.058705253130115216,-2.823703527330338,0.051019754532240835,0.19801428738992286,0.03422848821270208,82,0.22278406052617408,1.25,2.98,1.45,1970.0,2763.36,0.06916212634391698,False,False,True
22081,-1.8375085115440384,0.38162590315884015,-4.81494703670372,1.4723893647768447e-06,-2.5854815373029356,-1.0895354857851411,1.153658455469981,0.45048105257214577,95,0.3029658743049891,1.65,3.36,1.65,1559.0,2761.0399999999995,4.034090047390047e-06,True,True,True
21683,-0.9151602021511412,0.48076947796992575,-1.903532241721028,0.05697113075488923,-1.8574510638383188,0.027130659536036217,1.0757448169350747,0.2115955703296537,76,0.20955734080787242,2.95,6.04,2.95,936.0,2757.4699999999993,0.06745639539759184,False,False,False
22675,-2.521595624608175,0.5321201071342085,-4.738771549506945,2.150177458600847e-06,-3.5645318700408186,-1.4786593791755311,0.1355535652696326,0.2752032171808467,67,0.2954226092821816,1.06,2.51,1.25,2227.0,2754.9500000000003,5.765411820003694e-06,True,True,True
15058C,-1.5710036307925948,0.3814019360419124,-4.119023744598812,3.804809432576098e-05,-2.3185376890685925,-0.8234695725165972,-1.2190672407424465,0.35818176675949487,51,0.47311129179680395,3.95,25.49,7.95,470.0,2753.72,8.031428645471382e-05,True,True,True
51014C,-2.2201817224658393,0.3801940107077664,-5.839602045105248,5.232565877935927e-09,-2.965348290590897,-1.4750151543407815,0.5251828942401207,0.5211417179432856,87,0.40371930769225095,0.39,1.7,0.85,4268.0,2751.4999999999995,2.2214834864660412e-08,True,True,True
85015,-1.5773666815316156,0.13694945272164283,-11.51787502749426,1.0722269376338876e-30,-1.8457826765685064,-1.308950686494725,0.27873037608697865,0.44584420100446365,88,0.43392051408325366,0.65,2.57,2.51,2908.0,2750.0,4.300314420084847e-29,True,True,True
22315,-1.5322749302662708,0.832274251213715,-1.8410697291568696,0.06561134099310477,-3.163502487905194,0.09895262737265198,0.6435738843123593,0.0945037229492548,98,0.22930356982825237,1.155,2.51,1.25,2136.0,2749.5099999999998,0.0764857005392718,False,False,True
22525,-0.9389485129218478,0.5706043910559937,-1.6455332760131323,0.09985988626117402,-2.057312568812004,0.17941554296830886,0.6630467392931166,0.08190090648601667,55,0.3665194585642064,1.25,3.36,1.25,1946.0,2748.7899999999995,0.1133268426263173,False,False,False
22161,-1.2452200417918067,0.22002244818441352,-5.659513618120074,1.5180260387634753e-08,-1.6764561160235874,-0.813983967560026,1.2232160905545058,0.412198625267154,92,0.5521967112117234,0.19,1.7,0.79,6726.0,2738.28,5.8757270699571884e-08,True,True,True
85183B,-1.3683455276434533,0.19354550065618967,-7.069890661391064,1.5505582056218221e-12,-1.7476877382993585,-0.9890033169875482,0.4529618882028733,0.3779817455171762,73,0.5900660731999383,0.75,7.62,3.75,1725.0,2731.76,1.0078628336541843e-11,True,True,True
22066,-0.8464027140782149,0.17304114220438055,-4.891337997980391,1.0015280753909505e-06,-1.1855571206424746,-0.5072483075139551,0.3279808329515925,0.22845577247305193,86,0.6509403866635108,0.39,3.43,1.45,3435.0,2729.16,2.8631071102480874e-06,True,True,False
21788,-2.16244966625044,0.8633857458137584,-2.504615899365223,0.012258443565908616,-3.8546546328106603,-0.4702446996902201,0.009312879041571076,0.07803128733852882,85,0.210974498988778,0.65,1.7,0.85,3375.0,2725.09,0.01615885742778863,True,True,True
22651,-0.5140729238019314,0.5559543308656754,-0.9246675405900148,0.355138868712341,-1.6037233893477199,0.5755775417438572,0.8859902458336887,0.06119257013387425,65,0.32770697464055826,0.72,1.66,0.85,3175.0,2720.8599999999997,0.3735696247336846,False,False,False
47503J,-1.274418287212767,0.660328558357744,-1.9299760264530763,0.053609808261547924,-2.5686384795572,0.019801905131666464,-0.40910795900953256,0.1151325301337297,37,0.3628839133982437,6.35,16.48,7.95,344.0,2719.379999999999,0.06379702561427894,False,False,True
23164,-2.8448900783857214,0.46542504878667196,-6.112455884792053,9.810943397790889e-10,-3.757106411510396,-1.9326737452610467,0.13788521677057383,0.3331301044940924,30,0.28794950602551606,4.15,9.96,4.95,578.0,2718.6500000000005,4.6118773827520765e-09,True,True,True
22650,-0.6463388642332236,0.31596288916865367,-2.0456163884747327,0.04079412777176131,-1.2656147474550057,-0.027062981011441667,1.1335947388087235,0.18751100182731228,78,0.3494269147964136,1.35,3.36,1.45,1786.0,2717.879999999999,0.049707130478196554,True,True,False
21808,-1.6515270134935645,0.5235165297093982,-3.1546797852024273,0.0016067434833250654,-2.6776005570353782,-0.6254534699517507,1.4372787244578384,0.32035127617657844,37,0.3055638887898693,3.29,7.78,3.75,1001.0,2715.53,0.0024948199885236806,True,True,True
47480,-1.5549322347315822,0.5145049238688373,-3.0221911639624675,0.0025095201255484066,-2.563343355383026,-0.5465211140801387,0.7460840406352043,0.14604181887627488,73,0.3343719866181491,1.45,3.36,1.65,1638.0,2713.98,0.003739582985599421,True,True,True
22524,-1.7898897404423968,0.5718437644223848,-3.1300328023168205,0.0017478678435477266,-2.910682923494078,-0.6690965573907155,0.5451193248922634,0.1728895560503232,59,0.32032971714338426,1.25,3.36,1.25,1925.0,2713.23,0.002689576232724461,True,True,True
22231,-0.9747356805885792,0.2522290506395498,-3.864486180783093,0.00011132329205210954,-1.4690955356968263,-0.4803758254803321,-0.7614889607679056,0.11214808534429943,92,0.43403055698684884,0.59,3.36,1.45,2135.0,2712.48,0.00021434566447214146,True,True,False
21096,-2.544527657357665,0.379444582274593,-6.705926968582371,2.001318021763409e-11,-3.288225372744713,-1.8008299419706175,-0.5979579171424261,0.5525850783703818,59,0.49573964088378936,0.13,1.66,0.83,15919.0,2711.709999999999,1.1607644526227771e-10,True,True,True
85035C,-2.13504776759876,0.22010557593665117,-9.700107589338174,3.01180874076699e-22,-2.566446769231042,-1.7036487659664776,0.5980929468512157,0.5147705340795891,64,0.37229275140905527,1.25,8.47,4.25,1356.0,2693.85,5.45890334264017e-21,True,True,True
21224,0.21322082671718906,0.7013201093547422,0.3040278239181896,0.761106693462112,-1.1613413292517978,1.587782982686176,0.1755362943286003,0.005761167179257232,97,0.23413134664762958,0.83,2.57,1.25,2171.0,2691.91,0.7725827233042979,False,False,False
22479,-1.5966714049314956,0.5768933891820528,-2.7677061912519627,0.005645232282441532,-2.727361670647568,-0.4659811392154234,-0.5725452944511829,0.14706623356145565,72,0.3039824401981325,1.25,2.51,1.25,1939.0,2691.19,0.007859130614772739,True,True,True
22436,-4.095208057029394,0.9727215468918866,-4.210051756450459,2.5531219339964618e-05,-6.001707255923581,-2.188708858135207,0.5876330412601843,0.3138581117271796,81,0.14024373311038626,0.55,1.25,0.65,4215.0,2687.0499999999997,5.570179219425151e-05,True,True,True
21204,-2.3015699630791784,0.32423370770564774,-7.098490713274744,1.2612666114518022e-12,-2.937056352756135,-1.6660835734022217,-0.613640878901571,0.28688235987851696,87,0.32621360564932633,1.45,3.36,1.65,1608.0,2682.9900000000007,8.354108631073462e-12,True,True,True
22495,-1.0461539436474188,0.4683153172763798,-2.233866595975598,0.025491852056183678,-1.9640350989175719,-0.12827278837726575,-0.13130881938110583,0.06603648029759923,74,0.27903635723561204,0.79,5.91,2.95,940.0,2682.3200000000006,0.03184369855924866,True,True,True
22155,-1.991285491896158,0.5212655034480527,-3.8200983543400775,0.0001333984690397,-3.0129471050374805,-0.9696238787548355,3.71311331106096,0.6184312219537992,61,0.3517519054196614,0.42,0.87,0.42,5925.0,2671.81,0.00025170782196179626,True,True,True
22028,-1.2586149764609966,0.45237162255924834,-2.7822589077106676,0.00539819564597641,-2.1452470643050705,-0.37198288861692286,0.6593271034626935,0.1710849292534743,95,0.27638345517522506,0.39,0.85,0.42,6344.0,2665.13,0.007531901400936738,True,True,True
22094,-1.459223494380239,0.19175707153625376,-7.609750621918299,2.7462529075408078e-14,-1.835060448372167,-1.0833865403883107,0.9161257971094489,0.557768223494591,93,0.5315952344787876,0.39,2.57,1.25,3557.0,2649.0499999999993,2.280478735997543e-13,True,True,True
21693,-2.343490634173018,0.34834377288750706,-6.727522684695205,1.725759365223353e-11,-3.026231883271332,-1.6607493850747042,0.6736977801037043,0.40908998033712296,67,0.26681059605846164,2.95,5.91,2.95,871.0,2648.6199999999994,1.0095247749918954e-10,True,True,True
22500,-1.3179097341801491,0.3499665504352257,-3.765816283130971,0.00016600582858311496,-2.0038315688269117,-0.6319878995333864,-0.16494421511781623,0.14453559140089411,82,0.29506300500004146,1.25,11.02,4.95,580.0,2647.3099999999995,0.00030799309732201937,True,True,True
22152,-1.0753543937539134,0.25858515193145976,-4.15860843409503,3.2019222921464626e-05,-1.5821719784763926,-0.5685368090314343,1.2798362052367638,0.34704309941243205,75,0.5893634956254041,0.42,1.7,0.42,6241.0,2642.2800000000007,6.866465893852198e-05,True,True,True
21897,-2.5347746794068984,0.738705550862233,-3.431373537735374,0.0006005330572417568,-3.982610954276696,-1.0869384045371007,-0.3965724255799372,0.07195316635142512,43,0.20662366618358163,2.55,6.04,2.95,866.0,2641.3599999999997,0.0009964831099478094,True,True,True
22376,-0.5780051134921287,0.2890522978944273,-1.9996558328805873,0.04553744051996648,-1.1445372070137492,-0.011473019970508203,0.810940171616778,0.19937428413737268,85,0.2766555802821775,4.1,12.72,4.25,529.0,2632.18,0.054989157834808976,False,False,False
84012,-1.8757841076250101,0.1924415156740253,-9.747294397755532,1.894500527402037e-22,-2.2529625474764,-1.4986056677736204,0.30105902033670234,0.43865092980407305,67,0.44609405337918634,0.85,5.06,2.55,1838.0,2628.4699999999993,3.467119897235767e-21,True,True,True
21422,-2.162165435588358,0.6520741659831059,-3.3158274754353267,0.000913722179474538,-3.440207316164239,-0.8841235550124775,0.02174476785905885,0.20212701973659186,74,0.30065732021432073,0.785,1.68,0.85,3160.0,2619.17,0.001473367244062878,True,True,True
22758,-1.7155855038204666,0.3125286981153257,-5.489369501636618,4.033710057351107e-08,-2.328130496261696,-1.1030405113792372,1.1328790824009671,0.24547094456209884,64,0.2884101425838259,0.39,2.51,1.25,2437.0,2618.3500000000004,1.4543203240213798e-07,True,True,True
84849D,-1.0621471136625564,0.7481136768622636,-1.4197670040165702,0.15567552399018406,-2.5284229766544293,0.4041287493293162,0.3420498797901251,0.03573660591775951,88,0.18529887253319788,1.69,3.36,1.69,1558.0,2618.27,0.17261668395382174,False,False,True
22713,-2.1778865030840513,0.6078729174281874,-3.582799036842008,0.00033993212524807275,-3.3692955284205888,-0.9864774777475138,0.37598182027443705,0.26879922713560345,80,0.32243621493982194,0.36,0.85,0.42,6084.0,2616.12,0.00059496012636269,True,True,True
72800E,-1.4689657655063588,0.19966705693694028,-7.357076265066069,1.879819624008602e-13,-1.8603060060018701,-1.0776255250108475,1.4395657484144948,0.3630834903751391,88,0.25878910088691226,0.79,5.06,2.55,1388.0,2613.8199999999997,1.4005770716427728e-12,True,True,True
47585A,-1.6812084957712683,0.21550363162198577,-7.8013000668140515,6.127262324958868e-15,-2.1035878522879474,-1.2588291392545892,0.28115276702006753,0.5445921870762527,65,0.5415713177915935,1.25,10.39,3.75,1084.0,2612.88,5.5262629103097926e-14,True,True,True
85034B,-1.7910090485185877,0.1646650112367432,-10.876682514803385,1.4888325478389515e-27,-2.1137465400564874,-1.4682715569806877,0.5140610355415876,0.6306325984861623,47,0.5121322914737576,1.25,8.65,4.25,1183.0,2606.64,4.3176143887329594e-26,True,True,True
85034C,-2.0252133930016623,0.16607856486523845,-12.194309329713839,3.333180601592399e-34,-2.3507213987416287,-1.6997053872616956,0.4737446546216581,0.6246296254050436,55,0.503502806868548,1.25,8.65,4.25,1314.0,2604.1499999999996,1.8479545394122563e-32,True,True,True
72799E,-2.2523362312020265,0.48464197616082,-4.647422926598971,3.361076111527111e-06,-3.2022170498735534,-1.3024554125305,0.9794033364952526,0.3496568528294489,67,0.18429322769653267,0.79,6.04,2.95,1232.0,2600.64,8.655640190379976e-06,True,True,True
22190,-1.003386117366584,1.0216085916073352,-0.982162959091719,0.3260195726024864,-3.0057021632136496,0.9989299284804818,0.965621175353298,0.09569922401815145,79,0.2521570260068371,1.475,4.3,2.28,1400.0,2591.6700000000005,0.3454451345450741,False,False,True
21171,-2.2761127227045304,0.5290394449559507,-4.302349748030689,1.689962691796621e-05,-3.313010981219254,-1.2392144641898066,0.1839057517474884,0.14752596652773708,76,0.29911748929280785,1.25,3.36,1.45,1845.0,2578.27,3.8462456682837284e-05,True,True,True
21642,-0.9086796221827755,0.23757248239689893,-3.8248521588653346,0.00013085058443189807,-1.3743131313984733,-0.44304611296707763,1.046460290077035,0.2983918624197115,75,0.5272549440789479,0.29,1.7,0.85,4413.0,2575.18,0.00024799763955885896,True,True,False
82597,-1.0674602077191566,1.4719521726980545,-0.72520033430334,0.4683291378002,-3.952433453172825,1.817513037734512,0.20270633180794606,0.03085143615268815,46,0.21770297271863148,2.1,4.3,2.1,1210.0,2569.6600000000003,0.48505517843592144,False,False,True
22471,-1.5940630267485476,0.41210099594195504,-3.8681367976433463,0.00010967013708732494,-2.4017661367878667,-0.7863599167092288,0.339064231626414,0.16648383510697418,70,0.31549558375915704,1.95,11.02,4.95,627.0,2568.7599999999998,0.00021181168894426997,True,True,True
22937,-1.4047808369316503,0.8312264930289822,-1.6900097009813067,0.09102609872873033,-3.0339548262639897,0.22439315240068902,-0.17791530015921553,0.07050931207887023,41,0.2853411128060616,2.325,5.06,2.55,972.0,2563.2400000000002,0.10361364499013083,False,False,True
21288,-1.1945271109574676,0.44834440346241683,-2.664306951826601,0.007714713210521468,-2.0732659944139,-0.3157882275010354,0.2480516910569841,0.05653922993564642,85,0.22537006008405577,1.25,5.975,2.95,982.0,2557.4700000000003,0.010545492677181266,True,True,True
20960,-3.4844092929880714,0.5110007975529608,-6.818794236083248,9.180778341409483e-12,-4.485952452263118,-2.482866133713025,-0.10172065479877068,0.46729957217514895,56,0.3307089984720198,1.25,2.51,1.25,1900.0,2550.84,5.511390819604101e-11,True,True,True
21818,-2.730108139459759,0.3509759258955068,-7.778619381069947,7.33202923918467e-15,-3.4180083136555512,-2.0422079652639664,1.0115825150740618,0.570397979508799,63,0.4002219745342764,0.39,1.7,0.85,4196.0,2549.4499999999994,6.488673763316011e-14,True,True,True
22735,-2.3276767256196718,0.42434606169497585,-5.485326566534342,4.127062863725785e-08,-3.1593797235232364,-1.4959737277161071,1.7517077225331295,0.5914900892013406,38,0.38976463869520744,1.45,4.21,1.65,1434.0,2541.38,1.4818120948805915e-07,True,True,True
85035B,-1.9637997880830613,0.5514625532748558,-3.5610755008133417,0.00036933885285015365,-3.04464653132428,-0.882953044841843,0.20018474451256316,0.3309041581015256,52,0.351451311966644,1.25,8.47,4.25,986.0,2539.29,0.0006387190253417794,True,True,True
21898,-1.5621362100676546,1.2814698594316807,-1.219019080761249,0.22283695048772934,-4.073770981827354,0.949498561692045,-0.4519555847068606,0.039867098252780786,44,0.09634501246863866,2.46,4.43,2.95,827.0,2538.8100000000004,0.2404394113734229,False,False,True
21215,-1.7314687391307342,0.49816039173231047,-3.475725424716523,0.0005094736136473524,-2.7078451654504274,-0.7550923128110407,-0.007864038014267383,0.20228184371100955,97,0.4361404227240353,0.42,2.13,0.55,4349.0,2533.88,0.0008544108200402663,True,True,True
22342,-1.7691134665317252,0.3065285280964747,-5.771448019921091,7.859320405407978e-09,-2.3698983418348893,-1.1683285912285608,0.06805586158453172,0.39269560377141477,93,0.442261185708257,0.75,3.43,1.65,1817.0,2521.25,3.199744916672579e-08,True,True,True
21792,-2.0043333773516085,0.6862177354285525,-2.9208417006300116,0.003490871512894995,-3.3492954243442066,-0.6593713303590103,-0.5854232085674979,0.3350201899301497,60,0.294717279078772,3.95,13.57,6.75,494.0,2517.8799999999997,0.005042369963070548,True,True,True
82567,-0.9333720877722022,0.4603896051908401,-2.027352653597168,0.0426263602911124,-1.8357191328028635,-0.03102504274154083,0.4156729310491898,0.08847436249591811,100,0.27317715927153924,1.63,4.21,2.1,1207.0,2498.98,0.051705720172938785,False,False,False
85054,-1.80240566216342,0.228603828016159,-7.884407176401332,3.1603222327925653e-15,-2.2504609318030804,-1.3543503925237597,0.24934176757871193,0.37380522377280523,89,0.33877818261282455,1.25,6.04,2.95,916.0,2495.0199999999995,2.934584930450239e-14,True,True,True
21924,-2.390882312743639,0.6375332898760665,-3.7502077941818777,0.00017668809281710246,-3.640424599846064,-1.1413400256412143,-0.6491075801899026,0.1682802064329707,35,0.274725613269017,6.95,17.35,7.95,315.0,2486.6599999999994,0.0003252510302346076,True,True,True
22091,-1.1797521415790506,0.20602972692693744,-5.72612583230485,1.0275002087487821e-08,-1.5835629861004703,-0.775941297057631,0.18825580211722592,0.29749163989786587,88,0.5482368113231174,0.39,2.57,1.25,3179.0,2485.86,4.1121823641007524e-08,True,True,True
21680,-2.2682496627547457,0.4406326026355447,-5.147711833368028,2.6368315272743384e-07,-3.131873694334562,-1.4046256311749292,0.7497460717321949,0.2784299935256057,89,0.3110004916140558,0.72,1.7,0.85,2858.0,2483.68,8.453107872299538e-07,True,True,True
22742,-1.1968644251233627,0.27551458213943625,-4.344105549076299,1.3984427057351418e-05,-1.7368630833322602,-0.6568657669144652,0.8782736954342054,0.21776490411823757,59,0.2538945998890479,0.79,5.91,2.95,1002.0,2475.3,3.230471201361204e-05,True,True,True
22153,-1.329733257769659,0.9190123081380066,-1.446915613637217,0.14792055957000722,-3.1309642830691784,0.4714977675298604,2.626329263814805,0.3876831496036861,58,0.31235195156983064,0.42,0.87,0.42,5705.0,2469.16,0.1643077517910805,False,False,True
22676,-2.0443982871047632,0.5828915406336058,-3.507339092419308,0.0004526119897012151,-3.186844713639696,-0.9019518605698305,0.09868979486996649,0.24323054444690329,68,0.32691929069622255,1.25,2.51,1.25,1830.0,2464.98,0.0007693179446228949,True,True,True
21616,-1.7404891390693342,0.4362008730009284,-3.990109251949227,6.604286758093804e-05,-2.595427140176084,-0.8855511379625844,0.999045923467654,0.3682559415689941,60,0.3058194058299261,1.25,3.75,3.75,1152.0,2458.5800000000004,0.00013215584436312975,True,True,True
22911,-2.2288969763843127,0.4217689138635965,-5.2846402452153125,1.2595202718975945e-07,-3.055548857355538,-1.4022450954130874,0.7651643341033546,0.2256811462381968,55,0.22657608737462495,2.75,5.91,2.95,853.0,2454.3499999999995,4.232077918942898e-07,True,True,True
21330,-0.8586806699407078,0.6421769254427694,-1.337140336128806,0.1811768328651593,-2.1173243155111994,0.39996297562978367,-0.020217741835582226,0.058611970881905395,39,0.3300032135703094,1.65,3.43,1.65,1452.0,2454.07,0.19867267594579713,False,False,False
84509B,-1.4588151172840336,0.3274678135341523,-4.454835122694862,8.39576908960899e-06,-2.10064023790705,-0.816989996661017,0.40178963390548894,0.17134902101170413,87,0.26991128414098,3.29,7.78,3.75,649.0,2452.67,2.0186256038154267e-05,True,True,True
21747,-2.5684477330283757,0.6096716128837623,-4.212837991389418,2.5218194716690815e-05,-3.763382136676996,-1.3735133293797557,-0.9560056526970699,0.2631378406974587,68,0.2758857788414624,1.155,2.51,1.25,2049.0,2452.3500000000004,5.514651628881924e-05,True,True,True
21823,-0.735778179964437,0.6902503520118051,-1.0659584277210963,0.2864424349424578,-2.0886440102236694,0.6170876502947955,1.657436953749969,0.2616682232935109,47,0.42493074020284444,0.39,3.04,1.45,2468.0,2447.719999999999,0.30626431643025126,False,False,False
21789,-0.7791374374333307,0.45612017578781555,-1.7081845504588706,0.08760210427733536,-1.6731165545995275,0.11484167973286608,0.27668275580292023,0.01925882303848081,82,0.2113109790294175,0.79,1.7,0.85,2920.0,2437.0699999999997,0.0998971364566105,False,False,False
21809,-1.6864065758119178,0.33340422133614867,-5.058144042248432,4.233566083161004e-07,-2.3398668419243895,-1.0329463096994458,1.77369850459282,0.5200306722506374,45,0.47870482503466405,0.39,2.51,1.25,3015.0,2427.8900000000003,1.2976052141070719e-06,True,True,True
22448,-1.2231758035717597,0.37799959261852006,-3.235918311706218,0.0012125207840649932,-1.9640413912748715,-0.48231021586864786,0.3995364397970908,0.15044015199150085,59,0.29075633537497536,1.25,6.77,3.35,753.0,2426.73,0.0019222890479079161,True,True,True
21462,-1.3557457237804873,0.2798115671127116,-4.845209716560345,1.2647800926409394e-06,-1.9041663177791142,-0.8073251297818603,0.05559788841019703,0.17775594180991094,82,0.21048017578379496,1.95,13.29,6.75,413.0,2425.41,3.5215812032912417e-06,True,True,True
22537,-2.392975123756752,0.5035703321121783,-4.752017684837872,2.013967525733813e-06,-3.3799548383794953,-1.4059954091340086,0.17094260240287906,0.1111921905494907,84,0.2501070106472897,0.36,0.85,0.42,5861.0,2420.9100000000003,5.431085530770011e-06,True,True,True
21973,-0.7244723715043024,0.6352963030781434,-1.1403692544629684,0.25413249634114,-1.9696302450489063,0.5206855020403014,-0.15493530526836116,0.014978516242043383,75,0.30194098633872435,1.25,3.04,1.45,1670.0,2420.0299999999997,0.2732685428425835,False,False,False
21106,-1.7968998205496685,0.35812980220826407,-5.017454033341557,5.236072390681724e-07,-2.4988213346683192,-1.0949783064310177,0.8224987981201123,0.28253198023299186,74,0.31264675869838177,2.55,6.04,2.95,790.0,2419.68,1.5741621142639633e-06,True,True,True
22789,-2.2968187317034294,0.7559881443625848,-3.038167660208486,0.0023802148656385685,-3.7785282673933627,-0.8151091960134962,-0.3884392002689779,0.21521143127069364,53,0.2320801332258864,1.65,4.13,1.95,1238.0,2419.54,0.00357221737398782,True,True,True
22609,-1.4067361057379795,0.18913400744758335,-7.437774542623397,1.0239562197873211e-13,-1.7774319485869732,-1.0360402628889858,0.25080442244126594,0.6464406100085817,64,0.7163231183395419,0.19,1.66,0.85,7087.0,2414.54,7.943034873658849e-13,True,True,True
22362,-1.118772301262141,0.3625669691851949,-3.085698357399693,0.0020307472187998934,-1.8293905028489665,-0.40815409967531535,0.3679097473005707,0.1312920837343612,83,0.317979831263182,2.75,5.91,2.95,747.0,2410.5300000000007,0.0030857221471900387,True,True,True
22540,-3.648410201670483,0.6656048064084181,-5.481345937625039,4.22102201994248e-08,-4.952971650167738,-2.3438487531732286,0.4079148415545388,0.3348233485102433,77,0.2753138120847657,0.19,0.83,0.42,6162.0,2410.2900000000004,1.50693683855901e-07,True,True,True
85059,-1.444458185070724,0.2756191241502969,-5.24077634135087,1.599024300721165e-07,-1.98466174185578,-0.9042546282856684,-0.24535137870142298,0.23697953224869817,87,0.348739875610516,1.25,7.7,3.75,701.0,2399.8900000000003,5.269511900103838e-07,True,True,True
85036A,-1.6460509623715627,0.22580549224779833,-7.289685233011032,3.1068001611015986e-13,-2.0886215946885858,-1.2034803300545396,0.9450294071574016,0.2131852891393211,80,0.21202255691110122,1.25,8.29,4.25,619.0,2389.21,2.2698908153784934e-12,True,True,True
84818,-1.4064806564129486,0.35282848907378156,-3.9863012765923025,6.71112865565218e-05,-2.0980117877172444,-0.7149495251086528,-0.3237960335043796,0.3097344186556078,79,0.4085835618312359,0.79,5.17,2.55,1788.0,2382.25,0.00013401858940636284,True,True,True
84795B,-1.5203419133640648,0.5030608324171927,-3.0221830351189656,0.00250958752083993,-2.5063230269345023,-0.5343607997936274,-0.4015113635430109,0.14970777783772238,48,0.2890555785394682,7.45,16.98,7.95,298.0,2379.09,0.003739582985599421,True,True,True
10133,-2.8822966550654385,0.2918861000874617,-9.874730774099136,5.357663696706425e-23,-3.4543828988247167,-2.3102104113061603,0.6485777274958691,0.4915135970829292,74,0.3361743605339812,0.42,1.66,0.85,3837.0,2373.2599999999998,1.0859350611066248e-21,True,True,True
21262,-0.7590448545094692,0.19810258533476002,-3.8315747027067375,0.00012732570146735154,-1.1473187870098716,-0.3707709220090669,1.0401958522735455,0.3836144201796091,48,0.9756578554251218,2.95,30.39,2.95,606.0,2366.02,0.00024267840977346578,True,True,False
85034A,-1.72229703294773,0.1850163601347925,-9.308890476998691,1.2917463669174294e-20,-2.0849224353626155,-1.3596716305328447,0.9141663772203934,0.4508424434632109,57,0.39244239250255175,1.25,8.47,4.25,846.0,2364.8199999999997,2.0461696652431548e-19,True,True,True
21468,-1.4243006621014869,0.34694746173476343,-4.1052344207387375,4.03905078830618e-05,-2.1043051916292117,-0.744296132573762,-0.6166517259171339,0.11195289457607405,76,0.2635861782317638,3.29,7.7,3.75,669.0,2361.3900000000003,8.44484549406918e-05,True,True,True
21873,-1.3907295560132469,0.32471922739359527,-4.282867901528758,1.844997165153785e-05,-2.0271675467923655,-0.754291565234128,0.36696238288463995,0.13592525290378943,82,0.4186729132068115,0.42,3.43,1.25,2010.0,2360.0099999999998,4.145196253057074e-05,True,True,True
22421,-1.561043930149879,0.32528587208065424,-4.798990869676689,1.5946706309888143e-06,-2.1985925241076645,-0.9234953361920937,1.456125952616857,0.29424265171065855,80,0.32984649992302584,0.36,0.85,0.42,4721.0,2351.8599999999997,4.350150708269052e-06,True,True,True
21824,-1.3910101801583123,0.48977969824160933,-2.8400731699420585,0.004510318705924013,-2.3509607490707625,-0.43105961124586245,0.6468492206059869,0.3017886487741923,41,0.4140972423539374,0.39,2.98,1.45,2782.0,2351.46,0.006373276432283931,True,True,True
21126,-3.010447389077676,0.405712675545235,-7.420146252596009,1.1699107457455447e-13,-3.805629621217721,-2.215265156937631,0.3813320170954155,0.2302433075410829,95,0.22688470235980795,0.815,2.51,1.25,2325.0,2349.2200000000003,8.964559982643706e-13,True,True,True
22642,-0.8787303153703855,0.4491721695829666,-1.9563329495374606,0.05042594511767452,-1.7590915906107174,0.0016309598699465466,1.2545968790840087,0.21982177232561473,44,0.24386975544428183,0.79,4.96,2.55,989.0,2348.47,0.06025085152640619,False,False,False
85035A,-1.7501472265259523,0.1585266649194032,-11.040081032523755,2.4481228625379333e-28,-2.060853780357232,-1.439440672694673,0.4532449857581983,0.3536114330959821,67,0.2999799352021123,1.25,8.47,4.25,646.0,2344.8999999999996,7.956399303248282e-27,True,True,True
84459B,-2.333231896186331,0.33591812674720506,-6.945835042543575,3.762281835401571e-12,-2.991619326365014,-1.674844466007648,-0.8958704525847344,0.3334479195862087,54,0.391109208520127,1.25,3.36,1.49,1475.0,2341.77,2.3328622564907766e-11,True,True,True
22321,-2.7359907917593116,0.4122053443290384,-6.637446188895933,3.1916441753058094e-11,-3.5438984208791586,-1.9280831626394646,0.46454686261011036,0.42077341254021483,96,0.3031164489644528,0.85,1.7,1.24,2528.0,2339.95,1.8121232742323647e-10,True,True,True
21708,-2.18367082573986,0.3169856898937563,-6.888862479791306,5.6240272997841445e-12,-2.8049513615462045,-1.5623902899335151,0.24309543022549515,0.3369883118780662,65,0.3108941200374379,1.95,10.39,4.95,611.0,2336.48,3.4531894006817956e-11,True,True,True
22251,-2.280862797053902,0.3102526515423273,-7.351630310700914,1.9580374308893638e-13,-2.888946820184919,-1.6727787739228852,-0.19160866866717535,0.3019425140869295,82,0.34935644861446125,0.83,2.51,1.25,1871.0,2317.64,1.4531104556009648e-12,True,True,True
22306,-0.4972944138107869,0.43984619283376897,-1.1306097947714402,0.2582193631078753,-1.3593771105020336,0.36478828288045995,1.7578702315755859,0.47590046311493983,41,0.6843963939600327,1.06,7.3,1.95,1621.0,2316.2,0.2773467233380883,False,False,False
21615,-2.1692502852416222,0.24822400779887308,-8.739083316224944,2.350095102179335e-18,-2.655760400625603,-1.6827401698576416,-0.003972038667296618,0.5064936109940757,51,0.39718744107619,1.25,7.46,3.75,1168.0,2308.67,2.9931954510865174e-17,True,True,True
22363,-1.7806523911744083,0.3925273880268737,-4.536377449036751,5.7228718984255724e-06,-2.5499919346526596,-1.011312847696157,-0.07171492338438873,0.1752570255024759,77,0.32116918997939925,2.55,5.91,2.95,781.0,2303.39,1.4101455592852553e-05,True,True,True
21947,-1.5376165666156236,0.4155004218774019,-3.7006377987970245,0.0002150582571400319,-2.3519824290565294,-0.7232507041747176,0.3086086283622753,0.14002615442461763,92,0.3198646873007106,1.25,2.57,1.265,1675.0,2302.8100000000004,0.0003875571842341875,True,True,True
21482,-2.452638150924147,0.5314478693378341,-4.615011730087564,3.930731149845968e-06,-3.4942568344868503,-1.4110194673614436,-0.6543378312281066,0.23701889024410605,34,0.33098027779798833,2.55,6.04,2.95,740.0,2296.7600000000007,1.003987563341416e-05,True,True,True
21741,-1.7546092104007531,0.501129999125198,-3.501305476550401,0.0004629848227094701,-2.73680596025873,-0.7724124605427763,0.3293224045382191,0.21313897479617006,63,0.32126350340856147,2.75,5.91,2.95,701.0,2293.7500000000005,0.0007834168678701536,True,True,True
85176,-1.8339115059588937,0.37837646689809246,-4.846790607759489,1.2547473751764556e-06,-2.575515753676667,-1.0923072582411206,1.1007061383869052,0.26161871721766605,93,0.3047703449250738,0.79,1.7,0.85,2748.0,2292.9999999999995,3.4988147961651165e-06,True,True,True
22409,-2.253872153756718,0.472875137977466,-4.766315614300962,1.876252744713985e-06,-3.18069039337696,-1.3270539141364757,0.5136091806488668,0.18764801465075143,69,0.32381683640793146,1.25,2.51,1.25,1686.0,2290.46,5.0669576272003755e-06,True,True,True
84536A,-2.3401661457117995,0.4818659843381919,-4.8564667807499395,1.1949881779909184e-06,-3.284606120389597,-1.3957261710340017,0.5817742244767178,0.40924413106218593,102,0.29904602879897885,0.42,0.85,0.42,5077.0,2289.729999999999,3.349933850704257e-06,True,True,True
22246,-1.5417825305627848,0.4121066395137191,-3.7412222534974675,0.00018312748360163432,-2.3494967017995054,-0.7340683593260642,0.11530978742700917,0.21481443083862328,73,0.379158846160315,1.63,4.3,1.95,1081.0,2287.95,0.000336271930983815,True,True,True
85199L,-0.9966295318362692,0.5813143577472563,-1.714441624491208,0.08644764945109588,-2.135984736716924,0.14272567304438555,1.5193151454867242,0.19578330022968327,92,0.30679029062834945,0.65,1.3,0.65,3455.0,2285.02,0.09870007220794412,False,False,False
85183A,-1.5976310924650878,0.227736634259086,-7.015257328548787,2.295261198399419e-12,-2.043986693573267,-1.1512754913569085,0.07192933552221165,0.3576175776613505,68,0.5178886641134346,0.75,5.685,2.5,1512.0,2275.75,1.461678161818549e-11,True,True,True
85107,-1.9345301162288158,0.4417444874993727,-4.379296563902369,1.1906301117542375e-05,-2.8003334020966903,-1.0687268303609412,0.5622515192963744,0.26279924139718835,43,0.31932688392233366,0.85,5.06,2.55,1203.0,2274.79,2.7914648764387285e-05,True,True,True
85172,-0.6128527990569331,0.30608912650754516,-2.0022037569564763,0.04526282180173117,-1.212776463071046,-0.012929135042820228,0.42488834030071454,0.18834151284390632,72,2.2956404431237964,0.39,12.72,0.42,4271.0,2274.56,0.054692576343758494,False,False,False
85106,-2.128292693463568,0.7625074895426529,-2.791176116499661,0.00525168881166289,-3.6227799109092196,-0.6338054760179164,0.9132215585133139,0.25107980034521404,34,0.2847977439068891,0.85,4.21,2.55,1190.0,2271.24,0.007347398356559164,True,True,True
22539,-2.61508667962947,0.5589894285448985,-4.678239956052091,2.8934782220806887e-06,-3.710685827316097,-1.5194875319428427,1.182631926472666,0.26366683884436193,80,0.322069671417447,0.19,0.85,0.42,5654.0,2268.13,7.554302560418419e-06,True,True,True
85114C,-0.08388534364044492,0.8859793869048685,-0.09468092021135482,0.9245682733517101,-1.8203730330188652,1.6526023457379753,1.7738110745820188,0.25557126102241756,66,0.29192583911830317,1.45,3.43,1.65,1179.0,2263.0599999999995,0.9280144809733618,False,False,False
35001G,-0.7870466482443323,0.43828435262129634,-1.7957443461924987,0.07253518555471063,-1.6460681943695263,0.07197489788086175,0.8610626877204229,0.14051590172049333,55,0.21576831188752205,1.25,8.65,4.25,715.0,2259.4700000000003,0.08372861284178171,False,False,False
22133,-2.5356041116292607,0.37073654309180537,-6.839369247183626,7.95426203831388e-12,-3.262234383842081,-1.8089738394164403,0.42314108211936585,0.33590967724331655,100,0.2816582982587328,0.72,1.7,1.255,2464.0,2258.61,4.8139704604115384e-11,True,True,True
22024,-1.6350497391342445,0.30137035418454894,-5.425383473959737,5.7830247444636524e-08,-2.2257247793440404,-1.0443746989244485,0.4916040132666116,0.23939016059021623,97,0.327261205152753,0.36,0.85,0.42,5391.0,2257.0,2.0375704006194365e-07,True,True,True
20658,-1.626860030585176,0.3387632868772104,-4.802350471864605,1.5681391311724902e-06,-2.290823872148919,-0.9628961890214331,0.15393987425699673,0.2211582199416381,87,0.32385509165008897,1.06,2.57,1.25,1584.0,2251.3599999999997,4.283974293130644e-06,True,True,True
21187,-2.271243605597534,0.35949866986020407,-6.317808092254522,2.652991713947734e-10,-2.975848051013589,-1.566639160181479,0.8059312636660875,0.31707194741684497,58,0.35826337361096716,1.45,3.43,1.65,1344.0,2243.78,1.3194958788368018e-09,True,True,True
21804,-0.4280939212772232,0.4313703536820454,-0.9924045953161695,0.3210001982100086,-1.2735642784923373,0.4173764359378909,1.4178510994361466,0.22195257923373957,35,0.24020502102691416,3.29,7.62,3.75,597.0,2240.99,0.3405094955688611,False,False,False
20931,-1.2629511422358586,0.26321079665149955,-4.798249761418605,1.6005811442621804e-06,-1.7788348240148935,-0.7470674604568236,0.7062077388944286,0.13702480906410697,72,0.3520690020427961,2.5,7.78,3.75,673.0,2238.07,4.353673098029163e-06,True,True,True
22163,-2.248710009387242,0.21246301926536795,-10.58400665284054,3.535103868879251e-26,-2.665129875194003,-1.8322901435804813,0.8156869435588948,0.5024745558477431,65,0.31213054751602,0.79,6.04,2.95,1269.0,2235.12,8.767987885312353e-25,True,True,True
21710,-2.2055853702199575,0.7722949109981495,-2.8558848942424824,0.004291706934002135,-3.719255581219897,-0.6919151592200179,0.5123804971108655,0.3051242838192235,63,0.28018482445528337,1.95,10.17,4.95,726.0,2235.0099999999998,0.006082607195935358,True,True,True
22336,-1.8828259419502946,0.34912880300076876,-5.3929264093004345,6.931934759793424e-08,-2.567105821797381,-1.1985460621032082,2.302388066312207,0.48661643022128476,61,0.36371872697303076,0.19,1.3,0.65,4661.0,2234.9599999999996,2.415285956046323e-07,True,True,True
16237,-1.3043186866980028,0.3188519476977714,-4.090671849790049,4.301253604696531e-05,-1.9292570205860837,-0.6793803528099218,1.595007673887565,0.39116236220104006,103,0.3338285284026944,0.21,0.43,0.21,10385.0,2233.15,8.906287435543665e-05,True,True,True
21398,-1.4836090071233246,0.2300139195254998,-6.450083587045039,1.1178847868921752e-10,-1.9344280053361984,-1.0327900089104507,-0.2605167577518508,0.43198765778973236,54,0.47632057669016836,0.39,4.3,2.1,2295.0,2231.9,5.804994003558541e-10,True,True,True
51014L,-1.4563717668779048,0.2771914315331415,-5.254028808981342,1.488075887473707e-07,-1.9996569895059624,-0.9130865442498471,0.5790382646357645,0.309757020812781,81,0.39676306498713804,0.39,1.7,0.85,3445.0,2222.3500000000004,4.938420858957637e-07,True,True,True
21638,-1.45729040653791,0.5727765238724314,-2.5442565220471174,0.01095106283036902,-2.579911764517922,-0.33466904855789803,-0.06401354914822621,0.050677804352569966,65,0.21882623505873608,2.1,4.21,2.1,1020.0,2220.94,0.014578215702857063,True,True,True
22074,-1.9850287383833694,0.418538300441695,-4.742764846821698,2.108209383867126e-06,-2.805348733399696,-1.1647087433670427,0.36300718501805807,0.37647638121023586,87,0.36614045473479945,0.39,4.21,1.65,2156.0,2216.3399999999997,5.677106697985046e-06,True,True,True
22453,-2.283708815351327,0.3524990568986989,-6.478623901702009,9.256290534746945e-11,-2.9745942714571125,-1.5928233592455419,0.4952678105308417,0.16336472511732425,59,0.15228903956358966,1.63,4.37,2.95,801.0,2212.9199999999996,4.857332893660753e-10,True,True,True
84913A,-1.7490476806446633,0.19204919304976226,-9.107289923324302,8.446544338891654e-20,-2.1254571822821773,-1.3726381790071494,-0.13912189091792654,0.2848382586195308,76,0.3653836690228301,3.29,9.52,3.36,608.0,2211.54,1.2438856311570914e-18,True,True,True
22716,-1.6451004891372176,0.2954256573790313,-5.568576892515983,2.5682828800529502e-08,-2.2241241377091887,-1.0660768405652465,0.5942495453074226,0.3478547200040726,77,0.2565611331900629,0.39,0.85,0.42,5218.0,2211.4100000000003,9.624678387474774e-08,True,True,True
21125,-2.5766854405119495,0.7499897781579229,-3.4356274119370536,0.0005911834021864902,-4.046638394474663,-1.1067324865492356,0.09309922051658492,0.11802733949786859,90,0.20952205439584412,0.815,2.51,1.25,2123.0,2211.38,0.0009818332274198537,True,True,True
22785,-1.5146527680644621,0.16781091601212172,-9.02594899103615,1.7814453771493673e-19,-1.8435561196608967,-1.1857494164680276,0.31589938000894313,0.21991970998485222,38,0.2977058644828731,1.25,16.63,6.75,412.0,2207.11,2.5439579817625433e-18,True,True,True
21620,-2.3321914633693765,0.23265845086591688,-10.024099510201927,1.1944339767116861e-23,-2.788193647765455,-1.8761892789732977,0.1108270121227905,0.5362867710321244,67,0.3386245326473201,1.25,7.62,3.75,1087.0,2206.73,2.558531870569919e-22,True,True,True
85116,-0.4167888861175046,0.523925691922762,-0.7955114485566177,0.4263160540335642,-1.4436643728613459,0.6100866006263366,0.5236259402661272,0.0334900944544817,76,0.2569709397044182,0.64,2.1,1.66,1817.0,2206.2400000000002,0.4444722134144184,False,False,False
17091J,-0.9078122357185955,0.241520908775199,-3.7587314503009015,0.0001707770168785758,-1.3811845184313694,-0.43443995300582156,0.3092466687385171,0.18280552464990574,81,0.6317952845070309,0.38,2.57,0.815,3964.0,2204.35,0.0003156026243295249,True,True,False
22514,-2.0903370367538,0.7443439642195977,-2.808294467659719,0.004980466282752582,-3.549224398733982,-0.6314496747736178,-0.04569967155683788,0.1465386347728671,72,0.28208978630146425,1.975,4.21,2.1,1082.0,2202.92,0.006990453419946848,True,True,True
22286,-0.1201366024042757,0.3376178792274815,-0.3558360199381787,0.7219633722619783,-0.781855486226933,0.5415822814183816,0.1892341301794378,0.011402729693983482,54,0.5546914314816649,0.39,3.36,1.65,1937.0,2200.75,0.7344311693005013,False,False,False
21651,-3.3674289428868587,0.6332396127218108,-5.317779992336341,1.0504096988299781e-07,-4.6085557774057,-2.1263021083680176,0.44828950685470453,0.3540098600814834,50,0.2783391087167659,1.45,3.43,1.65,1361.0,2200.3600000000006,3.5935068644183457e-07,True,True,True
20770,-3.5749549036168147,0.5443890614340734,-6.5669117123686895,5.13694826958807e-11,-4.6419378576051615,-2.507971949628468,0.6312407270339864,0.1644934490774358,77,0.09034706808945585,0.85,2.55,2.55,1045.0,2190.5900000000006,2.8067094168618873e-10,True,True,True
85039B,-1.858617205077329,0.36939981196292354,-5.031451410873695,4.867804870613083e-07,-2.5826275324205277,-1.1346068777341307,0.4973934217304153,0.20892989632530823,78,0.2406368545229083,0.42,3.36,1.65,1653.0,2178.5199999999995,1.4775865025935043e-06,True,True,True
22948,-0.5001308613240836,0.3534817559544103,-1.414870365724298,0.15710650815515767,-1.1929423721867045,0.19268064953853736,0.7275027288651831,0.157458790040915,56,1.091267258943591,0.785,6.77,0.85,2155.0,2164.69,0.17410098052467501,False,False,False
22069,-0.2353590694705356,0.26655488416222745,-0.8829666363468102,0.3772542980668234,-0.7577970423317475,0.28707890339067627,0.9433646023200517,0.14110859877164939,89,0.33478275448592765,1.55,4.21,3.29,968.0,2164.63,0.3957286320845643,False,False,False
22714,-2.3007313716391877,0.47010948951006737,-4.894033034808411,9.87902450055734e-07,-3.2221290398694302,-1.3793337034089452,0.8899982023900088,0.3673446800921393,79,0.31243997524108397,0.36,0.85,0.42,5277.0,2157.9099999999994,2.8300852862538884e-06,True,True,True
22182,-1.5265733447875003,0.26830555246547727,-5.689682269933358,1.2727596940089142e-08,-2.0524425644719577,-1.0007041251030429,0.4450848988169632,0.18767286911781855,69,0.32363396773620395,1.25,10.17,4.21,561.0,2156.45,5.029668811754304e-08,True,True,True
85103,-1.3655659250915277,0.3993000609475509,-3.4198991150940454,0.0006264436309430347,-2.148179663573376,-0.5829521866096795,0.5326292705748261,0.1979672275266008,47,0.34268850914358057,5.79,13.57,6.75,317.0,2153.4300000000003,0.0010349222123817883,True,True,True
22338,-2.0046540150045913,0.31325311076712337,-6.399470415777861,1.5591678569516154e-10,-2.6186188301532893,-1.3906891998558932,1.590733204031499,0.6594705494975045,51,0.46531442832807896,0.19,1.3,0.65,6087.0,2151.99,8.05214085028437e-10,True,True,True
21421,-2.4832911184597397,0.32444612613739354,-7.653939802037081,1.9491354688795622e-14,-3.1191938406125708,-1.8473883963069089,0.7166762961827673,0.3023940115285082,48,0.4223206041219218,1.06,3.36,1.25,1792.0,2144.48,1.670054708562716e-13,True,True,True
21905,-1.5465267843087593,0.2372543966140759,-6.518432561755134,7.10458656665154e-11,-2.01153685684613,-1.0815167117713889,0.38402654246057955,0.2522481628020914,89,0.33353937862612626,0.79,4.21,2.1,1615.0,2141.07,3.793808973976814e-10,True,True,True
21617,-1.7451320533998373,0.2331949428166219,-7.483575897150399,7.232710120451795e-14,-2.2021857426972935,-1.288078364102381,0.22839469275600505,0.3129277724615509,69,0.24166583502817984,1.25,3.75,3.75,834.0,2135.01,5.776973973326964e-13,True,True,True
20764,-1.6831456701375216,0.305080817010526,-5.517048520554635,3.447402788082007e-08,-2.281093083852207,-1.085198256422836,0.4249539546552077,0.19505001308322456,79,0.30067928897624546,1.25,7.78,3.75,685.0,2134.76,1.2593709797547642e-07,True,True,True
21774,-2.0097292832667195,0.4680889526032312,-4.293477280525006,1.7589632141807284e-05,-2.927166771930129,-1.0922917946033102,0.4690991817938878,0.19106726169805888,100,0.23893580948929086,1.25,2.57,2.46,1711.0,2129.81,3.970833124228351e-05,True,True,True
22515,-1.4488424887441673,0.5502615686236997,-2.633006866839666,0.008463263623908214,-2.5273353453231344,-0.37034963216520045,-0.40690083625111617,0.11258559993897954,68,0.2973837003943155,1.975,4.21,2.1,1046.0,2129.74,0.011501984088728899,True,True,True
84670,-1.8452067687990432,0.48333562337245106,-3.81765108874906,0.00013472827968835473,-2.792527183054263,-0.8978863545438232,0.6528806535004387,0.24289493770416093,46,0.4538845839648656,0.36,1.7,0.42,5196.0,2128.7200000000003,0.00025370909811443424,True,True,True
21643,-1.0715794643447945,0.43957756664886993,-2.4377482966521837,0.01477906063391659,-1.9331356633883348,-0.21002326530125415,0.4808013879061573,0.14036998066006545,77,0.3277172301536167,1.155,2.57,1.25,1521.0,2127.94,0.01923931581141766,True,True,True
21195,-0.6250053647978011,0.6404979250434604,-0.9758116933093764,0.32915778900505044,-1.8803582300556185,0.6303475004600163,-0.02460500312787567,0.031089444222597518,58,0.33134971320064227,1.63,4.3,3.155,997.0,2122.66,0.34857440015422475,False,False,False
21359,-1.058498268221717,0.11447422688185467,-9.24660770423163,2.3173042472346128e-20,-1.282863630068219,-0.834132906375215,0.3030806689367558,0.38026335060232763,48,0.4487024447512404,3.95,34.0,15.95,208.0,2116.48,3.522676214546166e-19,True,True,True
85114A,-1.4761850541058563,0.47841290591732316,-3.085587859038575,0.002031501954728296,-2.4138571194429588,-0.5385129887687536,0.24863091705855275,0.09509923896897565,55,0.3013514603547446,1.55,3.36,1.65,1270.0,2110.8999999999996,0.0030857221471900387,True,True,True
22913,-1.9513176314969807,0.5450298485362444,-3.5802032434324897,0.00034332705902187906,-3.0195565051273405,-0.883078757866621,0.09442199891585173,0.12904790951371636,46,0.2574688459352051,4.25,10.79,4.95,450.0,2107.85,0.000599232876163187,True,True,True
22279,-1.2162965635806677,0.3801296915138335,-3.1996883977593864,0.0013757623912577337,-1.9613370684021025,-0.47125605875923304,0.33213306017463173,0.17574610452372563,78,0.34603530993001436,0.83,3.155,1.855,1440.0,2104.62,0.0021574975936113376,True,True,True
40018F,-2.349682704768436,0.6551862916254282,-3.586281848082005,0.0003354264191361101,-3.633824239518632,-1.06554117001824,-0.4287926685222526,0.21872263848933038,36,0.3330129421138009,1.82,4.3,1.95,1092.0,2100.33,0.000587619702668743,True,True,True
22859,-1.3833491656561878,0.9584131328741834,-1.4433745930710116,0.14891497722181776,-3.2618043883997885,0.49510605708741284,-1.4881068256109447,0.2717796088437898,32,0.25172387504708904,1.45,3.36,1.65,1250.0,2085.75,0.16531491876509216,False,False,True
21865,-0.9791446604252549,0.5179142046631402,-1.890553785954001,0.05868393428966083,-1.9942378486467163,0.035948527796206386,0.19851338770947333,0.10849326051870989,93,0.34229838441425897,0.83,4.58,2.1,896.0,2085.64,0.06916212634391698,False,False,False
22308,-0.3869251539665671,0.5000193354194337,-0.7738203836497659,0.4390370166665776,-1.36694504296231,0.5930947350291759,0.44132015514592693,0.032411272648774414,88,0.28409415167202706,2.55,5.17,3.805,677.0,2085.05,0.45722915824115956,False,False,False
21070,-1.7297166054987054,0.34923881031021314,-4.952818972101857,7.314601703411841e-07,-2.414212095710339,-1.045221115287072,1.04496753011826,0.1839349058512636,93,0.32109834801180487,0.38,2.51,1.25,2034.0,2083.46,2.1409975482812606e-06,True,True,True
72799F,-2.569907150027629,0.336819520262759,-7.629923432058801,2.3489318010953664e-14,-3.2300612790326957,-1.9097530210225626,0.17700860323699233,0.3576170684380745,49,0.3400608871774122,1.25,5.91,2.95,1125.0,2082.7400000000002,1.9678828644732294e-13,True,True,True
84854,-1.985582525618719,0.7866000999684422,-2.524259182904222,0.011594241184244361,-3.5272903917924716,-0.4438746594449663,-0.2252970069691171,0.16890131879402281,39,0.2563862136364761,4.25,8.65,6.71,381.0,2079.47,0.01533694360161447,True,True,True
21291,-3.0332266345950343,0.6210986537586957,-4.883647092517253,1.041413958124293e-06,-4.250557626808391,-1.8158956423816777,0.6809316459320218,0.29062446974365286,75,0.24778592914815759,0.745,1.66,0.85,2411.0,2077.93,2.965355454779898e-06,True,True,True
22023,-2.8640405012733736,0.3360928908376959,-8.521574181872417,1.573991485250743e-17,-3.5227704627752097,-2.2053105397715376,-0.05563820457910862,0.5000343296035736,100,0.30706014284199756,0.36,0.85,0.42,4975.0,2076.77,1.8543587185610317e-16,True,True,True
84796A,-1.8071969563364079,0.4578892107756952,-3.9467996052470733,7.92027942480213e-05,-2.70464331836624,-0.9097505943065756,-0.13370083166428665,0.32802540753343057,46,0.34957052059445115,3.95,26.04,8.47,284.0,2072.95,0.00015715501806054755,True,True,True
22695,-1.032481369130539,0.5079106022044024,-2.032801372228551,0.04207259445677941,-2.027967856817218,-0.036994881443860095,2.01869886960176,0.521190742268796,52,0.35875698918262555,0.59,3.36,1.45,1457.0,2070.15,0.05106686448875028,False,False,True
21619,-2.3608728506231325,0.2158136024847948,-10.939407078334964,7.468674517322772e-28,-2.783859738867174,-1.9378859623790907,0.880950222302677,0.6511672797269581,58,0.3334660785598932,1.25,5.685,3.75,1131.0,2069.02,2.2707179782505525e-26,True,True,True
85049H,-1.790310929567502,0.4112149326430121,-4.353710888027804,1.3385220842252376e-05,-2.59627738745287,-0.9843444716821339,0.23225510866967966,0.22944743910042764,90,0.28019736167575504,0.42,2.51,1.25,2066.0,2067.18,3.107283409808587e-05,True,True,True
22935,-1.1996168422002864,0.7705379892381605,-1.5568561952232374,0.11950463166184794,-2.709843549826993,0.31060986542642,-0.31275757112418423,0.08569146211729695,35,0.35190397894895975,2.75,6.63,3.25,690.0,2066.82,0.13448730190004976,False,False,True
21200,-2.2843575955068287,0.3926109156555011,-5.818375150606491,5.9422418310657586e-09,-3.0538608501289035,-1.5148543408847537,0.8425359913330666,0.3328781923785006,71,0.3566898743545552,1.15,3.43,1.65,1421.0,2065.16,2.4726547133684227e-08,True,True,True
21058,-2.5383956415405304,0.5455306988055463,-4.653075706093927,3.2702011344696316e-06,-3.607616163660369,-1.469175119420692,0.13957941232653648,0.20909954722680435,94,0.2552652179857584,0.72,1.66,0.85,2396.0,2055.5899999999997,8.467485080323154e-06,True,True,True
22903,-0.03123509217141268,1.0735252244753684,-0.029095815784559016,0.9767881729069237,-2.1353058686384117,2.072835684295586,1.417608761451537,0.0996273881203582,38,0.29128018910784803,2.46,5.91,2.95,745.0,2053.9599999999996,0.9778256537066123,False,False,False
22400,-1.0394483858459522,0.22829137012423953,-4.553165480062908,5.284467238322348e-06,-1.4868912492707649,-0.5920055224211395,0.11280221429341195,0.1965283374718817,71,0.43475311972400854,0.39,1.88,1.25,2450.0,2049.5600000000004,1.3092297220419708e-05,True,True,True
21640,-0.5067348298164875,0.5346734056552448,-0.9477464643963012,0.34325854048809024,-1.554675448392142,0.5412057887591668,0.8892414601918339,0.08467249607599225,80,0.28191634026124285,0.85,1.7,0.85,2225.0,2049.4,0.3620830155680191,False,False,False
84509G,-1.3462343255476497,0.43779491008596294,-3.075034210158612,0.002104784096638929,-2.2042965819310885,-0.4881720691642111,-0.4794303112344428,0.17127397195516725,72,0.28679173995363755,1.25,7.62,3.75,802.0,2045.4499999999998,0.0031867614635858483,True,True,True
84459A,-1.408017798355875,0.34299032649658645,-4.105123933779188,4.040981769575809e-05,-2.0802664853348185,-0.7357691113769314,-0.7150315529109643,0.2214980898322363,70,0.3840609045789787,1.25,3.43,1.94,1263.0,2041.6900000000003,8.44484549406918e-05,True,True,True
22928,-0.5314562834861158,0.5199564597054573,-1.022116897609413,0.30672557649153165,-1.550552218037764,0.4876396510655323,1.38728230408784,0.21164445836748647,42,0.32667481037437185,5.95,12.46,5.95,296.0,2041.3500000000001,0.3267888841480694,False,False,False
22201,-1.0218756484216285,0.4731000264983189,-2.1599568615227285,0.0307760092331093,-1.9491346614432787,-0.09461663539997822,-0.16996925564174323,0.09330026624131216,72,0.3021599770776243,1.25,8.47,4.25,509.0,2034.4,0.03796647735890774,True,True,True
85016,-1.0520495681671878,0.5089021637782002,-2.06729238554724,0.03870661131978521,-2.0494794808269643,-0.054619655507411324,0.1731511021137036,0.07664486308235796,66,0.22497124421425538,0.65,2.57,2.51,1679.0,2033.3299999999997,0.04719804761837496,True,True,True
21348,-2.590477669366247,0.5318833414841577,-4.870386920067518,1.113799290051578e-06,-3.6329498626520147,-1.548005476080479,0.14588701332380016,0.15331581025604202,47,0.2318129935255694,2.55,5.91,2.95,842.0,2030.8400000000001,3.1382835003695435e-06,True,True,True
22261,-2.4663104301494334,0.46192730348127037,-5.3391743929452185,9.337079769886154e-08,-3.371671308448427,-1.56094955185044,-0.5910677754404596,0.2679818968040909,66,0.3057179363450011,0.85,1.7,1.2475,2105.0,2024.35,3.2059007953069945e-07,True,True,True
22211,-1.3944065104120373,0.3263436104443014,-4.272816950555946,1.9301890578814593e-05,-2.0340282334676374,-0.7547847873564372,0.4029189918138324,0.30942541856646,87,0.44079164646632213,0.83,3.43,1.65,1531.0,2022.35,4.310883355747088e-05,True,True,True
22799,-1.8981654132238865,0.19017486749675053,-9.981158068935265,1.843029923697432e-23,-2.2709013042821944,-1.5254295221655787,-0.29029467322205393,0.1469864045441972,45,0.18183693488927039,2.95,16.63,8.5,253.0,2020.8400000000001,3.8601237846329554e-22,True,True,True
21397,-1.158938337174757,0.2623618837827644,-4.417327397048108,9.99288105642107e-06,-1.6731581803050586,-0.6447184940444555,-0.1280970687357132,0.24217199027417502,58,0.5182092769337475,0.39,3.43,1.25,2157.0,2017.74,2.3604737833776586e-05,True,True,True
21356,-0.9874361361388035,0.3827211001652812,-2.580041016062013,0.009878858099153799,-1.7375557085863012,-0.23731656369130583,0.9316975415991499,0.24467536920216904,88,0.38772471759045535,0.83,2.57,1.25,1592.0,2014.1600000000003,0.01325384164904264,True,True,False
37476,-1.0687057104857411,0.3633101393311814,-2.9415796444688396,0.0032654285891645404,-1.7807804987930855,-0.35663092217839665,0.7631489650188785,0.18216263019628087,45,0.35059881477401245,8.29,19.09,9.95,209.0,2010.6000000000001,0.004753152811254949,True,True,True
21389,-3.5858232389383318,0.5643300071764171,-6.354124702458637,2.096167398327094e-10,-4.69188972839934,-2.479756749477324,-0.5540061416439978,0.47256128986305634,84,0.2992890147662178,0.83,1.66,0.85,2299.0,2008.09,1.065033839850828e-09,True,True,True
35953,-1.8791968062238893,0.24612044844695655,-7.635272965256646,2.253424767592708e-14,-2.3615840210387713,-1.3968095914090073,0.666277801747326,0.6851201119799173,35,1.374739608968123,0.39,8.65,1.25,3868.0,2007.2199999999998,1.8962971816572567e-13,True,True,True
21504,-3.436765571846027,0.5273805645021575,-6.516670888488851,7.188490615137698e-11,-4.470412484416658,-2.4031186592753953,0.5732954030517322,0.502084174777688,91,0.2655550462301925,0.36,0.86,0.42,4913.0,2005.02,3.8277697202075027e-10,True,True,True
20686,-1.3896403397027135,0.4307783320110304,-3.2258826325255625,0.0012558484456067739,-2.233950355764571,-0.5453303236408561,0.578545360124864,0.15933729296063348,84,0.29241315978710114,2.75,6.91,3.25,590.0,2002.84,0.001982641809019069,True,True,True
22496,-1.8995238752350931,0.33558614025239014,-5.660316822996578,1.510937887067543e-08,-2.5572606238405853,-1.241787126629601,0.3418541476611283,0.18041096602364493,80,0.22437961049376987,0.79,5.91,2.95,731.0,1996.0900000000001,5.86032493235045e-08,True,True,True
22405,-1.9356262132629694,0.3710547779683278,-5.216551108333091,1.822852961887944e-07,-2.6628802143723984,-1.2083722121535405,-0.0510564035697712,0.13834707121602696,71,0.2397990938038308,0.39,2.51,1.25,1642.0,1993.38,5.949242308317237e-07,True,True,True
22719,-0.11045212854967121,0.5517942471969304,-0.2001690469060868,0.8413483742422239,-1.1919489799320464,0.971044722832704,0.49015795708803156,0.026848067874515213,51,0.3191302115790463,1.06,2.51,1.785,1467.0,1987.8300000000002,0.8499151583315069,False,False,False
22559,-2.2790588507772305,0.5902065895519039,-3.861459514553261,0.00011271169119715688,-3.435842509737176,-1.1222751918172849,-0.5482165643658463,0.2731308777999175,72,0.3345060536015516,0.83,2.51,1.25,1583.0,1986.87,0.00021613584731092648,True,True,True
22343,-1.6914438404626164,0.32492754450779476,-5.205603123074227,1.9336752608455354e-07,-2.32829012528293,-1.0545975556423033,0.7658269248684103,0.37973993769880066,80,0.362858731645804,0.19,1.7,0.85,3297.0,1985.74,6.273627997751866e-07,True,True,True
85217,-0.7983677270405578,0.41016684966076905,-1.9464462515701906,0.05160115835619327,-1.60227998002792,0.005544525946804435,1.358408624077628,0.38831895923000026,38,1.33654887824083,0.59,7.62,0.65,2869.0,1981.8500000000001,0.06152320272069849,False,False,False
22068,-1.076319495446846,0.2545144517618117,-4.2289130852739305,2.3482303538487768e-05,-1.5751586544449538,-0.5774803364487382,0.9966031015904309,0.2921685113880873,96,0.4000613317398481,0.39,4.13,1.65,1112.0,1979.8200000000002,5.165010754964929e-05,True,True,True
20871,-1.3551707220245914,0.5542130279924685,-2.4452162861155395,0.014476529746506562,-2.4414082966527184,-0.26893314739646423,0.9531010797915661,0.20003720439439943,36,0.4163606411401455,1.25,4.3,2.1,1273.0,1978.0500000000002,0.018897685991803925,True,True,True
22599,-1.5413464563836397,0.5118944740673633,-3.011062893757287,0.0026033492348554537,-2.5446411894407444,-0.538051723326535,1.8665953609495785,0.5021767217641986,35,0.3753980863585422,0.29,1.66,0.85,3119.0,1976.8799999999999,0.0038640262265374255,True,True,True
22204,-0.6177649295619246,0.33890289816160424,-1.8228375529186132,0.06832799822566943,-1.2820024042149147,0.046472545091065354,-0.018023760872973027,0.036344735082015855,72,0.31866219916497857,1.25,7.62,3.75,537.0,1974.29,0.07930928365479487,False,False,False
21630,-0.427528655952123,0.32388164839172495,-1.3200150674639033,0.18682998740126966,-1.062325022053369,0.20726771014912299,0.25458035943662427,0.055843369410776944,59,0.3293092605511663,7.95,19.09,13.815,162.0,1973.3900000000003,0.20439612666940993,False,False,False
79160,-0.6545567160266322,0.8504122965760621,-0.7696933812716662,0.44148179716831615,-2.321334189325709,1.0122207572724444,-0.4903665726131934,0.037903180241658396,71,0.2320275148817078,1.69,3.43,2.1,944.0,1973.0699999999997,0.459521362596508,False,False,False
21657,-1.1383336749958624,0.26306821516824797,-4.327142578847199,1.5105618635828156e-05,-1.653937902202862,-0.6227294477888627,0.40342874401517875,0.15546018932325423,54,0.28173128839171785,5.95,14.43,6.95,257.0,1967.38,3.4597923606969714e-05,True,True,True
22931,-3.063849133687798,0.7056844870515452,-4.341669952940323,1.4140383718783178e-05,-4.446965312757449,-1.6807329546181473,-0.18240013530855465,0.27411544233755936,41,0.29709634741886437,2.325,4.96,2.55,813.0,1963.3000000000002,3.254532760672319e-05,True,True,True
21629,0.09590413733498113,0.2918428509500839,0.3286156814284423,0.7424461937245623,-0.4760973396726743,0.6679056143426366,0.22525290117021274,0.016462908796524123,62,0.33502816666307805,6.95,16.48,9.91,177.0,1961.3700000000001,0.7548603425948219,False,False,False
21082,-2.298692471249087,0.4193022330862108,-5.482185139654296,4.201042460368715e-08,-3.120509746735279,-1.4768751957628945,1.8366348470232756,0.35296796384625595,65,0.3974807808439702,0.745,2.51,0.85,7183.0,1960.45,1.5026499122950717e-07,True,True,True
20846,-1.263837797230764,0.4972720088215606,-2.5415422038851885,0.011036462121803576,-2.2384730250409066,-0.28920256942062117,-0.1538296828127213,0.15163585489034148,78,0.2961991567676746,1.06,2.51,1.25,1453.0,1956.8099999999997,0.014681532180380905,True,True,True
22614,-0.6904108703183216,0.22951309187616817,-3.0081546315049725,0.002628393629921039,-1.1402482643760437,-0.24057347626059955,0.6910938523655836,0.09170710497641954,78,0.4173096731638829,0.29,0.85,0.29,5726.0,1954.3000000000004,0.0038981290262794324,True,True,False
21695,-2.1495743649862984,0.4219793551033073,-5.094027323824997,3.5053621325081613e-07,-2.976638703208219,-1.3225100267643777,0.3761254526745764,0.3882031771132257,61,0.3101264918433752,2.55,6.04,2.95,630.0,1952.1799999999998,1.095788991671291e-06,True,True,True
22098,-1.1608529373448702,0.16495106688677305,-7.03755943659165,1.9563609513469712e-12,-1.4841510876544028,-0.8375547870353375,0.3785892790842259,0.34623229482245255,92,0.5289883422820123,0.39,2.51,1.25,2865.0,1952.0399999999997,1.2586144686993313e-11,True,True,True
22262,-2.369276878365162,0.42775113935334574,-5.5389142433306535,3.043526217729129e-08,-3.2076537058436934,-1.5309000508866306,-0.10443021151580345,0.338413757892832,84,0.3170842353075088,0.85,1.7,0.85,2026.0,1947.82,1.1315674399249327e-07,True,True,True
35971,-1.8979494456944161,0.3249303824978397,-5.8410956559503475,5.18586155221321e-09,-2.5348012928730057,-1.2610975985158266,0.567193027117574,0.282495948435579,88,0.3300158148089321,0.42,2.57,1.855,1963.0,1947.7399999999998,2.2116174266791632e-08,True,True,True
20984,-2.429128656553603,0.2275393487999135,-10.675642122407826,1.323393573369664e-26,-2.8750975852671306,-1.9831597278400754,-0.1439674220239765,0.5952233232077027,73,0.5198377456842739,0.19,1.66,0.85,5867.0,1940.9599999999996,3.417256007947694e-25,True,True,True
21803,-2.7761245707474247,0.680023909640684,-4.082392591481517,4.457441469551307e-05,-4.108946942269285,-1.443302199225564,2.7124036712647563,0.4502204673463369,59,0.22854009559694624,0.42,0.87,0.42,4463.0,1938.9599999999998,9.182816579348867e-05,True,True,True
46775D,-0.2725436197756628,0.33849654090659814,-0.8051592463713424,0.42072779049045905,-0.9359846488439842,0.39089740929265865,-0.15121908631485956,0.021357920852664303,56,0.3481401066112902,8.29,34.74,11.02,153.0,1938.19,0.4391317193103628,False,False,False
21991,-1.6261598640783386,0.2714507434945619,-5.990625935091301,2.090349342538574e-09,-2.1581935449043,-1.094126183252377,1.1697183328206715,0.42295350812826493,76,0.3632885258444969,1.25,6.04,2.46,1103.0,1927.5400000000002,9.359402638207155e-09,True,True,True
20716,-1.6722182646479407,0.5705958600516812,-2.9306526417778094,0.0033825077006558253,-2.790565600076893,-0.5538709292189885,0.3874067022375519,0.17244610563414875,73,0.2875481508384401,0.83,2.51,1.25,1533.0,1925.04,0.004897102162623833,True,True,True
21043,-1.9433244072757354,0.20756708163790116,-9.362392109293355,7.795150051847579e-21,-2.350148411662107,-1.5365004028893638,1.0467843815205213,0.5533008250035982,49,0.5387698899360521,1.95,12.72,5.95,677.0,1921.03,1.28893489892392e-19,True,True,True
21802,-1.9925605727874978,0.8079599663771194,-2.4661625027315526,0.01365693605331201,-3.5761330078368445,-0.4089881377381508,2.4950746594079414,0.4226630504467035,65,0.3159200169888186,0.36,0.87,0.42,4377.0,1917.2,0.01791463080062153,True,True,True
22753,-2.097585705853209,0.6413111857537079,-3.2707767343680407,0.0010725254863711588,-3.354532532813153,-0.8406388788932646,0.9855558089646701,0.3291293227226354,65,0.27590692112257303,0.21,1.66,0.85,2332.0,1915.21,0.0017104957822450723,True,True,True
22438,-1.7762744408344457,0.22325010795488387,-7.956432617687286,1.7707049555971737e-15,-2.213836611970697,-1.3387122696981943,0.644966650462939,0.3121719222236048,64,0.3147214795745023,0.39,4.21,1.95,1459.0,1913.2199999999998,1.7029483884187106e-14,True,True,True
40001,-2.2338151690750294,0.4267602869603626,-5.234355766759773,1.6556129389847954e-07,-3.070249961549319,-1.3973803766007402,-0.003786860088838384,0.21434016484644458,70,0.34963220034758596,0.64,1.7,0.85,2484.0,1911.6499999999999,5.445383244040356e-07,True,True,True
20684,-1.5557623351515653,0.5284348387665762,-2.944094940414758,0.003239006225772302,-2.591475587310285,-0.5200490829928457,0.8388307287395071,0.14048777296981507,68,0.23015371201784973,3.25,6.91,3.25,580.0,1910.0600000000002,0.004721985100990556,True,True,True
84763,-2.073922567508618,0.6462811512677591,-3.209009830226932,0.001331929381890976,-3.3406103478805083,-0.8072347871367274,-0.20707328744959758,0.1486079327580644,68,0.24367697993959112,1.25,2.51,1.25,1517.0,1903.0,0.002095731957315935,True,True,True
21773,-2.382076005495337,0.4217478737881789,-5.648104361734672,1.6222669086405238e-08,-3.208686648676512,-1.555465362314162,0.24040499289283748,0.33259453229550295,97,0.26775834554565,1.25,2.57,2.46,1642.0,1899.4,6.253523768481365e-08,True,True,True
21647,-0.38842636459685576,0.9777519138338314,-0.39726474487153873,0.6911722423500666,-2.3047849015262756,1.527932172332564,-0.3714723023485157,0.016128506543231724,52,0.2818109362550384,2.1,4.3,2.1,848.0,1899.2799999999997,0.7042484739620949,False,False,False
22210,-1.5980945637375645,0.24263679288406992,-6.586365343615148,4.5072395220670596e-11,-2.073653939114646,-1.122535188360483,1.2145076572187756,0.48636375140134824,81,0.3900787843519234,0.83,3.43,1.65,1586.0,1898.4199999999998,2.506237905338173e-10,True,True,True
84519B,-0.6940677799328051,0.1988286788999466,-3.4907830388093553,0.0004816071802595506,-1.0837648296703795,-0.3043707301952308,0.6283142399005752,0.19021319323297325,87,0.5327033861757514,1.25,5.91,2.95,867.0,1895.37,0.0008112864475328445,True,True,False
22513,-0.9652249163732713,0.3429728978492143,-2.814289182691123,0.00488852302226799,-1.6374394438310662,-0.29301038891547637,0.4957833786378111,0.19232407897126036,65,0.3595648850456798,0.79,7.62,3.75,585.0,1894.7,0.006871637507065743,True,True,False
21581,-1.6195262404583857,0.3475343288980836,-4.660046809169522,3.16137481788241e-06,-2.3006810084899274,-0.938371472426844,0.33900486492690146,0.14711225682250673,74,0.359541745090657,0.85,4.96,2.25,1172.0,1890.7399999999998,8.19696221693032e-06,True,True,True
85232A,-1.9335487491637182,0.26955720394717697,-7.1730553695111805,7.334217212477271e-13,-2.4618711606735033,-1.4052263376539331,-0.05284785351567084,0.15533755260987359,62,0.24935743516784165,4.95,10.17,4.95,375.0,1889.88,5.064102360996211e-12,True,True,True
21445,-0.22683241526155026,0.5759203674966968,-0.39386072808555644,0.6936838660660684,-1.3556155935181484,0.901950762995048,-0.1669143398656025,0.0034422372914421073,61,0.29948528055461415,1.06,2.57,1.25,1519.0,1887.23,0.7064257631196861,False,False,False
85231B,-2.304507170157649,0.3948588939486464,-5.836280264861815,5.33790786596671e-09,-3.0784163812723166,-1.5305979590429812,1.3017817281520132,0.36327668221837484,90,0.2627040863329449,0.85,1.66,0.85,2054.0,1877.84,2.2509969412409954e-08,True,True,True
22678,-2.7109671354845166,0.4136753026265762,-6.553369558858342,5.6253071631808444e-11,-3.5217558299263136,-1.9001784410427196,-0.29529511233467065,0.42326792270034497,64,0.300013726176316,1.25,2.51,1.25,1400.0,1875.5300000000002,3.0646543360103737e-10,True,True,True
21983,-1.80753644766006,0.36096331533814924,-5.007535034319944,5.513151893982588e-07,-2.515011545463007,-1.1000613498571128,0.5084923344512711,0.25408950982873424,101,0.46257610676378474,0.29,0.85,0.29,6118.0,1875.02,1.652192578721332e-06,True,True,True
21687,-1.81467802979635,0.5353201786545752,-3.3898928195779883,0.000699199547364715,-2.8638863001568646,-0.7654697594358353,0.45550519229386205,0.17571720841841598,37,0.3294585271701078,3.39,8.65,3.75,477.0,1871.23,0.0011490768498539563,True,True,True
21241,-2.2506619387238316,0.9564307282217605,-2.353188654768929,0.018613187999880938,-4.125231719745899,-0.3760921577017644,0.09110212550610552,0.23844824307419143,44,0.22380343671040728,0.785,1.66,0.85,2213.0,1869.07,0.023807097564201563,True,True,True
21394,-1.3845244347490064,0.193242884520074,-7.164685200117589,7.796550252762459e-13,-1.7632735286769843,-1.0057753408210286,-0.21983518884340822,0.4485096936662448,53,0.8855520549584459,0.39,4.13,0.39,4005.0,1864.63,5.30559466659106e-12,True,True,True
22535,-2.673388082191741,0.6025071125903635,-4.437106262029046,9.117629023826449e-06,-3.854280323298073,-1.4924958410854092,0.33883034835210435,0.15930897520947873,84,0.2495182799874368,0.42,0.85,0.42,4454.0,1862.49,2.1727851719232435e-05,True,True,True
21613,-1.742638033121724,0.4883806271594669,-3.5681964767056877,0.0003594469297682982,-2.6998464731013634,-0.7854295931420847,0.5671451804490871,0.11872365737530444,72,0.2009439305818327,2.55,6.04,2.95,632.0,1861.45,0.0006239018992755453,True,True,True
21287,-1.6123163219516616,0.20430002603962724,-7.891904632645163,2.9760912262815696e-15,-2.012737015029926,-1.211895628873397,-0.24418250111711587,0.5542045557186319,58,0.7636575067753164,0.38,2.51,0.38,4107.0,1860.0,2.7771940403667123e-14,True,True,True
21677,-2.471970360744044,0.49723258221850586,-4.971456918037909,6.645163206827017e-07,-3.446528313832167,-1.4974124076559214,0.706534548396356,0.30665538660117764,86,0.26653885823705514,0.785,1.66,0.85,2125.0,1859.3799999999999,1.963343674744346e-06,True,True,True
22686,-1.8139607701723677,0.398191262383178,-4.555501191351607,5.226081941479887e-06,-2.594401303401935,-1.0335202369428,-0.05710588305342679,0.20110895986848354,65,0.31128737910124804,1.13,2.51,1.855,1406.0,1857.3899999999999,1.2979136310526464e-05,True,True,True
20772,-2.6164614042982386,0.2806421743878096,-9.323122620489116,1.1296568999143545e-20,-3.1665099586413543,-2.066412849955123,0.30907400656617257,0.30654980306002433,68,0.22631791575706545,0.85,5.06,2.55,970.0,1848.73,1.820002783195349e-19,True,True,True
21547,-1.6106157207177771,0.5448282801908695,-2.9561896459440957,0.0031146551401883145,-2.6784595276507788,-0.5427719137847755,0.2795954990059064,0.14002234426263616,53,0.31431127885770604,2.0,5.91,2.95,719.0,1848.47,0.004561868639669753,True,True,True
85185B,-0.646276613683822,0.6493114025316635,-0.9953261426859149,0.3195776669613173,-1.9189035773970722,0.6263503500294281,0.41021370931991813,0.05154409436106244,80,0.2618178003411558,2.55,6.04,2.95,593.0,1843.4599999999998,0.3391913863863081,False,False,False
22587,-2.7844227719939036,0.7391738748234928,-3.766938831081923,0.00016526147140033778,-4.233176944960868,-1.3356685990269395,1.2668042566356101,0.30321246167114724,79,0.19419799354006054,0.785,1.63,0.85,2112.0,1841.1899999999998,0.0003069141611720559,True,True,True
21894,-1.5427707795189585,0.4504373667550014,-3.4250506138805554,0.000614684895899567,-2.4256117956498207,-0.6599297633880963,-0.07275473332789041,0.15587957592637003,86,0.33414741361114936,1.06,2.57,1.25,1320.0,1836.1399999999999,0.0010163868673427052,True,True,True
21357,-1.2545212563684196,0.770319626889246,-1.628572364739696,0.10340357844925689,-2.764319981655674,0.25527746891883485,-0.4483727618252762,0.05398708642575545,54,0.2802205253594367,1.25,2.57,1.25,1388.0,1827.76,0.1169962457243993,False,False,True
22317,-2.207392311841242,0.31724629116294223,-6.957976730790192,3.451942113060156e-12,-2.829183616749517,-1.5856010069329678,0.1910098954876889,0.3693271997851143,76,0.32320828230500703,2.46,5.91,2.95,587.0,1827.64,2.161764412996144e-11,True,True,True
85173,-1.8191236155369443,0.23773866472370456,-7.651778551255413,1.9821838137006527e-14,-2.285082836128048,-1.3531643949458405,0.23887447623840016,0.295569957722437,74,0.3578474835188636,0.79,5.06,2.55,1018.0,1826.0700000000002,1.690686194038792e-13,True,True,True
21618,-1.4694969418064845,0.1967040845287707,-7.470596990026154,7.983180337832536e-14,-1.8550298630947974,-1.0839640205181715,0.19563577518896086,0.279117808713233,64,0.3355909968708751,1.25,7.46,3.75,698.0,1823.7399999999998,6.322812998661483e-13,True,True,True
22680,-1.8527875737500326,0.4508491579818756,-4.109550923957843,3.964292896299696e-05,-2.7364356858547176,-0.9691394616453474,-0.16595879014520712,0.169026045365413,65,0.2998475227304441,1.25,2.51,1.25,1356.0,1820.45,8.321483418179205e-05,True,True,True
21088,-1.5365892778036465,0.37553718563412164,-4.091710053184226,4.2820383432162214e-05,-2.2726286365020574,-0.8005499191052355,0.6996883662925559,0.41137376373213863,59,0.6346748618946138,0.08,1.66,0.65,16615.0,1816.7299999999996,8.889473873306804e-05,True,True,True
21391,-1.4128267321664136,0.4670380153963366,-3.0250786565360515,0.002485684740966918,-2.3282044217542968,-0.4974490425785306,-0.08427850232324469,0.33347641372652903,75,0.48052864980453136,0.75,4.21,2.1,1417.0,1811.8899999999999,0.0037098303536996363,True,True,True
21161,-1.0298182809925842,0.5698490376937632,-1.8071773625526564,0.07073462936322511,-2.146701871497168,0.08706530951199931,0.8243988696221224,0.0854896197160151,67,0.29174127362677343,0.915,3.36,1.45,2360.0,1806.0500000000002,0.08192967945156393,False,False,True
22307,-1.234099591926357,0.21954346024699878,-5.6212086232854555,1.8962611133395792e-08,-1.6643968670517757,-0.8038023168009384,0.78516967949806,0.5201698788174747,40,0.8816868080714424,1.06,8.65,1.95,1199.0,1804.11,7.265146745213632e-08,True,True,True
90167,-2.852691728704714,0.9280401337403719,-3.0738883211949344,0.0021128851093098256,-4.671616967043578,-1.03376649036585,-0.5557111987553299,0.3339142224526157,40,0.3352289840016647,0.72,1.7,0.85,2197.0,1801.1699999999998,0.003196459414967112,True,True,True
21280,-2.0309555922569706,0.3572101153296118,-5.685604928580839,1.3035042026453794e-08,-2.7310745532164087,-1.3308366312975326,0.8431310331937744,0.40106126670073583,48,0.3584575243723655,0.25,5.06,2.55,3333.0,1800.44,5.1189696291386255e-08,True,True,True
22770,0.2913909968648374,0.5876517058968503,0.4958566340246187,0.6199955642089561,-0.8603851821465134,1.4431671758761881,0.1728115183557221,0.012754930995632852,42,0.18180601010306432,12.75,29.17,14.95,112.0,1799.6200000000001,0.6348134918706584,False,False,False
22324,-1.1039296832921472,0.3524782529179392,-3.1319086330955974,0.001736739135916901,-1.7947743643449083,-0.41308500223938616,0.21074469958708741,0.13349511826551497,72,0.4149340102658354,1.95,10.17,3.745,664.0,1797.06,0.0026746350254929397,True,True,True
21158,-1.4219895835018614,0.1531107807642977,-9.2873250100586,1.5821452194926032e-20,-1.722081199444693,-1.12189796755903,0.15024115267623805,0.38424631364233464,90,0.5062851447401608,0.38,3.29,1.45,2587.0,1792.6599999999999,2.464746891523601e-19,True,True,True
22254,-1.3239416609799786,0.6884320782973526,-1.9231260464422053,0.054464221971077156,-2.6732437402448483,0.025360418284891217,-0.3174980263304563,0.07188213568743396,69,0.30216689989759604,1.25,2.57,1.25,1398.0,1792.21,0.06473206709677203,False,False,True
21529,-0.8540234603190678,0.8153125020556646,-1.0474799026947341,0.2948782965565939,-2.452006600493409,0.7439596798552736,1.1619492219762169,0.23389491882604996,34,0.23364033329663234,3.45,6.04,3.45,503.0,1790.4400000000003,0.3149266793253142,False,False,False
22922,-1.324634811754517,0.10766450426800392,-12.303356809753836,8.688669874412328e-35,-1.5356533625331636,-1.1136162609758704,0.4318719296190239,0.5243048499652139,42,1.6082136554301074,0.72,11.02,0.85,2073.0,1789.2,5.118169597896012e-33,True,True,True
22533,-3.434220618670961,0.6194992897582997,-5.543542463157362,2.9641274872138718e-08,-4.648416915045372,-2.2200243222965503,0.11529990055040579,0.12053516101016692,72,0.21611155752493866,0.27,0.85,0.42,4519.0,1783.3600000000001,1.1042253583790808e-07,True,True,True
84748,-2.0502897596444978,0.18949632236918454,-10.819681004943403,2.777423747950404e-27,-2.421695726690891,-1.6788837925981044,0.014848371543018546,0.6574129472002046,41,0.5262061462382321,0.85,7.62,3.75,1170.0,1781.12,7.587599659255813e-26,True,True,True
21548,-0.4426223903525016,0.8751975352917324,-0.505739987264659,0.6130391928977287,-2.15797803888252,1.2727332581775168,-0.8295058599719767,0.06691739575433242,38,0.28436742681917504,2.95,6.04,2.95,682.0,1776.1200000000001,0.628373506586307,False,False,False
79302M,-2.271723919546271,0.44266925608943153,-5.131876425335758,2.868678244723777e-07,-3.1393397185446945,-1.4041081205478472,0.7437187660779512,0.32981114118251775,63,0.3205609308992936,2.55,6.04,2.95,624.0,1774.1799999999998,9.072916931718657e-07,True,True,True
84507B,-3.0520877583435757,0.758778065499177,-4.022372149537164,5.761492953856803e-05,-4.539265438980937,-1.5649100777062146,-0.5771635333189018,0.3623733473170493,57,0.34652062281512985,1.7,5.06,2.55,1349.0,1764.0299999999997,0.00011627852481820208,True,True,True
22422,-1.581546880968676,0.4767888972958964,-3.317079927696311,0.0009096358977579296,-2.5160359478971994,-0.6470578140401522,1.863868000204751,0.35230454170473624,73,0.2549629648118163,0.65,1.28,1.25,2743.0,1760.9399999999998,0.0014680339617069327,True,True,True
22546,-2.310630818233384,0.5904068408305758,-3.9136247388035375,9.092089800090759e-05,-3.467806962487385,-1.153454673979383,0.6653727797037763,0.14769567535525496,68,0.2945587915812921,0.19,0.85,0.42,4375.0,1760.7999999999997,0.0001785269715955321,True,True,True
22103,-1.6590294085089061,0.45361150693248325,-3.657379460516729,0.00025480702181600193,-2.5480916250695143,-0.7699671919482979,0.717228957746253,0.24739823070952927,51,0.3813610017089418,0.39,3.36,1.65,1746.0,1760.64,0.00045142033470222146,True,True,True
37343,-0.9429812660945904,0.46616445468764356,-2.0228510702868605,0.04308850448514518,-1.8566468081551257,-0.029315724034055135,0.45266452136323787,0.15746007325870426,50,0.35968516307046816,0.39,3.43,1.65,1110.0,1759.0400000000002,0.05219912015070609,False,False,False
21163,-1.165644243724158,0.16698686375887575,-6.980454734495253,2.942261510963664e-12,-1.4929324825828514,-0.8383560048654648,1.4910305748591721,0.3821484940082246,83,0.5538040439736782,0.38,3.43,1.45,2800.0,1757.9199999999998,1.8549039960423096e-11,True,True,True
22209,-1.5561976159097526,0.23681563558165059,-6.571346575522875,4.9862247564965374e-11,-2.02034773262575,-1.0920474991937552,0.3917471228466978,0.3456950745482571,85,0.44596742309781345,0.83,3.43,1.65,1415.0,1753.9399999999998,2.7402430513107793e-10,True,True,True
22446,-2.5733460927963705,0.2789535853748073,-9.224997374881466,2.835678474467994e-20,-3.120085073489312,-2.026607112103429,0.4686052257260268,0.48733825902128713,57,0.3204583370692381,2.46,6.77,3.35,618.0,1751.9299999999998,4.2422650193429906e-19,True,True,True
84535B,-1.4050787863788599,0.38056008078420545,-3.6921339292430995,0.00022238029844586478,-2.150962838669556,-0.6591947340881636,0.5896754049316258,0.1706896786321772,99,0.34734344423978425,0.65,1.52,0.65,2686.0,1747.7600000000002,0.00039922558340043345,True,True,True
21205,-1.2042033969688501,0.425677665465923,-2.8289090423637715,0.004670697147885956,-2.038516290305149,-0.3698905036325515,0.16277535112907487,0.09321946438700268,79,0.27645789311147684,2.1,5.17,2.55,669.0,1746.97,0.006585089097804807,True,True,True
21000,1.4947715105713113,1.200841060584153,1.2447704859826951,0.2132161279327781,-0.8588337193305098,3.8483767404731326,0.4397620521876451,0.04961044126244318,61,0.19680207491622703,3.29,8.47,3.36,690.0,1744.9799999999996,0.23071894440487184,False,False,False
21637,-2.9159955987448916,0.49926561476952214,-5.840569653672251,5.2022628764880655e-09,-3.894538222412404,-1.9374529750773792,0.8812979164382266,0.5062843941754619,44,0.3278039884305466,1.25,2.57,1.25,1358.0,1741.72,2.2136039553453733e-08,True,True,True
20767,-1.542605577378565,0.7974423071642783,-1.9344416060192529,0.05305885512675765,-3.1055637791690778,0.02035262441194763,0.3988296976545226,0.06752860483529632,81,0.159527268474359,1.7,5.06,2.55,812.0,1741.6100000000001,0.0631812646329363,False,False,True
84006,-0.8507830136632185,0.8325913524749056,-1.0218494476723037,0.30685216177298824,-2.482632078353527,0.78106605102709,1.010528280649139,0.15426984128984877,74,0.3188445020469664,0.85,1.7,0.85,1856.0,1738.0700000000002,0.3267888841480694,False,False,False
21662,-0.5394795933177587,0.4545245100569798,-1.1869097955798442,0.23526320308454562,-1.4303312631201528,0.3513720764846353,0.17862717443898107,0.029588957576374364,56,0.31236849489540625,5.45,12.13,5.95,269.0,1735.05,0.25355696844732334,False,False,False
37342,-1.6011670642119635,0.13996034237033483,-11.440148238386543,2.634350351200109e-30,-1.8754842945217152,-1.326849833902212,0.07273269754529577,0.5928482277506895,48,0.7378757201718407,0.79,6.04,2.46,1629.0,1731.4,9.93150082402441e-29,True,True,True
22035,-2.665022922530686,0.6448505036105792,-4.132776368490014,3.5840741040348316e-05,-3.9289066850199372,-1.401139160041435,0.2705992318233537,0.44446621270249465,94,0.30637725139446037,0.42,0.86,0.42,4083.0,1731.2399999999998,7.592633112054332e-05,True,True,True
84843,-1.4316567839442824,0.3508258404183477,-4.080819081733208,4.487727642132873e-05,-2.1192627960102404,-0.7440507718783246,-0.012534028816403753,0.20160989552428155,68,0.304166343210285,4.65,12.13,5.95,280.0,1731.0600000000002,9.235116381463389e-05,True,True,True
21090,-1.6783352907831763,0.25439253616195623,-6.597423478315742,4.183644976810454e-11,-2.176935499596414,-1.1797350819699388,-0.8115106231425311,0.2663974563156717,77,0.3874906081566738,0.39,1.66,0.83,3107.0,1729.0899999999997,2.340110024120981e-10,True,True,True
22026,-2.6618541081037317,0.3955074759604328,-6.730224508752467,1.6940149973711474e-11,-3.4370345166025214,-1.8866736996049422,0.04633450243968773,0.4765938635441407,99,0.317297169753644,0.36,0.85,0.42,4029.0,1717.4700000000003,9.947720467428701e-11,True,True,True
21281,-1.9170671574189004,0.47951201699155505,-3.997954356694804,6.389226734940382e-05,-2.8568934408765068,-0.9772408739612941,1.385893848339654,0.3034109743611023,41,0.3498831563499957,0.85,5.17,2.655,3680.0,1716.8,0.00012812438718470874,True,True,True
10125,-2.820747328850364,0.412891506006681,-6.831691347035658,8.391925797136362e-12,-3.6299998101459625,-2.011494847554766,0.8952656993401604,0.2729561927740619,71,0.2505064963927758,0.42,1.66,0.85,2103.0,1715.78,5.053923363451132e-11,True,True,True
21275,-1.850563029235254,0.2615248486663093,-7.076050473492352,1.4832085882185517e-12,-2.3631423136835084,-1.3379837447869996,0.6017357155409663,0.7214193494106356,32,0.4571621238429312,3.95,34.0,16.95,249.0,1714.48,9.741631319832647e-12,True,True,True
85127,-0.3570603418852984,0.3515598134841606,-1.0156460670138159,0.3097979594026916,-1.046104914725872,0.33198423095527524,0.049278925341122985,0.035495338459087034,52,0.35612097736907794,3.29,10.39,4.95,276.0,1710.6700000000003,0.32955369834880005,False,False,False
22516,-2.1379668754195906,0.49049869385290856,-4.358761607754102,1.3080049943838146e-05,-3.0993266498352297,-1.1766071010039518,0.13108580766349182,0.20174313850032788,56,0.3274821447528024,1.85,4.21,2.1,839.0,1700.6000000000001,3.040184234788521e-05,True,True,True
22123,-1.4780245371429492,0.19218462515272455,-7.690649218002732,1.4639028472850635e-14,-1.85469948082462,-1.1013495934612785,0.7420557069156412,0.5063556891708788,75,0.4937234660230617,0.79,12.72,4.13,655.0,1700.14,1.2716391092775783e-13,True,True,True
21189,-0.36907013932430494,0.40639741333704177,-0.9081508080815962,0.3637985498129849,-1.1655944328751446,0.4274541542265347,1.4475899388572664,0.19518642375023376,58,0.3391900945163316,1.45,3.43,1.65,797.0,1698.8799999999999,0.38225209944117977,False,False,False
47591B,-2.6162088551680176,0.2816408961769957,-9.289165354465691,1.555029164445162e-20,-3.168214868248514,-2.0642028420875214,1.1172836409793832,0.3114867299197791,57,0.22442846705813346,1.63,4.3,1.655,1054.0,1696.05,2.4426916458159423e-19,True,True,True
22679,-2.0575126625591915,0.4609513042210436,-4.463622607676876,8.05854506265074e-06,-2.960960617459203,-1.1540647076591803,-0.6976710751737376,0.26731548446050624,65,0.30998018572331965,1.25,2.51,1.25,1263.0,1695.6800000000003,1.94250095180264e-05,True,True,True
20996,-1.8193055882409963,0.2702836163239162,-6.731098292175744,1.6838716110178805e-11,-2.349051741847114,-1.2895594346348784,0.5807561555486378,0.34741732298226635,90,0.4719362059678467,0.19,0.84,0.42,6311.0,1686.79,9.919056208652203e-11,True,True,True
21576,-0.8617616748492596,0.39894888481168994,-2.1600804204679616,0.030766444461579893,-1.6436871207525905,-0.07983622894592868,0.22211360555401183,0.05607856057860228,82,0.3105504210040112,1.63,5.06,2.25,732.0,1686.19,0.03796647735890774,True,True,False
17129F,-2.013728602941812,0.38382993194179554,-5.246408462087257,1.5509285064887783e-07,-2.7660214457361914,-1.2614357601474326,-0.38109677757994365,0.26971983510929176,81,0.2611999566839471,0.64,1.7,1.63,1580.0,1684.58,5.119965384818472e-07,True,True,True
70007,-0.8537037335732276,0.6348422209760687,-1.3447494595754197,0.178706156502753,-2.0979716225517406,0.39056415540528544,0.6818614759883884,0.10807735613874192,52,0.36295042616661577,0.79,3.43,1.65,1306.0,1684.5799999999997,0.19642046939223873,False,False,False
21251,-1.4492469519551525,0.5501706413353323,-2.6341771862592496,0.008434146178192506,-2.5275615943237075,-0.3709323095865975,-0.09476804989928111,0.13646766509347086,71,0.278054304337918,1.66,6.04,2.95,595.0,1683.9299999999998,0.01147068221204392,True,True,True
22323,-0.7118348308579311,0.33471046752753586,-2.12671816365997,0.03344350741095394,-1.3678552924604648,-0.05581436925539751,-0.24144247964141663,0.07993033959126139,43,0.5523435461356708,1.95,10.17,1.95,635.0,1683.31,0.04112264283734389,True,True,False
22975,-1.5240539313346055,0.604640067618534,-2.5205969848100236,0.011715594801878684,-2.709126687476795,-0.3389811751924161,0.5702856151408595,0.11618082822462461,49,0.2626223991219475,1.25,2.51,1.25,1245.0,1679.66,0.015486603226887321,True,True,True
46776F,-1.0149818235580674,0.14828885596413538,-6.844626435067699,7.667569154341304e-12,-1.3056226405564204,-0.7243410065597145,0.5834097666354371,0.06949002074836153,70,0.1014057651480531,1.25,4.95,4.21,487.0,1675.7299999999998,4.662376727720438e-11,True,True,True
72816,-1.2519638448257406,0.576512829732744,-2.1716148891363227,0.029884723017862408,-2.381908227727191,-0.12201946192429003,1.7851455248703096,0.5593685802730008,40,0.5596185116657064,0.95,7.78,1.7925,1344.0,1671.52,0.03693947730404632,True,True,True
72817,-2.7262218072303543,0.39434905966880063,-6.91322000240094,4.7377430987580955e-12,-3.4991317615184405,-1.9533118529422684,1.6250084659524706,0.6710334719103795,42,0.21477746192015443,0.79,1.66,1.44,1553.0,1671.28,2.9185116801173236e-11,True,True,True
21446,-1.8386659339369844,0.3283047329180635,-5.600485614673939,2.1375214667999332e-08,-2.4821313864104306,-1.1952004814635384,0.6152535854138229,0.21305308692161906,92,0.3109230812329174,1.06,2.57,1.25,1258.0,1669.83,8.107098520961517e-08,True,True,True
21284,-1.6228703516024887,0.22948199424820032,-7.071885342983574,1.528426886696718e-12,-2.0726467954293892,-1.1730939077755882,0.532790220279227,0.5142261996168394,62,0.4403401322344527,0.39,3.43,1.69,1547.0,1668.7199999999998,9.971900063460912e-12,True,True,True
22673,-2.261989315945355,0.5260786349798622,-4.299717125049075,1.7101625489974483e-05,-3.2930844935418784,-1.2308941383488317,-0.344841547887337,0.2662065613786563,61,0.3305538392081569,1.155,3.29,1.25,1320.0,1667.5,3.879249584669302e-05,True,True,True
22410,-2.475029927099621,0.48782303255362897,-5.073622526889458,3.903129508905122e-07,-3.4311455017338446,-1.518914352465398,0.12846721360803479,0.2260621302637258,71,0.2816670286735306,0.39,2.51,1.25,1363.0,1667.4600000000003,1.2160990288076291e-06,True,True,True
35809A,-1.447389890304593,0.1892189218294921,-7.649287271644307,2.0209630280623607e-14,-1.8182521622838972,-1.0765276183252888,-0.0909421497628235,0.34179045741683267,68,0.4457956156809606,0.83,4.3,2.1,1137.0,1666.78,1.715997886440338e-13,True,True,True
21382,-1.0729195955644095,0.17311083068072172,-6.19787676683995,5.722992021733343e-10,-1.4122105890324355,-0.7336286020963836,-0.6057841589077236,0.3130167130970033,56,0.6606679292123473,0.75,5.91,2.95,1238.0,1665.6599999999999,2.7519999900426918e-09,True,True,True
21633,-1.371673048786299,0.28068770480750854,-4.886829830066735,1.0247259041006718e-06,-1.9218108411122259,-0.821535256460372,0.1918502680387243,0.37521313585045923,43,0.43120283249487884,3.95,26.04,12.75,175.0,1663.11,2.9222516327227934e-06,True,True,True
85039A,-2.032606064638497,0.15265739039801954,-13.31482255355563,1.8982291423620722e-40,-2.331809051792486,-1.7334030774845082,1.0312277938248529,0.34966783653585887,76,0.2748696371340567,0.42,3.36,1.64,1448.0,1661.3700000000003,1.7890809666762532e-38,True,True,True
21162,-0.9339995006041559,0.2505393421775608,-3.7279554280230256,0.000193039507579045,-1.425047587982532,-0.44295141322577986,0.7479189860494584,0.3144666540314437,88,0.5766122833233096,0.38,3.43,1.45,2402.0,1655.88,0.0003515415788885054,True,True,False
21278,-0.8838991380948851,0.6889151081648435,-1.2830305615585162,0.1994813691866082,-2.2341479385034937,0.46634966231372377,1.1284576558566624,0.24257539141078033,49,0.35453843555097825,0.25,5.17,2.55,2758.0,1654.4499999999998,0.21710299129142982,False,False,False
21294,-1.0333829460432336,0.2384268527783925,-4.334171818321649,1.4630987289999435e-05,-1.5006909904361165,-0.5660749016503506,0.6193099142456236,0.3026116373689559,69,0.5301938448993024,0.39,2.57,1.25,2246.0,1653.7500000000002,3.363342809957187e-05,True,True,True
21426,-2.001913945034575,0.23353801170165422,-8.572111796481458,1.0160438017675307e-17,-2.459640036990911,-1.5441878530782391,0.5729683187955489,0.49234953650367885,69,0.43952259857351633,0.85,5.06,2.1,1028.0,1647.07,1.227719593802433e-16,True,True,True
21332,-1.5806207373509036,0.6110140025000624,-2.5868813658664753,0.009684893047336742,-2.7781861763006925,-0.38305529840111463,-0.06252058426629914,0.47839593563079463,32,0.5027912000485086,3.95,25.49,12.75,270.0,1644.17,0.013021414689179571,True,True,True
22025,-2.4363538078661766,0.4311616456593665,-5.650673784168143,1.5982013771924817e-08,-3.2814151048735556,-1.5912925108587976,0.4069392914289466,0.3716160474696536,93,0.31113966826964445,0.36,0.85,0.42,3970.0,1641.6399999999999,6.173380319688172e-08,True,True,True
21448,-1.543300561124033,0.62242392974337,-2.479500686550318,0.013156647679724716,-2.763229046536927,-0.3233720757111387,0.1958565094070761,0.07017357493048404,80,0.25666034026168916,1.65,3.36,1.65,955.0,1640.17,0.017270390582368445,True,True,True
21545,-0.508617838575098,0.7991503649646947,-0.6364482341162017,0.5244843110628298,-2.0749237721379394,1.0576880949877436,0.3052370493589125,0.019935653851433477,30,0.28740928282435174,2.75,6.04,2.95,697.0,1640.12,0.5393632986107115,False,False,False
85180A,-2.6412353784110634,0.1965868305344151,-13.43546447760996,3.7470980267258273e-41,-3.026538486093396,-2.2559322707287306,-0.4165711516238737,0.7053135034682881,37,0.4228663204659212,1.25,9.32,4.65,629.0,1636.4200000000005,3.924044322432325e-39,True,True,True
21541,-3.370929389863511,0.48011340996391755,-7.021110679072367,2.201113996954531e-12,-4.311934381887504,-2.429924397839519,0.0013398814132861425,0.3623088843246378,45,0.24804425574189878,0.85,1.7,0.85,1907.0,1636.24,1.4064745370370478e-11,True,True,True
35241,-0.7614215295002305,0.31396784464444044,-2.4251576793238763,0.015301739071978576,-1.3767871973070007,-0.1460558616934603,-0.16874884762047182,0.056910063951118306,59,0.33111779080146075,4.13,10.17,4.95,309.0,1631.42,0.019824113353212148,True,True,False
21283,-2.254789621318107,0.4536292836809232,-4.97055569918651,6.676127852393437e-07,-3.1438866796654197,-1.365692562970794,0.5212859242793927,0.28092541962944895,42,0.3063641656855504,2.75,6.91,3.25,512.0,1629.1999999999998,1.9694054775839797e-06,True,True,True
85036C,-2.1842757583784156,0.3777947301376543,-5.781646974224725,7.397281327777165e-09,-2.924739822997247,-1.4438116937595842,0.5288544191104426,0.4883137515344047,53,0.28879244359938927,1.25,4.25,4.25,878.0,1629.02,3.031277239752164e-08,True,True,True
21793,-1.974804783787411,0.4360708567816992,-4.528632796885152,5.936656561800069e-06,-2.8294879577870655,-1.1201216097877564,-0.1616524159459283,0.267487596192833,54,0.25651826406983974,3.95,7.46,6.35,353.0,1627.36,1.4571090649730638e-05,True,True,True
21286,-1.823835538177036,0.20731962785748695,-8.797215955986347,1.4025224057967287e-18,-2.2301745420659573,-1.4174965342881145,0.19429920676073242,0.470042615577426,49,0.438460783213871,0.59,5.17,2.55,1006.0,1623.01,1.8359407881436345e-17,True,True,True
21279,-1.5849165341097784,0.5518931800348534,-2.871781336398625,0.004081652855622307,-2.6666072902913713,-0.5032257779281857,0.8027794407502067,0.21513212447889263,59,0.3253887758978118,1.4,5.17,2.55,3527.0,1621.8299999999997,0.005819905924998524,True,True,True
84919,-1.1733340463165862,0.5186197079264169,-2.2624170049531975,0.023671651275844977,-2.189809995525045,-0.15685809710812726,0.06314572942165397,0.11498515975875945,32,0.3364296739176953,1.95,16.13,6.95,291.0,1619.8400000000001,0.029727556732157084,True,True,True
85131A,-1.7327591783491223,0.27375902901420857,-6.329505129342014,2.459487180982045e-10,-2.2693170156596265,-1.1962013410386179,0.8132675183384953,0.3878678237074157,66,0.37652686977533356,0.38,2.51,0.85,2025.0,1619.23,1.234333500386305e-09,True,True,True
21157,-1.031192722421601,0.47439710695727993,-2.1736910012700843,0.02972834892581307,-1.9609939664278657,-0.10139147841533647,-0.07603036726316514,0.07952953843150368,64,0.3345248702306601,2.1,4.3,2.1,689.0,1616.9499999999998,0.036770300344591625,True,True,True
21656,-1.417992407219135,0.3745480206119156,-3.7858761205105242,0.0001531679689125691,-2.1520930380992556,-0.6838917763390145,0.7262363110486899,0.24572762323310016,65,0.3790369179373669,1.35,3.36,1.45,985.0,1614.5400000000002,0.00028586299148533937,True,True,True
35810A,-1.4511358043140656,0.1481077358936472,-9.79783936037003,1.1501957063275514e-22,-1.7414216324973844,-1.160849976130747,-0.07040814538431672,0.4784893144674397,77,0.5069259390283121,0.83,4.3,2.1,1205.0,1604.7400000000002,2.190019097401449e-21,True,True,True
82615,-2.606280398661588,0.6630453620593547,-3.930772384210235,8.467340518228983e-05,-3.9058254284142437,-1.3067353689089325,1.483973696248683,0.34787015780814634,33,0.25051843522409223,2.55,5.91,2.95,582.0,1603.97,0.00016730541799645315,True,True,True
21542,-1.941070330664028,1.4838965777150819,-1.3080900379546037,0.19084277198042832,-4.84945417976783,0.9673135184397736,-0.6045841425478194,0.15210685891088882,36,0.2605398165799149,0.75,1.7,0.85,1877.0,1600.7499999999998,0.20818207475874267,False,False,True
20802,-1.4175576016244908,0.19606553614242148,-7.230019255371738,4.829255584453944e-13,-1.8018389910731734,-1.0332762121758083,-0.40054166712736283,0.2593696436191062,72,0.36582313506047154,0.42,3.43,1.65,1051.0,1596.81,3.4222356303367234e-12,True,True,True
22260,-1.6588168218568744,0.4090463586453482,-4.055327194087317,5.006417342085856e-05,-2.460532952809011,-0.8571006909047377,-0.14325361684258558,0.13354943096574456,72,0.3007317877533105,0.85,1.7,1.63,1557.0,1594.77,0.00010202266691710095,True,True,True
84913B,-1.3141698708030263,0.251929856113811,-5.2164117864987825,1.824223901436267e-07,-1.8079433154164537,-0.8203964261895987,0.3438835242091718,0.16301237887963493,67,0.3747753120495833,3.29,9.52,3.36,420.0,1593.29,5.949242308317237e-07,True,True,True
21694,-2.9532688859525456,0.38991932898827736,-7.57405100592316,3.6176227173631606e-14,-3.7174967276455937,-2.1890410442594974,0.583733362401877,0.4499945477930172,47,0.263113415113558,2.55,5.91,2.95,556.0,1593.1599999999999,2.97782481320068e-13,True,True,True
35471D,-1.3662315876519378,0.1366969299160787,-9.99460330594621,1.6093028359383925e-23,-1.634152647084648,-1.0983105282192276,1.2103888557530615,0.5576052158310256,89,0.5313658730285582,0.39,2.57,1.25,2241.0,1591.8600000000001,3.408467242408842e-22,True,True,True
35160,-14.28270539261285,2.6981550188140773,-5.293508079787996,1.199919378165982e-07,-19.570992054194434,-8.994418731031267,0.20746501275349044,0.4127685607436272,35,0.06993149233316527,0.67,0.85,0.85,2180.0,1590.6400000000003,4.053491089324151e-07,True,True,True
21383,-2.1925103120347647,0.5339774379994733,-4.105998036637883,4.025728987882929e-05,-3.239086859070702,-1.1459337649988273,-0.688758516295213,0.30799039977619247,76,0.4004903881738699,0.65,1.7,0.65,2204.0,1590.43,8.431665713510357e-05,True,True,True
22106,-1.8028880604520048,0.41258728398561145,-4.369713101761223,1.2440987974115673e-05,-2.6115442775430027,-0.9942318433610069,0.44528929865877653,0.39232210187115424,51,0.2972599977906487,1.25,13.57,5.06,509.0,1589.9799999999998,2.905980462355396e-05,True,True,True
22517,-2.009026315466053,0.6569945859791227,-3.0579039132750077,0.00222891033000365,-3.2967120420229374,-0.7213405889091682,-0.4299843576219572,0.15886310882512755,60,0.2808929719101952,1.85,4.21,2.1,806.0,1589.41,0.0033611967776455043,True,True,True
22099,-0.8725807578375183,0.20686064006308794,-4.218205829641639,2.4625397654667433e-05,-1.278020162180074,-0.46714135349496255,0.8413304755767641,0.26699885360134445,91,0.5290770846964596,0.39,2.57,1.25,2123.0,1585.46,5.397543555703269e-05,True,True,False
85170A,-1.7360404876097641,0.5619971579947338,-3.089055634736914,0.0020079383394687126,-2.837534676693309,-0.6345462985262194,0.9407276633132359,0.20517964099648722,43,0.35535758523571365,1.475,4.21,2.1,848.0,1585.06,0.0030597928616802935,True,True,True
21675,-2.3208335219875997,0.5027280493347909,-4.6164790786162095,3.903053499019331e-06,-3.3061623927018653,-1.3355046512733342,0.3868323990519625,0.2844743157043703,88,0.30526640874421773,0.72,1.7,0.85,1782.0,1576.84,9.982708067369659e-06,True,True,True
22608,-1.4816499278795134,0.21753580075897908,-6.8110624674653995,9.688054916639594e-12,-1.9080122627151934,-1.0552875930438335,0.08320528067158928,0.588008356384472,56,0.81620419603396,0.19,1.66,0.42,5735.0,1573.81,5.797455085036709e-11,True,True,True
21631,-2.5012050112082154,0.3126953432941691,-7.998855962671626,1.2558051476610097e-15,-3.114076622198175,-1.8883334002182557,-0.355223226346867,0.5435031981337615,33,0.2829049934701187,3.95,25.49,12.75,221.0,1571.75,1.2393679075083787e-14,True,True,True
21867,-1.2110687658839205,0.4396623317639435,-2.754542926215813,0.005877417947202304,-2.07279110150015,-0.34934643026769074,0.2381330136734469,0.08832192384459203,92,0.29826769145570053,0.83,2.57,1.25,1144.0,1562.87,0.00814028863370782,True,True,True
84536B,-0.9832521926903282,0.2934817996954458,-3.3503004060581483,0.0008072396214501841,-1.5584659502114002,-0.4080384351692562,0.6008529899400096,0.0892325582410417,101,0.309388747058113,0.42,0.85,0.42,3504.0,1561.49,0.0013138924465200524,True,True,False
21579,-2.148113373919822,0.27325727515576664,-7.8611388212640225,3.806566290632659e-15,-2.6836877917386763,-1.612538956100968,0.2914305190246243,0.3474756624775073,70,0.3576484604623509,0.85,5.06,2.25,1029.0,1560.85,3.50018412577686e-14,True,True,True
21972,-1.885553421607903,0.544746125336604,-3.4613434293686822,0.0005374866659790323,-2.9532362079853893,-0.8178706352304168,0.37308849884264905,0.11677441739045713,85,0.26415804423182854,1.25,3.405,1.45,1055.0,1560.8200000000002,0.0008989905637714959,True,True,True
85194L,-2.67551440867099,0.8296096428727526,-3.225028098041727,0.0012596030564168666,-4.301519429928722,-1.0495093874132586,-0.8231788129763338,0.38309528287989714,38,0.3045805646395093,0.72,1.66,0.85,1818.0,1560.63,0.001986905239619911,True,True,True
22681,-2.4011725005033306,0.408687940352996,-5.875320173209334,4.2202687157113845e-09,-3.2021861445110567,-1.6001588564956046,-0.31734885927436807,0.40562602396911474,64,0.3173127781570069,1.25,2.51,1.25,1167.0,1559.52,1.8372301452923695e-08,True,True,True
84789,-2.5098364690327135,0.31126911153565023,-8.063236524338706,7.430056706747734e-16,-3.119912717142369,-1.899760220923058,-0.09842365702402864,0.1818585689438058,55,0.2313315120490702,2.95,7.62,3.75,445.0,1558.39,7.489656092095977e-15,True,True,True
21711,-1.4117395849914218,0.7176471634068095,-1.9671778235555504,0.04916271372490328,-2.8183021788760994,-0.0051769911067443,1.3428034702143807,0.20872293519396445,48,0.3197696744226744,1.95,9.96,4.95,382.0,1555.6599999999999,0.058951472882597125,False,False,True
72803A,-2.116361351365889,0.08693192875203212,-24.345040789359192,6.542647871952362e-131,-2.286744800826474,-1.9459779019053043,0.18119131948816744,0.34178826697615694,63,0.2133133687766862,0.5,8.47,4.25,724.0,1553.5,6.166445619315101e-128,True,True,True
21399,-1.7406234442068313,0.1502968716171577,-11.581235360910359,5.130137815589297e-31,-2.0351998995655007,-1.446046988848162,0.28825305399309475,0.7142042244471699,53,0.5549608442749369,0.39,4.3,2.1,2378.0,1550.44,2.1022412570403966e-29,True,True,True
21289,-2.313925265194567,0.2390828155022046,-9.678342043672437,3.7271093179452043e-22,-2.7825189729013227,-1.8453315574878115,0.5881513826886592,0.24278042288101376,65,0.30842100013630613,0.38,2.57,1.25,1413.0,1549.31,6.691048632692105e-21,True,True,True
22786,-0.9824339513649696,0.20161619107586576,-4.872792934548056,1.1003153127422377e-06,-1.3775944245738123,-0.5872734781561268,0.3542047258187338,0.2388341191863449,37,0.4412933184171234,1.25,15.79,5.95,248.0,1549.1,3.109586753401976e-06,True,True,False
20766,-1.72431743708002,0.4330554680679573,-3.9817472915719683,6.841049437461086e-05,-2.573090557801352,-0.8755443163586883,0.4201449041404318,0.1406199269124383,71,0.2589753034800075,1.25,7.62,3.75,518.0,1548.4700000000003,0.00013645902846152536,True,True,True
21610,-3.4396419968389043,1.3106334842638911,-2.6244118116444715,0.008679876717595337,-6.008436422928375,-0.8708475707494339,0.5241488101821613,0.11424123423480714,43,0.1141422113501077,2.55,4.495,2.95,542.0,1543.6700000000003,0.011787872919789057,True,True,True
75131,-4.1358918575240375,0.6554799785395706,-6.309715007221015,2.795497582363521e-10,-5.420609008048683,-2.851174706999392,1.028161936051384,0.2912520810495234,46,0.2567620822673266,1.25,3.36,1.69,1217.0,1543.03,1.3867139323040096e-09,True,True,True
20735,-1.0180552991351988,0.5194370927942212,-1.95992029305945,0.05000510732194238,-2.0361332932460625,2.269497566498302e-05,0.27480066047788093,0.07013933755074742,68,0.38744990879165897,0.42,2.51,0.85,1515.0,1540.2899999999997,0.05980940818646027,False,False,True
20768,-2.6514941632575,0.5986573182065544,-4.4290683210902575,9.464104104183197e-06,-3.8248409460236816,-1.4781473804913186,0.04552635478437625,0.12263277332317657,70,0.12892827051402714,0.85,3.805,2.55,767.0,1534.19,2.246830760250041e-05,True,True,True
20986,-1.6020233416988616,0.4574060814729023,-3.502409361371311,0.00046107062722778073,-2.498522787695344,-0.7055238957023795,1.152007358093914,0.2917208880750445,78,0.34115290640077767,0.83,2.57,1.25,1217.0,1530.95,0.000781530813757264,True,True,True
85036B,-1.2252617054045278,0.22614774786344907,-5.417969964239293,6.027953938406025e-08,-1.668503146401733,-0.7820202644073226,0.4992157279842328,0.24768750562551645,43,0.3431379801473675,1.25,4.25,4.25,598.0,1530.1599999999999,2.115957760501929e-07,True,True,True
22322,-1.8228807880122577,0.3780922335385879,-4.8212595401704155,1.426546077477731e-06,-2.5639279485821973,-1.0818336274423184,0.12930482933528165,0.208011465222952,85,0.2904913719511566,0.79,1.7,1.255,1617.0,1528.2100000000003,3.9349804274400496e-06,True,True,True
22288,-2.2798755146660037,0.6229070257490628,-3.6600574731427873,0.0002521586840638362,-3.500750850851131,-1.0590001784808767,-1.4634878879564925,0.30316234434915423,43,0.34155794948955415,0.975,2.57,1.25,1310.0,1525.9899999999998,0.00044756979233552855,True,True,True
20902,-1.0463776241997502,0.2117146897873069,-4.942394999850807,7.716866805404816e-07,-1.4613307911809417,-0.6314244572185588,0.2789394938707844,0.2821597026746623,59,0.32992427398070784,4.13,13.0,12.72,206.0,1525.2199999999998,2.25523936871133e-06,True,True,True
22337,-2.324493486798125,0.776601551687039,-2.993161012553407,0.0027610404253776318,-3.8466045584426425,-0.802382415153607,0.08453312257937107,0.1749424744857262,36,0.26554072717089783,0.55,1.3,0.65,2473.0,1522.52,0.00408521287428323,True,True,True
21282,-1.0618706802631093,0.45445961875847507,-2.336556728987281,0.019462244633980656,-1.952595165457524,-0.17114619506869455,1.4175545493819635,0.2860402678721372,38,0.28851385077127484,3.75,8.47,4.25,356.0,1522.2799999999997,0.02483840970552034,True,True,True
85177,-0.8361191322825889,0.9722248561762264,-0.8600059204113099,0.38978577896514977,-2.741644835262627,1.069406570697449,0.011188594259232687,0.019039768227278042,73,0.2378998330178101,0.64,1.66,0.85,1820.0,1514.78,0.4081923296385041,False,False,False
21785,-3.4878397110151713,0.5809570835646896,-6.003609921776262,1.9297801172579575e-09,-4.626494671365389,-2.3491847506649535,0.38293673113573723,0.2754391522308697,44,0.2890850983362837,0.65,1.68,0.85,2005.0,1514.6299999999999,8.74431615632512e-09,True,True,True
21661,-0.5794995016657254,0.601504620310315,-0.9634165426140248,0.33533852784983287,-1.7584268940083827,0.5994278906769319,0.2741252737418072,0.03347997479782061,44,0.29483243119271063,5.45,12.13,5.95,239.0,1511.3100000000002,0.35472117003195003,False,False,False
22340,-1.4937189478389672,0.21380131185148343,-6.986481677327478,2.8186519547108205e-12,-1.9127618189152913,-1.074676076762643,1.6748835026670976,0.7629849797539356,36,0.6056640364543168,0.39,3.43,1.65,1799.0,1511.05,1.7829392398086902e-11,True,True,True
22137,-1.8506146477372596,0.6184940853722843,-2.9921299031070547,0.0027703835077436843,-3.0628407797179786,-0.6383885157565408,0.5702223618105735,0.20572142553019657,32,0.3405385017253655,2.25,6.04,2.95,606.0,1508.28,0.00409216662084469,True,True,True
21634,-1.8594513584775356,0.3860556968752259,-4.816536508923775,1.460714489107463e-06,-2.6161066203794907,-1.1027960965755805,-0.24475117948960579,0.5391430674439958,46,0.4985933331026437,0.39,2.57,1.25,1771.0,1507.7399999999998,4.0079284016995164e-06,True,True,True
21002,-2.0738555097705027,0.5413069937831936,-3.8312002866919017,0.00012751964488546825,-3.1347977221652092,-1.0129132973757964,0.43445976626157623,0.17781835204509278,57,0.20582853275501012,3.29,8.47,3.36,417.0,1507.22,0.00024280255617081583,True,True,True
85159B,-1.2948594773931572,0.08108306407127806,-15.969542989333496,2.0830652986603894e-57,-1.4537793627290159,-1.1359395920572986,-0.5595473809200175,0.7212217105211562,60,0.8652650679973011,1.25,13.0,1.95,659.0,1503.5,4.9082226099685426e-55,True,True,True
22683,-1.7337856971848091,0.41732523004043565,-4.1545192391478905,3.259721906597721e-05,-2.551728117903956,-0.9158432764656622,0.19373446139483164,0.1622153263394044,65,0.3129814624783521,1.22,2.51,1.25,1131.0,1501.66,6.974546871664817e-05,True,True,True
21199,-1.990705536906003,0.2192269052209837,-9.080571268838305,1.080064621352917e-19,-2.420382375581307,-1.561028698230699,-0.8275649787639779,0.4899448680444384,71,0.4034089202589713,0.42,3.43,1.65,1305.0,1495.6999999999998,1.5541387872139303e-18,True,True,True
21066,-2.411379305342725,0.19729009379295212,-12.222505747670073,2.3570575299424697e-34,-2.7980607836834404,-2.0246978270020097,0.13087162962369725,0.49007540402454675,71,0.3982481977377288,0.38,2.51,1.25,2284.0,1494.67,1.346379831497441e-32,True,True,True
21051,-2.8814349623614737,0.2538832679596543,-11.349448057441007,7.463231884522492e-30,-3.379037023839728,-2.3838329008832195,0.6759795543888293,0.3128175352741157,60,0.25510433918737213,1.63,4.21,2.1,754.0,1486.1599999999999,2.7584690396715488e-28,True,True,True
21849,-2.2272073365210465,0.10264628681357679,-21.697885093164995,2.148181942632793e-104,-2.4283903618224256,-2.0260243112196674,1.0419327334483892,0.6203054156594463,61,0.36379378047486094,1.25,8.29,4.54,633.0,1483.51,1.3497743206209382e-101,True,True,True
85125,-1.1809133039684694,0.34194588558928823,-3.4535093233637157,0.0005533431757940395,-1.8511149243851281,-0.5107116835518106,0.38484823918135425,0.14758924439416699,42,0.32106307021902813,3.29,10.17,4.95,309.0,1479.5100000000002,0.0009238723528536444,True,True,True
21392,-1.4360860528527113,0.43322749833081076,-3.3148543395463825,0.0009169088928866206,-2.285196346693487,-0.5869757590119359,1.2956660899589165,0.4946421969386696,36,0.45835524183227977,0.13,4.3,2.1,7545.0,1478.1299999999999,0.0014759805833401193,True,True,True
22915,-0.5076565805892543,0.17252979435485621,-2.9424284801795757,0.0032564899748011933,-0.8458087637848745,-0.1695043973936342,1.0491908010942073,0.2884231657383821,49,1.3878063163431331,0.19,5.06,0.42,3281.0,1474.52,0.00474380494783636,True,True,False
21851,-2.4775669563252745,0.3526812680543929,-7.024946263783897,2.141486500382391e-12,-3.168809539733801,-1.7863243729167477,1.0588344216977625,0.4371442716785473,61,0.340285747551019,1.25,8.29,4.21,628.0,1473.5599999999997,1.3730279092587779e-11,True,True,True
21198,-1.9083520138100083,0.23854915105932847,-7.99982731162766,1.2459382576622569e-15,-2.375899758428897,-1.4408042691911196,0.03013940713445029,0.37327415729742286,66,0.4110907250930709,0.42,3.43,1.65,1282.0,1472.3,1.2361019029965022e-14,True,True,True
20734,-1.2460876895125084,0.3511232301277593,-3.5488614326631374,0.00038690062108266265,-1.934276574698286,-0.5578988043267309,0.4315901311518767,0.15573461064805572,58,0.42857959964728276,0.72,2.51,1.0525,1592.0,1470.6200000000001,0.0006660344025030311,True,True,True
84659A,-2.6773953946080438,0.4236771264777778,-6.31942398417035,2.625400522617377e-10,-3.5077873035779095,-1.847003485638178,0.30578580791691595,0.15700522872279732,72,0.18304696480850996,2.1,5.17,2.51,588.0,1469.51,1.3127002613086884e-09,True,True,True
22815,-3.0678457318705004,0.2932564587991775,-10.461306613442284,1.3004975918555605e-25,-3.6426178293506424,-2.4930736343903583,0.5895253035163857,0.6625297837786163,62,0.30355594874575403,0.42,0.85,0.42,3433.0,1468.53,2.9895584885947942e-24,True,True,True
79030G,-1.1144932661772082,0.12208139700765329,-9.129099875121355,6.907117841000599e-20,-1.3537684074945446,-0.8752181248598718,-0.3959774400159673,0.6628936097014151,50,1.1938943529553812,0.39,13.0,1.65,1751.0,1462.95,1.0251903252193802e-18,True,True,True
22393,-1.3275148740709661,0.2289112596690859,-5.799255466900237,6.660999216983631e-09,-1.7761726986780708,-0.8788570494638616,0.582791739384708,0.38122240658806317,61,0.40970454159050396,0.39,5.06,2.55,834.0,1459.3700000000001,2.747479983372898e-08,True,True,True
21410,-1.3063036433897945,0.36758434591558364,-3.5537521058902475,0.0003797770042237537,-2.0267557226650514,-0.5858515641145376,-0.09912440929913494,0.18516153705142868,48,0.28335475450675907,4.25,8.65,4.25,312.0,1458.28,0.0006555674477671939,True,True,True
85098B,-1.3875975910620606,0.5788151190583244,-2.397307094050249,0.016516075029957673,-2.5220543781236398,-0.25314080400048145,0.2457838261890153,0.15282516084741504,44,0.3195712781763073,2.95,7.78,3.75,366.0,1456.94,0.02130924122619453,True,True,True
22228,-1.100136691514169,0.4524093618200146,-2.431728395469952,0.015026970888685263,-1.9868427469501477,-0.21343063607819024,-0.6501290129707507,0.1007824419101534,70,0.42306748722437226,0.39,1.7,0.85,1727.0,1456.5999999999997,0.01952159898357803,True,True,True
21065,-2.171012512289713,0.1427659258175911,-15.206797419319567,3.1876006206610327e-52,-2.450828585111709,-1.8911964394677174,0.3663743931695898,0.7105725745972048,54,0.46175344727164497,1.25,12.13,5.95,608.0,1455.3600000000004,6.676252411051164e-50,True,True,True
84637,-1.6830201056181426,0.21916549762353058,-7.679220150377566,1.6005996383971275e-14,-2.112576587614061,-1.2534636236222239,-0.06814677978432326,0.6286342047694262,52,0.4854080946866319,1.25,13.0,4.96,585.0,1454.4899999999998,1.384004733201186e-13,True,True,True
21317,-1.3633571068193089,0.34793976521557574,-3.918371060504117,8.914939640528618e-05,-2.0453065154311596,-0.6814076982074582,0.18143182401186408,0.23371390038724305,52,0.30691539268444173,1.25,11.02,5.45,357.0,1453.3999999999999,0.00017541400023378335,True,True,True
20733,-2.793446745455765,0.31806016209481075,-8.782762126063007,1.5950827993419978e-18,-3.4168332080785655,-2.1700602828329645,0.8788194949302724,0.29237316726147644,81,0.22538295795088265,0.42,1.7,0.83,1927.0,1452.2,2.0594048470956615e-17,True,True,True
21739,-1.854024849432504,0.39577461788464563,-4.684547127711173,2.8057960609982224e-06,-2.6297288464815116,-1.0783208523834966,0.6140289192046147,0.31764028673382383,62,0.32702456313529477,2.46,5.91,2.95,494.0,1451.85,7.345729965252291e-06,True,True,True
22390,-1.5855440948733404,0.26131483460988153,-6.067562514161925,1.2986607561382984e-09,-2.097711759334749,-1.0733764304119318,0.4761793797705747,0.36834123877102587,50,0.3725041893848054,0.39,5.06,2.55,813.0,1448.52,5.999940013040913e-09,True,True,True
21159,-0.9492113069978435,0.2042450877805315,-4.647413151095239,3.361235341834558e-06,-1.3495243230669072,-0.5488982909287798,0.34122522987313986,0.2157343300412965,87,0.5410515622899913,0.39,3.43,1.45,2105.0,1445.3699999999997,8.655640190379976e-06,True,True,False
35637A,-1.0529525045246138,0.24584877232729696,-4.282927649208776,1.8445016203358022e-05,-1.5348072439295033,-0.5710977651197242,-0.7428360424002615,0.37785333977795044,35,0.8880760712291681,1.95,19.53,5.95,551.0,1445.0500000000002,4.145196253057074e-05,True,True,True
84313C,-1.005055861144281,0.45902827234308935,-2.1895293203053012,0.02855838987010921,-1.9047347428223795,-0.10537697946618252,0.07405582288842011,0.1836844132932094,44,0.7841596298467686,1.95,17.35,4.25,548.0,1442.39,0.03546282273066921,True,True,True
84596G,-1.8247184682944049,0.21144699721956003,-8.629673120397513,6.152755850941392e-18,-2.2391469674838835,-1.4102899691049262,0.5736996208750449,0.5063912116094775,90,0.48428142837181287,0.42,2.46,1.25,2226.0,1440.76,7.630226828305607e-17,True,True,True
22287,-0.6433506025100868,0.3184225332380604,-2.0204305140336984,0.043338750953128106,-1.2674472995226935,-0.019253905497480073,-0.22950023502886546,0.11389969752648033,47,0.5933449617177611,0.39,3.36,1.65,1340.0,1435.7500000000002,0.05244133491208588,False,False,False
22817,-1.593570511519731,0.326948061257386,-4.874078486323279,1.093175254144514e-06,-2.234376936399403,-0.952764086640059,0.1546655437810025,0.27406208617575245,63,0.2632635526193392,0.39,0.85,0.42,3392.0,1434.8999999999999,3.094047078171785e-06,True,True,True
22249,-2.4104933589790685,0.47176805244080317,-5.109488331199651,3.230324399349548e-07,-3.335141750819646,-1.4858449671384908,-0.9591192263553678,0.29841091832734357,61,0.31463283679062554,0.79,1.66,0.85,1636.0,1434.6600000000003,1.0148602487956498e-06,True,True,True
22316,-2.7492756502639457,0.4422983908408013,-6.215884360414746,5.103638079457683e-10,-3.616164566731937,-1.8823867337959546,0.03237095956083895,0.1733045733910158,69,0.2768728365320359,1.06,2.51,1.25,1257.0,1432.8200000000002,2.460449560045456e-09,True,True,True
22093,-1.6546102014926667,0.2195571333753371,-7.536125909715167,4.841391483489743e-14,-2.0849342754571847,-1.224286127528149,0.09081204004644576,0.4266086785713282,76,0.5019123296357929,0.39,2.57,1.25,2346.0,1429.87,3.933630580335416e-13,True,True,True
21292,-1.7985745433994653,0.2410604796994898,-7.4610925259984535,8.580796443894965e-14,-2.271044401706414,-1.3261046850925164,0.17287364136564773,0.5049022202862131,56,0.41219038893618815,0.19,1.7,0.85,2449.0,1427.11,6.767699287339753e-13,True,True,True
22396,-1.092051300007245,0.24478967926743853,-4.4611819553640295,8.150884579370656e-06,-1.5718302551585355,-0.6122723448559543,0.2305217359594008,0.22484165745471174,74,0.48704483870699045,0.39,2.46,1.25,1895.0,1427.08,1.9622499913299727e-05,True,True,True
85167B,-1.7401067155857577,0.4275091052875678,-4.070338371893294,4.694490182717333e-05,-2.5780091650123325,-0.9022042661591828,-0.562403165355432,0.4445931143188766,34,0.38301826055361904,1.25,8.47,4.25,692.0,1426.3400000000001,9.650069786719928e-05,True,True,True
35965,-0.48232686231920485,0.1593100840171906,-3.0275978152591936,0.002465059212997131,-0.7945688893669485,-0.17008483527146118,0.39879862820712086,0.13093785619864473,72,0.527658165181137,0.55,6.04,2.95,629.0,1423.63,0.0036819624536446847,True,True,False
20761,-1.6220966487738089,0.6527893360741611,-2.484870017223333,0.012959874572598867,-2.901540236970978,-0.3426530605766396,0.8434415544634801,0.16440934468574242,72,0.2561654965260745,2.5,7.62,3.75,458.0,1422.46,0.017023946738222204,True,True,True
21807,-2.242726695204733,0.8761347061891284,-2.5597966606753766,0.010473342345802671,-3.959919164941007,-0.5255342254684596,1.4120909423810848,0.39074596557286256,42,0.3510617310817095,0.42,0.87,0.42,3225.0,1422.4499999999998,0.013971868592949776,True,True,True
20801,-1.8395147597597332,0.12407557759702094,-14.825760197016404,9.984315992888712e-50,-2.082698423210899,-1.5963310963085675,-0.14083217878749643,0.611599468729107,45,0.5284467473431779,0.75,5.06,2.55,1092.0,1421.9999999999998,1.8820435646595224e-47,True,True,True
22545,-2.020485727458111,0.5216014679122638,-3.873619711127745,0.00010723069629522206,-3.0428058188493727,-0.9981656360668492,0.19068719685370195,0.15577062858712065,77,0.3390624774228626,0.19,0.85,0.42,3451.0,1421.0600000000002,0.00020773881039721847,True,True,True
35004G,-1.7115352925532434,0.34010640058566777,-5.032352492061181,4.844973703542879e-07,-2.3781315886127046,-1.0449389964937823,-0.02832758226316523,0.45309030349129376,50,0.3839901509347032,1.95,12.72,6.35,359.0,1419.51,1.473028295351343e-06,True,True,True
20840,-1.2988544731531433,0.13813895070585216,-9.40252163865697,5.327079540692309e-21,-1.5696018413987674,-1.0281071049075192,-0.46639963822937924,0.4931529988763086,45,0.7134291528632263,0.85,9.32,2.95,885.0,1419.0900000000001,8.886322950623896e-20,True,True,True
22819,-2.4350872139178135,0.43378977337054775,-5.613519182338438,1.982526129396678e-08,-3.2852995465858794,-1.5848748812497475,0.5946690729241861,0.522421299595018,62,0.29495463396095584,0.42,0.85,0.42,3351.0,1418.1200000000001,7.564902335855743e-08,True,True,True
15034,-1.2128022713653672,0.1907133091019368,-6.359295410878331,2.026812844472672e-10,-1.5865934885776183,-0.8390110541531162,0.06929860600971677,0.3733395511997446,92,0.8263180710808834,0.105,0.85,0.14,10153.0,1416.2600000000002,1.032578976170537e-09,True,True,True
85071A,-1.016701016300746,0.16197267432709078,-6.276990983353155,3.4518809339231923e-10,-1.3341616244614793,-0.6992404081400125,0.29381673820984344,0.4183507149611778,60,0.7785635083477129,0.38,5.79,1.9925,1907.0,1415.6899999999998,1.6944780105326087e-09,True,True,True
47503A,-2.4933497876957413,0.18909024964801416,-13.186030439628894,1.0560114114803558e-39,-2.863959866833537,-2.122739708557946,0.5176187380364535,0.6413717554257002,62,0.5406233165444458,0.42,2.57,0.9475,2853.0,1405.5099999999995,9.47895957447843e-38,True,True,True
21358,-0.61396485865989,0.6205479473641652,-0.9893914906459083,0.3224716362392541,-1.830216486173911,0.6022867688541309,0.1639856592861588,0.02965307635307246,87,0.28309347174640676,0.83,2.51,1.25,1129.0,1398.7099999999998,0.34187797205342746,False,False,False
21828,-1.9515720861554384,0.4772806659658652,-4.088940167324971,4.333486029990236e-05,-2.887025001965826,-1.0161191703450507,1.681547663844,0.27584477219759496,81,0.27950234594341555,1.155,2.57,1.25,1105.0,1396.6200000000001,8.956821454530258e-05,True,True,True
22685,-1.8973017533446763,0.6881639917979052,-2.7570488661979593,0.005832563441387789,-3.2460783927258876,-0.548525113963465,-0.2854358451325685,0.1708456181951904,59,0.29585107763687124,1.19,2.51,1.25,1082.0,1395.8400000000001,0.008090053044161872,True,True,True
22756,-1.0762074332677847,0.4456706992885735,-2.4148041030871905,0.015743674530586366,-1.9497059528381695,-0.20270891369739996,1.0576228886833179,0.17369387847895734,59,0.2718071321240495,0.39,2.46,1.25,1204.0,1393.45,0.020340525353087936,True,True,True
85087,-1.8315624457301225,0.21656083471446244,-8.457496241853036,2.731793435016388e-17,-2.2560138822324003,-1.4071110092278447,-0.1063044770428953,0.4302571852768048,49,0.4945693877191298,2.55,8.65,3.29,420.0,1392.6399999999999,3.1591598926416514e-16,True,True,True
85017B,-1.421758276774459,0.5082264406007702,-2.7974897864302584,0.005150139549162648,-2.4178637963429535,-0.4256527572059644,-0.012951898952995422,0.07721390724499055,89,0.20337037712977124,0.42,0.85,0.83,2231.0,1390.39,0.007217853568900812,True,True,True
85169A,-1.7253383462977703,0.5013590622904468,-3.441322748641669,0.0005788776004974723,-2.7079840517098197,-0.742692640885721,-0.22023314064583066,0.15957037827075382,68,0.32160843090715746,0.42,2.57,1.25,1252.0,1385.82,0.0009630929187446912,True,True,True
22339,-1.8639317738741232,0.344672437709611,-5.407835295041779,6.37910454162367e-08,-2.539477338248586,-1.1883862094996607,1.2489903226103856,0.5260776357030248,40,0.457768298597352,0.19,1.3,0.65,3521.0,1385.46,2.2350580038960255e-07,True,True,True
22250,-2.6893287568965145,0.531840710761282,-5.05664328149491,4.267003095080553e-07,-3.7317173955008114,-1.6469401182922179,-0.4210417606216982,0.3853790255858902,81,0.2935222416523188,0.72,1.7,1.255,1521.0,1382.9599999999998,1.305730654906955e-06,True,True,True
84562A,-1.1573571819683681,0.25602221007805515,-4.5205342990185,6.1683749686175894e-06,-1.659151492963704,-0.6555628709730323,0.2476959358344946,0.1415326002462618,42,0.29759800570132505,6.36,16.98,7.95,169.0,1378.2600000000002,1.5120138902268083e-05,True,True,True
20704,-1.570920096917391,0.21622553135229403,-7.265192445557723,3.725075529819956e-13,-1.9947143509059237,-1.1471258429288584,0.12813513215627315,0.5780404893808995,47,0.47083007036986624,1.95,14.43,6.95,361.0,1371.4200000000005,2.7111070940967634e-12,True,True,True
22984,-3.1755667982856393,0.5707146924655883,-5.564193177797176,2.633680685008002e-08,-4.294147040966045,-2.056986555605233,0.4805285003256744,0.4142527573049226,63,0.22310515818500515,0.36,0.83,0.42,3349.0,1370.7299999999998,9.850174784206515e-08,True,True,True
46776B,-1.3614727732839274,0.18526423751763904,-7.3488158941323,1.999703933497218e-13,-1.7245840064417741,-0.9983615401260806,1.0297958367313107,0.20659685396611527,69,0.2627499268834237,1.25,13.0,4.21,428.0,1369.2300000000002,1.4782125155459828e-12,True,True,True
20866,-1.717862890034895,0.49191691280357125,-3.49218098691569,0.00047909350221320417,-2.6820023225160248,-0.753723457553765,0.4244295030811504,0.23173516303176622,70,0.36413808772828393,0.83,2.57,1.25,1280.0,1368.91,0.0008088041227151172,True,True,True
84819,-2.166370568054456,0.29642740636042164,-7.308266784955769,2.7061011103530685e-13,-2.7473576085515017,-1.5853835275574104,0.13866520951317757,0.715736695646418,48,0.30344402241194895,0.79,8.47,4.25,908.0,1368.26,1.9925783566466933e-12,True,True,True
21209,-0.8906060595444397,0.1199263162917117,-7.426277126515816,1.1169685326367782e-13,-1.1256573202747537,-0.6555547988141257,0.11495502507363212,0.31869430399949905,69,0.585511059359462,0.39,3.36,1.65,1476.0,1368.04,8.593819118450314e-13,True,True,False
35599D,-0.6118854459170633,0.5151161778512929,-1.1878591126169333,0.23488892069694978,-1.6214946023595265,0.3977237105253999,1.5009153071818775,0.3354823997882974,37,0.3311713430642439,1.95,6.04,5.79,406.0,1366.48,0.2532984070444796,False,False,False
84685,-1.433283240983663,0.3325573865996487,-4.309882440557937,1.6334135385391628e-05,-2.085083741511738,-0.7814827404555885,-0.10602433992490173,0.34554587055486063,53,0.3294347196695331,1.25,7.78,7.46,435.0,1366.17,3.725228945616868e-05,True,True,True
35649,-1.8906286598690567,0.9961961982795395,-1.8978476962010382,0.057716148059109934,-3.8431373300326768,0.06188001029456336,-0.014285537277650806,0.31742689624814524,36,0.3947196650194119,0.6,6.91,3.1275,1826.0,1362.9,0.06825278487542172,False,False,True
21285,-2.120770238075664,0.2572348718997554,-8.244489646419826,1.6586661844000243e-16,-2.6249413225669587,-1.616599153584369,0.4581054149119286,0.5929547681990339,49,0.41796687566118496,0.39,4.21,2.1,1007.0,1362.62,1.7565088525809245e-15,True,True,True
21530,-1.1935618285902474,0.11279829378740103,-10.58138193862966,3.6355594514041605e-26,-1.4146424219311216,-0.9724812352493732,-0.6261705259230941,0.42706046501777173,77,0.5741822077193314,0.79,5.91,2.95,959.0,1361.56,8.900038397268628e-25,True,True,True
22269,-1.423581982439413,0.17835931154985565,-7.981540016437482,1.445187102853214e-15,-1.773159809384489,-1.074004155494337,-0.2968510950691067,0.3825351794575266,77,0.45011489722283815,0.39,2.57,1.25,1521.0,1357.7,1.40678662629874e-14,True,True,True
21684,-1.8359980360282222,0.23592611491555496,-7.782089052266982,7.133662235295502e-15,-2.298404724275168,-1.3735913477812765,0.514547990050829,0.24751613876529266,63,0.5324011779989553,0.64,2.51,0.85,1696.0,1357.6100000000001,6.342902506383029e-14,True,True,True
21059,-1.3599111900972276,0.7566412078915681,-1.7972999301567412,0.07228801730706642,-2.8429007067835848,0.12307832658912954,-0.009637979373203653,0.0207776771778464,90,0.12812758370348623,0.785,1.255,0.85,1596.0,1348.56,0.08350701888026042,False,False,True
20762,-2.9310875299228605,1.1565318685736008,-2.5343767945952873,0.011264753215176658,-5.197848339299929,-0.6643267205457919,0.1524238950724778,0.19769360848425865,65,0.2003806714244279,2.5,7.46,3.75,458.0,1343.79,0.014953563246907043,True,True,True
21822,-1.5689804310148234,0.34846017068566776,-4.502610521964471,6.7123827839628454e-06,-2.2519498156054123,-0.8860110464242347,0.9484415636164703,0.4685015180272184,33,0.4426499164488277,0.79,4.21,1.95,1010.0,1343.7,1.6347340500994785e-05,True,True,True
22684,-2.2352530911368906,0.5341542961991527,-4.184658079214446,2.8559564823413164e-05,-3.28217627387457,-1.1883299083992112,-0.30594316117335707,0.30452859013738576,61,0.31288440233815806,1.25,2.51,1.25,1012.0,1342.4399999999998,6.187905711739519e-05,True,True,True
21190,-0.9115502663458999,0.714765633572475,-1.2753135063165728,0.20219829907661135,-2.3124651655349044,0.4893646328431045,-0.8500060986801691,0.0569714360760325,41,0.27104611436730675,1.45,3.36,1.65,806.0,1337.59,0.21980610943449388,False,False,False
20780,-1.1670388672377694,0.3742631253548665,-3.1182309668664625,0.0018194016256357717,-1.9005811136747073,-0.4334966208008315,-0.19825900762239973,0.12018129600964256,41,0.3515069825323026,4.21,11.26,5.49,231.0,1333.96,0.0027905387016464033,True,True,True
16235,-2.108257040504239,0.44910561265622645,-4.694345786584571,2.674612880803689e-06,-2.988487866565239,-1.2280262144432394,0.9684215092533324,0.30761934142012826,93,0.3096124840484349,0.21,0.43,0.315,5827.0,1333.9499999999998,7.0611278435783655e-06,True,True,True
21580,-1.141038674119775,0.3314031566328157,-3.4430531251215872,0.0005751863127261944,-1.7905769254829802,-0.49150042275657,0.1584896895170142,0.13661188321649476,67,0.3885214171255726,1.63,5.17,2.25,542.0,1329.63,0.0009586438545436574,True,True,True
20933,-2.299706705239694,0.7938043122051441,-2.8970700585528903,0.0037666563036275447,-3.855534567934365,-0.7438788425450225,-0.8861116396965177,0.29470633733155005,32,0.3772811788811517,2.2,7.78,3.75,505.0,1329.49,0.005407575881445486,True,True,True
85032D,-1.2876387838168506,0.29024305697631214,-4.436415455484745,9.146923549418468e-06,-1.8565047222532294,-0.7187728453804719,2.209830829494609,0.3868149320073685,46,0.42164785870460303,0.65,2.1,1.645,1148.0,1327.6800000000003,2.1770140013451784e-05,True,True,True
21775,-2.3555422950904785,0.3138302715280062,-7.505784205015003,6.106193689266361e-14,-2.9706383245437964,-1.7404462656371604,0.18213407721511454,0.37002427625085965,92,0.24560685795225262,1.25,2.57,2.46,874.0,1326.2900000000004,4.918878249686791e-13,True,True,True
85032A,-1.393049553111581,0.18622213648257482,-7.48057980336796,7.399541800898249e-14,-1.7580382337415301,-1.0280608724816318,0.0852633097620239,0.38331766845392223,56,0.6480960329303425,0.65,4.3,1.63,1441.0,1323.51,5.885289575819915e-13,True,True,True
21738,-2.1552808803031125,0.5190948755348881,-4.1519979908918545,3.295851560763582e-05,-3.172688140910795,-1.1378736196954298,0.7842100634017319,0.18876740778716106,44,0.2926001133724413,2.75,5.975,2.95,422.0,1322.63,7.036941256275943e-05,True,True,True
47593B,-1.5207357069043397,0.3749619625231049,-4.055706602001351,4.9982969195646004e-05,-2.255647649022083,-0.7858237647865967,0.6704732862884819,0.17669884027396643,90,0.30736021554490106,0.39,1.91,0.85,2341.0,1320.99,0.0001019674209240181,True,True,True
22701,-1.8616268527670439,0.17889319856894167,-10.40635903242354,2.319228402167532e-25,-2.2122510790413417,-1.5110026264927459,-0.26236560082241966,0.35688544995887206,58,0.36127868013822717,0.85,5.91,2.95,675.0,1320.5700000000002,5.267163298898551e-24,True,True,True
22232,-1.2402824914322061,0.16804512943353705,-7.38065123108936,1.5751714046861898e-13,-1.5696448928993105,-0.9109200899651018,-0.21749196035705715,0.300373392694653,68,0.5137093944454701,0.59,3.43,1.65,1109.0,1318.9900000000002,1.192449035274485e-12,True,True,True
85071B,-1.1487689790789055,0.12898645033966807,-8.906121348822147,5.284907781101286e-19,-1.401577776238319,-0.8959601819194919,0.12115396054001898,0.493551162836085,62,0.8591665180790922,0.38,5.91,0.9299999999999999,2340.0,1316.48,7.16694328588196e-18,True,True,True
20760,-3.0135281162024357,0.23459078633862782,-12.845892898165484,9.069934637688591e-38,-3.4733176085310773,-2.553738623873794,1.2566946110151291,0.4578537617529589,44,0.21099124031625816,0.1,1.66,0.85,5550.0,1313.6599999999999,7.123677830017914e-36,True,True,True
84688,-1.580551195684259,0.4087369461823512,-3.8669154096461895,0.00011022063816090774,-2.3816608893525535,-0.7794415020159644,-0.10295425458948396,0.2899800780525631,45,0.3575812683237051,1.65,8.65,6.36,422.0,1313.52,0.00021243957355144286,True,True,True
35598D,-1.398842150960356,0.34419539587732173,-4.064093150911675,4.8219567194963896e-05,-2.0734527305244126,-0.7242315713962991,1.5287164154479167,0.5522836100001207,44,0.5611140240010136,0.65,2.57,1.415,1727.0,1312.1999999999998,9.890520583515445e-05,True,True,True
22481,-1.5851166504777412,0.30129917251816407,-5.26093927583615,1.4332136496042748e-07,-2.1756521771850634,-0.9945811237704192,0.8347821203118007,0.19979843279193943,74,0.1594463071679529,0.39,1.855,1.25,1272.0,1309.81,4.773158532692683e-07,True,True,True
21277,0.3810257475501488,0.26735867295967397,1.4251482599467395,0.15411434887608777,-0.14298762240523505,0.9050391175055326,0.16538105332275263,0.06638266723948405,40,0.26157012052100137,12.0,42.51,21.95,54.0,1309.3899999999999,0.17098619636929102,False,False,False
20893,-1.241363474550211,0.8150074955034683,-1.5231313594034648,0.12772584460139022,-2.8387488128671987,0.3560218637667769,0.7316098370282276,0.14353129303637957,48,0.2851706568506801,2.1,5.17,2.55,559.0,1308.59,0.14297103151640178,False,False,True
20798,-1.9782704678451206,0.41900928705861584,-4.721304584278528,2.3433670852289185e-06,-2.7995135796678126,-1.1570273560224287,0.1529071745007621,0.35128929110144047,42,0.29628966658067984,2.1,4.3,3.155,551.0,1308.15,6.239049372396202e-06,True,True,True
21945,-1.0383010420681082,0.5816413977491813,-1.785122321220764,0.0742414781229555,-2.17829723357404,0.10169514943782354,-0.05730028159274747,0.06661851925969542,73,0.29021787387921905,0.38,1.7,1.255,1862.0,1307.0999999999997,0.08563074247919082,False,False,True
22893,-1.3505420149910279,0.5198461576121154,-2.5979647924968186,0.009377810869444492,-2.3694217614123065,-0.33166226856974923,0.2424033700790214,0.12275824268138125,55,0.29993831979364177,0.42,0.85,0.625,2721.0,1306.0899999999997,0.012659746727446533,True,True,True
21219,-2.0121379275379168,0.3800154833181197,-5.29488406621977,1.1909194078446936e-07,-2.756954588409013,-1.2673212666668205,0.4825737082054383,0.2906747104385631,76,0.3566576747010152,0.83,2.57,1.25,1013.0,1303.27,4.0375595032144735e-07,True,True,True
20738,-2.3591406341957537,1.1356518343633173,-2.0773449774053008,0.037769730634798264,-4.584977328524703,-0.133303939866805,0.21713712636543003,0.14516909188956895,37,0.3552003032865693,0.72,2.51,0.85,1610.0,1301.72,0.046171168772110714,True,True,True
21248,-1.6560458270533844,0.36296263359021935,-4.562579378137975,5.052898027109416e-06,-2.3674395166240223,-0.9446521374827465,-0.4296512039282143,0.1771526241760455,76,0.3627218335209705,0.38,3.43,1.45,1043.0,1299.55,1.2598826430028109e-05,True,True,True
85170D,-1.3760210114305345,0.3060231311088654,-4.4964607951188675,6.909391235068787e-06,-1.9758153268400895,-0.7762266960209793,-0.045825365218117864,0.16907808938241964,75,0.3368499005718746,0.85,4.3,2.51,723.0,1296.3600000000001,1.6805422552393113e-05,True,True,True
22105,-2.2080427646632583,0.7407763647590914,-2.9807143825131868,0.002875768706805738,-3.6599377601895835,-0.7561477691369332,0.5521036950644977,0.46361285950578335,40,0.29515949908247757,0.95,8.47,4.23,692.0,1294.7,0.004225116143670161,True,True,True
79191C,0.016251824276554472,0.7010576171012135,0.023181866768317495,0.9815052029438819,-1.3577958563292953,1.3902995048824045,-0.10243450590410232,0.0009976198915728762,76,0.23455653694342504,0.63,1.7,0.85,1619.0,1293.76,0.9816765456616469,False,False,False
22267,0.2776671348102223,0.27673027614367446,1.0033854577807795,0.3156749178184972,-0.2647142398632033,0.8200485094836479,0.37785570167468696,0.0110709807814654,48,0.49258109581351706,0.39,2.46,1.25,1472.0,1291.4699999999998,0.33542684334152606,False,False,False
22181,-3.3511667108120937,0.5158625463914709,-6.496239617033575,8.235245577067674e-11,-4.362238722712499,-2.340094698911688,0.4559350800267336,0.43311435116100305,62,0.28533521874486134,0.72,1.66,0.85,1538.0,1291.38,4.360516267632743e-10,True,True,True
22258,-2.2924796819738913,0.3950533844958541,-5.802961756420416,6.515365619947915e-09,-3.0667700875564194,-1.5181892763913631,0.13161443534914286,0.3264366876244972,40,0.3878139292935161,0.42,2.51,1.25,1342.0,1291.0500000000002,2.6933035512284694e-08,True,True,True
21880,-1.44174146504914,0.2534559572719049,-5.6883313399592135,1.2828672755311111e-08,-1.9385060129691964,-0.9449769171290836,0.7464149002726763,0.3472682710595717,94,0.5945778841201739,0.19,1.7,0.65,2483.0,1289.8300000000002,5.059005887816202e-08,True,True,True
84609,-1.9164962856351886,0.28310819984528995,-6.7694834931750325,1.292429574687671e-11,-2.471378161059925,-1.3616144102104522,0.19327873840202958,0.6487605189397427,32,0.34531970909410825,7.25,17.35,8.5,143.0,1289.24,7.68526734475161e-11,True,True,True
84569D,-2.1684686355727076,0.25976343304362814,-8.34785947415665,6.951120807974585e-17,-2.6775956088387005,-1.6593416623067148,0.2510455317207224,0.36129811926421995,80,0.3650927951768438,0.83,2.57,1.25,1023.0,1287.54,7.662492820486603e-16,True,True,True
85025C,-1.4630335427668633,0.4404774494515489,-3.32147206307276,0.0008954394618785293,-2.326353479693961,-0.5997136058397653,0.48570373883552653,0.13179818574000046,64,0.3265241865739556,1.55,3.36,1.65,720.0,1285.91,0.0014463610845253023,True,True,True
17091A,-1.396581786084416,0.310165735921055,-4.502695250773545,6.709706369266195e-06,-2.004495457728045,-0.7886681144407869,-0.15101946833826657,0.22509635702061526,59,0.43966190939625804,0.38,2.51,1.25,2085.0,1285.8899999999999,1.6347340500994785e-05,True,True,True
46776A,-1.4337265889502548,0.17557660821233864,-8.165817779190359,3.1926490146903146e-16,-1.777850417574138,-1.0896027603263716,0.8149657191870352,0.19210999195254475,62,0.358670982082752,1.25,13.0,4.13,406.0,1283.2300000000002,3.288602946825816e-15,True,True,True
72818,-2.87028801216779,0.3214574524382252,-8.928982639527936,4.299443306892929e-19,-3.500333041508709,-2.240242982826871,1.6078504266316087,0.718432547924754,34,0.42557137035539777,0.39,1.66,0.85,2394.0,1283.13,5.915657396710344e-18,True,True,True
82613D,-1.1454830141832482,0.5541076023006386,-2.0672573511484704,0.038709910672683125,-2.2315139582523433,-0.05945207011415299,-0.07922407238797768,0.12328888749572475,86,0.3481543681471196,0.42,2.57,1.855,1186.0,1281.8600000000004,0.04719804761837496,True,True,True
22097,-1.2630152594361002,0.15069766147885377,-8.381120496772468,5.242619450520372e-17,-1.5583772484890626,-0.9676532703831378,0.5658104605824241,0.3654410270887585,88,0.5426739136073924,0.39,2.51,1.25,2064.0,1281.75,5.917567463611318e-16,True,True,True
22543,-2.6435173433028774,0.5819090537876219,-4.5428359055359815,5.550245580123445e-06,-3.7840381310043973,-1.5029965556013574,0.7508222391119521,0.22523344019573743,64,0.347017641353473,0.19,0.85,0.42,3247.0,1281.49,1.37299382132975e-05,True,True,True
85231G,-1.2018748297291517,0.7958757531118862,-1.5101287167372583,0.13101058324729112,-2.7617626419971404,0.35801298253883695,1.3153010420684743,0.24248604058423184,85,0.2288547086892259,0.85,1.66,0.85,1474.0,1281.31,0.1464738727290295,False,False,True
22214,-2.1945093582963433,0.2090802977783184,-10.496012209735401,9.010671935055587e-26,-2.6042992118187573,-1.7847195047739293,-0.3561554086635801,0.44720567249220233,52,0.37427523689781317,0.79,5.17,2.55,549.0,1279.7900000000002,2.0969279750098496e-24,True,True,True
72800B,-1.7652212099501745,0.4666971511141495,-3.7823697996356933,0.00015534235151850402,-2.679930817821355,-0.8505116020789943,0.8523309843885378,0.3385700563909838,52,0.33999989990262275,0.79,5.06,2.55,985.0,1276.7799999999997,0.0002893481547553163,True,True,True
21425,-1.028191444809818,0.5215299933302392,-1.971490533543973,0.04866779474229616,-2.0503714485945013,-0.006011441025134623,0.6880732919527427,0.17988450499140218,56,0.3859048081097132,1.49,6.77,2.95,505.0,1274.93,0.058395157918032,False,False,True
16225,-1.3194720988989719,0.31819530273080227,-4.146736572083416,3.372476999907032e-05,-1.9431234323011637,-0.69582076549678,1.5892869931958067,0.292713199321328,61,0.48210502484697526,0.39,3.43,1.25,1520.0,1271.6599999999996,7.16698888931765e-05,True,True,True
22268,-1.029702298096362,0.3712743580038757,-2.7734269170444916,0.005546929808066822,-1.7573866681671886,-0.3020179280255352,-0.4701858805657614,0.1481936793253107,62,0.4709331734733809,0.19,1.66,0.85,2554.0,1271.29,0.007727984248489253,True,True,True
35648,-1.2513259600811324,0.16780290609332615,-7.45711733612759,8.843594332128941e-14,-1.5802136125252084,-0.9224383076370564,0.3741418866871121,0.3994680273672885,54,0.7632399869565122,0.83,6.04,1.63,1041.0,1270.9299999999996,6.945906381692939e-13,True,True,True
85163B,-1.1537663462462453,0.39150093020392474,-2.9470334735737977,0.003208384707577602,-1.9210940693598673,-0.38643862313262334,-0.06587283169059414,0.3082066041508391,42,0.38275523013450696,3.95,26.04,12.75,115.0,1268.6599999999999,0.0046882210649486665,True,True,True
20765,-2.384064783794161,0.3806369942868195,-6.2633554267657665,3.7678047858462127e-10,-3.1300995837799057,-1.6380299838084165,0.4037022270892362,0.3423077701425533,67,0.2618789631717886,1.25,7.62,3.75,442.0,1265.0600000000004,1.8447563691740547e-09,True,True,True
20777,-2.2515001029385373,0.24769428550754913,-9.089834665846245,9.918977494455559e-20,-2.736971981709715,-1.7660282241673595,1.2020191952945745,0.46431450875012215,68,0.24973862757975016,0.15,3.36,1.65,3660.0,1262.6999999999998,1.438251736696056e-18,True,True,True
40003,-1.595438269774924,0.45064221606762234,-3.5403657555587653,0.00039957285629240076,-2.4786807831807813,-0.7121957563690671,1.030325610166703,0.1756105964862259,42,0.4489044638220352,0.95,3.43,1.25,1150.0,1257.02,0.0006859697942724731,True,True,True
21063,-2.6105412976054723,0.36311212928010345,-7.189353059566098,6.509903766683107e-13,-3.3222279933441268,-1.8988546018668175,0.04929119921353253,0.16830379353212954,91,0.21760511744821626,0.785,1.66,0.85,1456.0,1256.27,4.528106494537881e-12,True,True,True
21145,-0.5050866339040776,0.33955031888424453,-1.4875162996865443,0.13687850150037273,-1.1705930298562874,0.16041976204813224,0.440909365799205,0.19167604398500238,32,1.3572292214841153,1.06,14.43,1.25,869.0,1256.21,0.15249171118688096,False,False,False
77101A,-3.401620613675165,0.5672532936867759,-5.99665202746881,2.0142703651202206e-09,-4.513416639412968,-2.289824587937362,-0.759124882318402,0.364734673179951,44,0.3192661980843641,1.06,2.57,1.25,1082.0,1255.97,9.083491957539751e-09,True,True,True
35957,-0.7451521620716948,0.2291389106960423,-3.251966939216863,0.0011460935200006597,-1.1942561744926774,-0.2960481496507121,1.3142466482011448,0.3725555234297976,32,0.8526569074369876,0.19,3.43,1.04,3565.0,1254.9,0.0018231107891993614,True,True,False
20731,-2.779839102240718,0.38938111991283997,-7.139121441899813,9.392932229059519e-13,-3.5430120735297566,-2.0166661309516796,1.5969175770676574,0.46392015234376094,42,0.3874520751677658,0.38,2.51,1.25,4142.0,1252.92,6.3234561613489976e-12,True,True,True
85159A,-1.1354701636559736,0.08841891317802986,-12.841937576972082,9.545512946732166e-38,-1.308768049037086,-0.9621722782748612,-0.11652140252089108,0.7270704874847796,53,0.8073741091659631,1.25,13.0,1.95,492.0,1248.9800000000002,7.197316761836054e-36,True,True,True
22280,-1.448841161181776,0.3739651810199034,-3.8742675380376252,0.00010694587324405567,-2.1817994474527884,-0.7158828749107635,0.2909412734808157,0.20886780924555104,67,0.3785052067861735,0.83,4.21,1.855,877.0,1248.7399999999998,0.00020740017599284457,True,True,True
22062,-0.980799328403913,0.27274979391169557,-3.5959672575278017,0.00032318845152059605,-1.5153791012615585,-0.4462195555462676,0.2539914773858195,0.23379216778838252,67,0.5449352196022655,0.83,6.04,2.95,761.0,1248.1499999999999,0.0005682931260413466,True,True,False
22389,-1.048085140098638,0.21685364827553172,-4.833145065500365,1.3439278162715965e-06,-1.4731104806347965,-0.6230597995624794,0.10403435334913469,0.21777392145721464,52,0.3465503816926017,0.39,5.06,2.55,647.0,1245.52,3.714521896879706e-06,True,True,True
20707,-1.5905505041979726,0.44166609702669696,-3.6012510693159006,0.0003166895599242696,-2.456200147562672,-0.7249008608332735,-0.4551668045652617,0.307950013543822,74,0.4458219423515864,0.815,2.57,1.25,1613.0,1243.68,0.0005579063742591105,True,True,True
79163,-0.8163486647201121,0.13115007161559497,-6.2245384593678,4.829756649479635e-10,-1.0733980816565272,-0.5592992477836971,0.12236118054952178,0.4821327961933558,41,1.872733930702032,0.39,21.23,1.65,1833.0,1240.8300000000002,2.3464152794508016e-09,True,True,False
84910A,-1.0950606655473807,0.23852535042446837,-4.590961353158743,4.412090363479916e-06,-1.5625617617791345,-0.627559569315627,0.06032654885074573,0.11228462921057514,40,0.4010672612396225,1.65,21.7,5.95,432.0,1230.39,1.113358813274383e-05,True,True,True
21253,-1.0049694798363238,0.3864547748336703,-2.6004840547483505,0.009309234517762718,-1.7624069201638535,-0.247532039508794,0.193010383103292,0.15424843955963985,70,0.2961053617523236,1.25,6.04,5.79,332.0,1225.1699999999996,0.012588168626960347,True,True,True
16046,-1.9129388024123442,0.2780761450239546,-6.8791905981275585,6.019358048959417e-12,-2.4579580316190324,-1.3679195732056562,1.2950901851319403,0.5805197197499625,42,0.4656810317548005,0.08,1.7,0.85,10056.0,1223.4999999999998,3.683925299444319e-11,True,True,True
22216,-2.1831629931054444,0.3036911484162865,-7.188760701424396,6.538204913399704e-13,-2.7783867064249743,-1.5879392797859144,-0.1428988631078204,0.3588353857782415,65,0.3277103892700606,0.29,1.66,1.24,1396.0,1215.83,4.531072155058251e-12,True,True,True
22233,-0.8520703453825468,0.21138653335428564,-4.030863895925052,5.5572218299225934e-05,-1.2663803375737215,-0.4377603531913721,0.15390223680257353,0.14225668907586209,68,0.4964162627677427,0.59,3.36,1.65,949.0,1210.1100000000001,0.00011227613236231606,True,True,False
84687,-1.649557391925147,0.3005863441984725,-5.48779884303716,4.0697313165735106e-08,-2.2386958007987134,-1.0604189830515804,-0.47449595192447996,0.47669302025712834,47,0.40551553404481494,1.95,11.87,5.95,314.0,1208.06,1.4640159411719595e-07,True,True,True
22265,-1.5079389675415737,0.8235699987976184,-1.8309785078901717,0.0671037510333256,-3.1221065039326015,0.10622856884945397,0.1698738442165063,0.07810517882516754,61,0.29791176152366095,0.65,1.28,0.65,1843.0,1207.8,0.07812882686709002,False,False,True
20771,-2.5211498984071206,0.5418848117530362,-4.652556860287374,3.278442954666529e-06,-3.583224613212338,-1.4590751836019027,0.4246247236882412,0.12275798912519098,67,0.18127247629614285,1.7,4.96,2.55,606.0,1201.6799999999998,8.477181028184371e-06,True,True,True
79066K,-2.5235006180262385,0.2866997081224705,-8.801894618421677,1.3452547684612114e-18,-3.085421720324426,-1.961579515728051,0.7423804918032091,0.37638485350285,89,0.3193430236789252,0.745,1.7,0.85,1377.0,1200.25,1.7732903766079606e-17,True,True,True
22256,-2.6639716743393826,0.4503794270159353,-5.914949739134346,3.3197694022452348e-09,-3.5466991306684017,-1.7812442180103636,-0.1252715527122903,0.3478999771531198,43,0.3474967856795518,1.25,2.57,1.25,933.0,1200.07,1.4552942612168065e-08,True,True,True
84658,-1.0759125542532388,0.2504126337434321,-4.296558596782293,1.734701287223156e-05,-1.5667122976641852,-0.5851128108422925,0.530959054769665,0.2095060258988699,45,0.20498080017195489,1.65,14.09,6.95,214.0,1199.66,3.920757705534351e-05,True,True,True
21883,-1.9984660657964448,0.4085878814797794,-4.891153547086654,1.0024672110152454e-06,-2.7992835980163324,-1.197648533576557,0.16108999553818895,0.3235672055013896,79,0.4111109773131381,0.19,1.66,0.65,2348.0,1199.4800000000002,2.8631071102480874e-06,True,True,True
22403,-1.186430776205538,0.18313941079803459,-6.4782930721226855,9.276603934842816e-11,-1.5453774255195716,-0.8274841268915043,-0.03150974938789723,0.2980347578490621,70,0.5333307560642303,0.39,2.51,1.25,1715.0,1195.89,4.857332893660753e-10,True,True,True
85129D,-1.1988995557926145,0.5062417744370303,-2.3682351325626163,0.017873172841170095,-2.1911152011588437,-0.20668391042638523,0.33898297920022374,0.08435164954390673,76,0.30905371381193525,1.25,2.57,1.88,793.0,1193.5600000000002,0.02291900054803104,True,True,True
84625A,-1.1198886661809322,0.26519221532576515,-4.222931901697221,2.411446974518383e-05,-1.639655857199823,-0.6001214751620415,0.37325722667824224,0.3897017739882227,49,0.6991111603842066,0.85,5.91,2.95,838.0,1193.0,5.2978759288661445e-05,True,True,True
22102,-1.9255559862781246,0.5049225518684748,-3.8135670097375742,0.00013697536371588497,-2.9151860029223924,-0.9359259696338567,0.9365446259511117,0.5162453815298227,44,0.36410327493619177,0.39,3.36,1.65,1842.0,1191.6900000000003,0.0002576831942160112,True,True,True
84559A,-1.9100537354842149,0.4150271959248623,-4.602237526212659,4.179761342656384e-06,-2.7234920921015937,-1.096615378866836,1.1193463766495608,0.3329600578769356,85,0.3104153957991854,0.79,1.73,0.85,1321.0,1190.17,1.0575637759607094e-05,True,True,True
20934,-0.6884413943958647,0.39508288243231576,-1.7425239741025889,0.081416800168584,-1.462789614871476,0.08590682607974665,0.16737716042393336,0.047308426880554255,38,0.3062004636101427,5.45,11.26,5.45,197.0,1185.0700000000002,0.09329523909895492,False,False,False
21806,-4.0802755842852045,0.7601041158942793,-5.368048269919799,7.959325409514898e-08,-5.570052275938651,-2.590498892631758,1.0088918130142777,0.5900572831738957,32,0.3556751165026053,0.42,0.87,0.42,2707.0,1179.4299999999998,2.742838829421496e-07,True,True,True
84674,-2.198741042087175,0.16021788466586653,-13.723443214049647,7.349073308203045e-43,-2.5127623257114657,-1.8847197584628845,0.08129022057821372,0.39012886756222587,69,0.3156539099981487,1.2,6.04,2.95,460.0,1175.9299999999998,1.0656156296894417e-40,True,True,True
72819,-2.172693003048419,0.08246089221301381,-26.348162683419634,5.387360874297259e-153,-2.3343133819189656,-2.0110726241778725,0.13703527501614354,0.6022452429477221,58,0.41348780240648997,0.85,5.17,2.55,694.0,1174.0100000000002,1.0155175248050334e-149,True,True,True
21393,-0.8158081318891492,0.6509740922338892,-1.2532113668143288,0.21012879432053488,-2.0916939075362277,0.46007764375792903,1.9352994598998254,0.36917329587754977,30,0.44750351393636356,0.13,4.21,2.1,5244.0,1172.81,0.22777042972639922,False,False,False
84313B,-0.4813990969522777,0.21413781111026906,-2.2480807777771856,0.024571039552515394,-0.9011014944566461,-0.06169669944790934,0.1442617695870877,0.1038772779796121,40,0.7332114288395595,1.95,17.35,4.25,227.0,1164.04,0.030754588018918668,True,True,False
21650,-1.5733621599378296,0.14412560203508903,-10.916604251580344,9.60189080226523e-28,-1.8558431491767569,-1.2908811706989023,0.4023873718230625,0.43174119093592644,70,0.6214131526420881,0.19,1.7,0.65,3204.0,1163.8,2.8280569003546814e-26,True,True,True
37475,-0.5901898449005204,0.16733578011608818,-3.5269793733956942,0.00042032950733436863,-0.918161947252967,-0.26221774254807384,0.3179380674250423,0.07633249628227912,47,0.2890942124700017,8.29,20.38,9.95,116.0,1160.56,0.0007176821751134826,True,True,False
22264,-2.3435967357153844,0.3181450855532566,-7.366440162480752,1.7524454776584766e-13,-2.9671496452581816,-1.7200438261725872,-1.015751861773947,0.4264693548986017,54,0.3691329527262103,0.19,1.7,0.85,2014.0,1152.2200000000005,1.310857033883424e-12,True,True,True
84847,-1.975267333269024,1.0520402165692129,-1.8775587683430284,0.060441550707034775,-4.0372282680324005,0.08669360149435201,1.5666915222005964,0.33359474323825433,35,0.36744829925821265,2.04,7.62,3.75,2330.0,1149.73,0.07094167066174381,False,False,True
22806,-2.8255902711325187,0.25505285870427336,-11.078449720137078,1.5961224568104827e-28,-3.3254846883468776,-2.32569585391816,0.02484831869454808,0.5793134308843477,33,0.3593380581336392,1.25,5.91,2.95,430.0,1149.02,5.372662198371e-27,True,True,True
22814,-2.651965563916253,0.40602454561768825,-6.531540007961335,6.509682748436598e-11,-3.4477590501661624,-1.8561720776663437,0.6216204612677999,0.5585216580851282,61,0.32261433183394983,0.36,0.85,0.42,2728.0,1147.77,3.495940735271506e-10,True,True,True
21261,-0.8172643590009601,0.2855642348206734,-2.8619282786381843,0.004210721801139573,-1.3769599745222187,-0.2575687434797014,0.13249108032875856,0.200067870224512,38,0.7921723675937654,2.95,30.39,5.285,283.0,1146.1200000000001,0.005985830011423903,True,True,False
21316,-1.669877255054288,0.1729202727628887,-9.65692008446027,4.594699386857703e-22,-2.008794761866392,-1.3309597482421835,-0.0023544691556016684,0.5330499980319431,31,0.5305556722625957,0.79,5.91,2.95,693.0,1146.1100000000001,8.17076258889318e-21,True,True,True
22615,-1.9930471919792314,0.38390211271703467,-5.191550465491343,2.0855004237311377e-07,-2.745481506493456,-1.2406128774650071,0.7363923074643567,0.33641668611772146,74,0.4541208033461105,0.27,0.85,0.29,3718.0,1145.8799999999999,6.754584705727139e-07,True,True,True
72598,-1.255636057182489,0.4074293292246527,-3.081849948240086,0.002057185090661598,-2.0541828687081205,-0.45708924565685716,1.1899250683855154,0.2455260696938416,70,0.3160391298514771,0.64,1.66,0.85,1244.0,1145.76,0.0031222173074855974,True,True,True
20932,-1.8627140180682473,0.25734333547795346,-7.238244637688803,4.54529034672174e-13,-2.367097687266445,-1.3583303488700498,0.776765905808847,0.4863660555574767,56,0.38649427761041816,1.25,7.78,3.75,333.0,1143.97,3.2577461230306006e-12,True,True,True
84750B,-0.6537345707882781,0.30159520114503796,-2.167589432147149,0.030189938523731207,-1.2448503029426656,-0.0626188386338905,0.5098180389603362,0.129925450647298,40,0.45895723924581455,0.39,4.3,1.95,609.0,1142.02,0.03729228972295762,True,True,False
22718,-1.784785397891959,0.33118689757587566,-5.389057994007932,7.082794927790656e-08,-2.433899789292231,-1.135671006491687,0.515412810745239,0.3615493035244952,76,0.32918831519045977,0.42,0.85,0.42,2605.0,1141.3599999999997,2.4632967599419533e-07,True,True,True
21366,-0.9692764811852104,0.27085970525585235,-3.5785185554626446,0.0003455473393558577,-1.5001517483498152,-0.4384012140206054,-0.9466976727366637,0.3475079985760555,48,0.33110659664448844,3.29,8.47,8.29,238.0,1140.0,0.0006025501708471708,True,True,False
84596E,-1.6983662287856474,0.28331377371534283,-5.994647582831842,2.0392719464283784e-09,-2.2536510215918497,-1.1430814359794448,0.11750050998925965,0.24533933152890852,55,0.29307565174599554,0.42,2.51,1.25,1127.0,1137.8400000000001,9.174290260184948e-09,True,True,True
21942,-0.41046870840023614,0.4941494854656491,-0.8306569580122936,0.40616744812203787,-1.3789839028919073,0.5580464860914349,0.7806556138959502,0.05130369454084438,70,0.3233886185678226,0.38,1.7,1.63,1672.0,1136.2799999999997,0.42463984454245224,False,False,False
37424,-0.7803400914046598,0.9031800047183204,-0.8639917705530125,0.38759241132626365,-2.5505403722092836,0.9898601893999642,1.921196093933941,0.2164634797878351,43,0.27659217093708893,0.85,1.7,1.275,5249.0,1134.6799999999998,0.40612100908838633,False,False,False
22230,-0.6695857960793465,0.3538938035010292,-1.892052896815977,0.058483933327617116,-1.3632049052932587,0.02403331313456558,-0.3636707489690003,0.0656124138733547,77,0.4609389253517068,0.29,1.7,0.85,1657.0,1134.6399999999999,0.06898761847469227,False,False,False
22715,-3.579123222098249,0.6754050361915497,-5.299224954377131,1.1629527985804107e-07,-4.902892768010658,-2.25535367618584,-0.07258416718161576,0.5206951822103176,67,0.30207205093370854,0.36,0.85,0.42,2717.0,1133.9299999999998,3.956978385061506e-07,True,True,True
85118,-1.5154015941342571,0.3017818024774681,-5.021514159215751,5.126572385433293e-07,-2.106883058179675,-0.9239201300888392,0.3495475172991852,0.3671516039463919,39,0.5608933839990691,0.38,2.51,1.25,2054.0,1133.68,1.5486520747663072e-06,True,True,True
22598,-1.2360035369453293,0.3709951928579953,-3.3315890899385066,0.0008635165546030607,-1.9631407533844916,-0.508866320506167,2.4737157928244673,0.5094134084694524,32,0.3935207171096124,0.29,1.63,0.85,1790.0,1131.85,0.0013983923586140632,True,True,True
21555,-0.6608805445898412,0.4784309455195342,-1.3813499122055801,0.16717139851042206,-1.5985879668975729,0.2768268777178905,-0.06737733108188301,0.029236667818220985,70,0.32374711029608344,2.46,5.06,2.55,425.0,1131.37,0.18406430268232804,False,False,False
21413,-0.24814412947726994,0.405276651025055,-0.612283310300867,0.5403503299495946,-1.0424717692613856,0.5461835103068459,-0.21143020203827656,0.006784261400124114,32,0.30574291879400917,1.25,2.57,1.25,3162.0,1131.1399999999999,0.555376429637397,False,False,False
20622,-0.8459608244630501,0.34411411878908416,-2.4583729009432473,0.013956816939169753,-1.520412103861393,-0.17150954506470728,0.7422890290100024,0.09145600819548683,68,0.3539698879942442,1.63,4.3,2.1,582.0,1127.59,0.01826986106273263,True,True,False
22255,-1.3582433671605385,0.5772398275932061,-2.352996626763812,0.018622803028809115,-2.4896126396853324,-0.22687409463574437,-0.08111432570674165,0.09269399442611137,67,0.3028371602166584,0.85,1.66,0.85,1185.0,1127.1100000000001,0.023807097564201563,True,True,True
21040,-1.4986611696988739,0.5326159678005974,-2.8137743896179015,0.004896357908046685,-2.54256928417899,-0.454753055218758,0.7237183260396177,0.23790064533035882,32,0.39452627456271133,0.79,5.17,2.55,894.0,1125.85,0.006877522098858421,True,True,True
20700,-1.5054951142610329,0.4026954975702099,-3.738544690330316,0.00018508859377704948,-2.294763786235081,-0.7162264422869846,0.7033809855883422,0.5331878870109177,51,0.49672939552882944,1.25,10.17,4.13,420.0,1125.05,0.00033905928014551823,True,True,True
85124C,-1.3181417635724926,0.4403210760931471,-2.993592256060094,0.002757141387662791,-2.1811552143489816,-0.45512831279600374,1.0107065104489845,0.2600162321606604,63,0.2998040134578115,2.55,5.17,2.55,426.0,1123.8899999999996,0.004082648480553308,True,True,True
20832,-1.7109552261919205,0.33281590627941376,-5.14084571653705,2.735045743187437e-07,-2.3632624159816293,-1.0586480364022115,0.13894760995538613,0.3636830641297789,63,0.48208043042432036,0.39,1.7,0.85,1681.0,1122.6499999999999,8.723453850944702e-07,True,True,True
85224,-1.317321978406489,0.15898261992241652,-8.28594961543181,1.171703829291411e-16,-1.6289221876222455,-1.0057217691907323,-0.35150776276043527,0.5341671909824159,38,0.7286931578980766,0.38,4.3,2.1,2004.0,1120.96,1.2620924104081769e-15,True,True,True
17096,-4.330094239662643,0.4800317110473206,-9.02043373387845,1.8734606372486533e-19,-5.27093910475253,-3.389249374572757,-0.16726267839338108,0.5241078014390079,53,0.3403880093998246,0.17,0.43,0.32,6240.0,1117.0900000000001,2.655243083619332e-18,True,True,True
47504H,-1.3674612825993377,0.1668670153443611,-8.194916651306594,2.5076686657971847e-16,-1.694514622881978,-1.0404079423166974,0.5935446921812505,0.49505277560162253,54,0.8764268428914437,0.79,7.78,1.95,1028.0,1113.07,2.61157758841309e-15,True,True,True
20669,-1.0612241883226012,0.350433132334414,-3.028321498179254,0.002459163105865274,-1.7480605066876111,-0.3743878699575912,0.23110034836031407,0.12297817143712608,78,0.3339897534025365,0.83,2.51,1.25,797.0,1111.8900000000003,0.0036760685603140692,True,True,True
84678,-2.026000673998649,0.30650768102617465,-6.609950743210367,3.844479202917567e-11,-2.626744689794842,-1.425256658202456,-0.09230223677934984,0.39018202634231824,47,0.34942036662836723,1.25,5.06,2.55,565.0,1108.28,2.169713562125633e-10,True,True,True
84631,-1.4609188353060416,0.1929385828498492,-7.571937213009251,3.676991851996332e-14,-1.8390715089199434,-1.0827661616921398,0.4135700875536224,0.4194060105064277,30,0.42795718529762294,1.95,16.13,7.95,288.0,1106.1599999999999,3.0135346265274286e-13,True,True,True
21944,-1.628310158418518,0.4435065931610692,-3.671445213052698,0.00024118278356062805,-2.497567107920272,-0.7590532089167641,0.1345184911334762,0.14015791420698764,68,0.32483894805376967,0.39,1.66,1.1400000000000001,1789.0,1106.0100000000002,0.0004301131002949705,True,True,True
21666,-1.961079132840629,0.440932679885264,-4.447570394081303,8.684700266695818e-06,-2.8252913050224753,-1.0968669606587826,0.2628486591134346,0.28162407912619014,56,0.43980249901409046,0.55,1.66,0.65,1760.0,1105.15,2.0801346890370544e-05,True,True,True
22116,-1.2674339661493421,0.17687366473396396,-7.165758498053919,7.73570393580544e-13,-1.6140999788415238,-0.9207679534571604,0.5103603400009448,0.34387915280739323,77,0.5023927603104953,0.79,5.91,2.29,823.0,1103.88,5.283261564852628e-12,True,True,True
21202,-1.940856995347029,0.4338040022970472,-4.474041237678641,7.675492899230425e-06,-2.7910972161985725,-1.0906167744954856,-0.6920369076634535,0.2674381960771215,50,0.3401859260469439,0.65,3.36,1.65,854.0,1103.48,1.8620726016794533e-05,True,True,True
84638,-1.5653898599740865,0.3911023633021933,-4.002506777911122,6.267487176279589e-05,-2.331936406314885,-0.798843313633288,-0.3404301230083573,0.5145055333772833,41,0.4809259919049403,1.45,14.74,6.95,400.0,1101.55,0.00012581696834171487,True,True,True
22532,-4.008397331200887,0.43433099174976386,-9.228900095414538,2.734250766839562e-20,-4.859670432399987,-3.157124230001786,0.41192638209108257,0.13430308760671794,67,0.20600787104742235,0.345,0.85,0.42,2862.0,1101.1000000000001,4.1232501563940587e-19,True,True,True
21131,-1.4192807305877255,0.2504629087113837,-5.666630392060196,1.4563301548877053e-08,-1.910179011125181,-0.9283824500502701,0.8561266795631242,0.3951318180162302,40,0.3759852392452178,1.25,8.65,4.25,276.0,1098.8600000000001,5.6601697772439684e-08,True,True,True
85212,-1.2849992403545005,0.1619638737763172,-7.9338633387416335,2.1243185039264254e-15,-1.6024425997526737,-0.9675558809563275,-0.5803013052405436,0.5342748519743474,68,0.6560694846278778,0.21,1.7,0.85,2831.0,1096.56,2.032660091320463e-14,True,True,True
84989A,-0.6050636003580672,1.2351284597973111,-0.4898790854980058,0.6242194634624749,-3.025870897841225,1.8157436971250909,-0.27361132297309576,0.006017297232002061,62,0.27407789013524286,0.485,1.3,0.55,2120.0,1093.4200000000003,0.6387913619037813,False,False,False
20867,-0.5532076471774349,0.5808969922785217,-0.952333467948461,0.3409278895915735,-1.691744830770979,0.5853295364161094,0.056065867069043485,0.01915414517440106,56,0.34050736594623277,0.83,2.57,1.25,1098.0,1093.1399999999999,0.35982590810756776,False,False,False
85131D,-1.8989419277484774,0.23366261482035053,-8.126853879506836,4.405759456737713e-16,-2.3569122373298192,-1.4409716181671353,0.14623427360675806,0.31952132585794657,72,0.42567702713389644,0.38,2.51,0.83,1443.0,1092.71,4.489111662675994e-15,True,True,True
85093,-1.1793005607039584,0.4660543146567092,-2.5303929684088837,0.011393484043558789,-2.0927502322706064,-0.2658508891373105,-0.6164787210450741,0.18706989157491993,62,0.5362687641124286,0.38,2.57,0.9450000000000001,1361.0,1091.2099999999998,0.015113805363904517,True,True,True
20755,-2.5879364623937637,1.4710802265022744,-1.7592082442349126,0.07854214448409022,-5.471200724707247,0.29532779991971925,0.44978575532453613,0.12796807626065687,53,0.21070877751662861,0.64,1.66,0.85,5145.0,1089.73,0.09011073788953747,False,False,True
84509C,-0.7725095763991958,0.2515542848891228,-3.070945806944587,0.002133818762540214,-1.265546914938605,-0.2794722378597868,0.14973842074686577,0.08530991986382741,60,0.346908142844881,2.95,7.78,3.75,277.0,1085.96,0.0032255399898863703,True,True,False
20615,-0.5647445102321434,0.19852574768727144,-2.8446915163959474,0.004445445268458714,-0.9538478257030814,-0.1756411947612055,-0.04171008379245911,0.05926839187531485,80,0.4379321160483839,0.75,4.3,2.1,637.0,1077.81,0.006291039287571077,True,True,False
21850,-2.4224855727646584,0.1994853072761309,-12.143679180399053,6.197532244298362e-34,-2.813469590470781,-2.0315015550585356,0.8074677470458378,0.704228950235822,49,0.3754407202297194,1.25,8.29,4.95,447.0,1072.9799999999998,3.2450967445840035e-32,True,True,True
21758,-1.0694545797633672,0.19499617277337852,-5.484490103332799,4.1466369735827485e-08,-1.451640055522339,-0.6872691040043954,0.27448401917956455,0.2790458515933072,54,0.3185201534940753,6.2,12.72,6.45,135.0,1069.7600000000002,1.4860096378713842e-07,True,True,True
21827,-1.6482561507840052,0.8084952098964294,-2.0386715104906457,0.04148282294191452,-3.2328776438541587,-0.06363465771385202,0.506316793978793,0.09600574447485377,46,0.2312491687579686,1.06,2.57,1.25,835.0,1068.8899999999999,0.050448465319683146,False,False,True
84559B,-0.012743512574500127,0.554860340013077,-0.022967063341019806,0.9816765456616469,-1.1002497954497799,1.0747627703007796,1.1718534999775756,0.1311222326007574,75,0.2658358803235372,0.85,1.73,0.85,1199.0,1065.5499999999997,0.9816765456616469,False,False,False
21815,-0.37978758831775294,0.5027354697835384,-0.7554421980236985,0.44998370192356874,-1.3651310028443129,0.605555826208807,1.0592174658640399,0.14780085353580175,36,0.32187529999964787,1.45,3.04,1.45,679.0,1060.2400000000002,0.46792611746058727,False,False,False
85008,-1.0099529945942194,0.6084057648865825,-1.6599990547139085,0.09691464269938493,-2.2024063817584647,0.18250039257002615,0.3050546750956614,0.1383568492939825,47,0.3023858860293654,1.5,10.17,4.95,269.0,1058.7199999999998,0.11005066354719314,False,False,True
85163A,-1.3807668739534726,0.4104864703109451,-3.3637329700721597,0.0007689590490683327,-2.1853055719038954,-0.5762281760030501,0.3960120342749677,0.3283096352331172,39,0.31535776351997474,3.95,25.49,12.75,103.0,1058.17,0.0012560552924556388,True,True,True
85078,-0.9476791578834158,0.10587571646442263,-8.950864178584936,3.527101334715992e-19,-1.1551917489910586,-0.7401665667757731,1.3894072329524718,0.5902959459775668,63,1.1374081159034302,0.19,6.04,0.91,2258.0,1052.02,4.9248785303256625e-18,True,True,False
37327,-0.46465219531499846,0.19008566943051583,-2.444435694216539,0.014507894168387592,-0.8372132613759958,-0.09209112925400109,0.18263596258491288,0.10949303596922855,39,1.276926097049528,0.39,8.275,0.68,1739.0,1051.6899999999998,0.018925522842498693,True,True,False
22821,-3.287159096151645,0.2987022302404201,-11.004802654154505,3.6230832244451735e-28,-3.8726047095246594,-2.70171348277863,0.7284304740259151,0.6219722100811362,57,0.28235994106820933,0.42,1.28,0.65,1660.0,1047.4499999999998,1.1382519796798586e-26,True,True,True
22511,-1.4137201734089129,0.2620826609532942,-5.394176662686023,6.883846485275158e-08,-1.9273927498497914,-0.9000475969680344,-0.3976579231256786,0.3853152295904537,51,0.3026922451567507,0.79,5.685,3.75,397.0,1046.66,2.402972337915495e-07,True,True,True
21061,-1.9383794897937245,0.4738726718536819,-4.0905070178687994,4.3043118587693784e-05,-2.8671528598847082,-1.0096061197027406,0.2910191820728204,0.2304713849052824,82,0.27285013565601796,0.38,1.63,0.85,1396.0,1046.56,8.906287435543665e-05,True,True,True
84707A,-1.2016940314906088,0.24940846954577373,-4.818176518540654,1.448761732746833e-06,-1.6905256492395802,-0.7128624137416375,0.23879434785266307,0.4771759700270307,38,0.38305347705128906,1.95,20.38,9.95,125.0,1045.88,3.980926918699388e-06,True,True,True
22134,-2.125540604270528,0.4643675078855249,-4.577281071944665,4.710583545188153e-06,-3.035684195316776,-1.2153970132242795,1.0095400288188179,0.25825424551522735,96,0.26910120060599596,0.42,0.87,0.83,2354.0,1043.58,1.1804171727322006e-05,True,True,True
35646,-0.7596985084517471,0.25894107794487764,-2.933866323880326,0.0033476835297875447,-1.2672136953416864,-0.252183321561808,1.019432772139373,0.29591354463248687,39,0.641699236774552,1.25,8.47,1.855,642.0,1043.4399999999998,0.004860894570174484,True,True,False
18007,-3.1158012758774074,0.5177868480132984,-6.017536536187539,1.7709135292227658e-09,-4.130644849651987,-2.1009577021028276,0.6607761341956685,0.43298589099243867,43,0.47416499307914656,0.06,0.43,0.18,11396.0,1043.2199999999998,8.0632173975481e-09,True,True,True
22266,-0.7235989697097013,0.3849054962302761,-1.8799393014559507,0.06011635082490678,-1.47799987977256,0.03080194035315742,0.5700369832504444,0.16395024747249876,58,0.6073821050003588,0.19,1.28,0.65,2542.0,1040.1100000000001,0.07064795592577885,False,False,False
20671,-1.5875828235237308,0.34546514154561603,-4.595493532056121,4.3172618581696536e-06,-2.2646820588671703,-0.9104835881802914,-0.23807283015353567,0.167626039946705,50,0.29566809061259686,1.25,2.57,1.25,786.0,1038.7199999999998,1.0908898931165948e-05,True,True,True
85124A,-1.869422734045843,0.3335916859702453,-5.603924835862324,2.0955160861759594e-08,-2.5232504240895195,-1.2155950440021663,-0.04957879669145082,0.2631210357498268,33,0.3258716829408958,2.325,5.17,2.55,377.0,1037.13,7.963806093632427e-08,True,True,True
21725,-1.7018475800807709,0.39569027515652794,-4.300958822926721,1.7006066219993684e-05,-2.4773862684203096,-0.926308891741232,0.784336691121423,0.21591892124830225,80,0.30952584889272516,0.85,1.7,0.85,1135.0,1036.4299999999998,3.8622210632154334e-05,True,True,True
21664,0.5840160105152182,0.43562312764718264,1.3406450976776905,0.18003570778766664,-0.2697896305059544,1.4378216515363909,-0.38729856611866,0.035580759322514255,46,0.23207090818360862,3.39,7.62,3.75,258.0,1031.07,0.19765131577155015,False,False,False
84686,-1.6818795146901362,0.3725591460731155,-4.514395988979596,6.349747568206002e-06,-2.41208202310444,-0.9516770062758326,0.17601138390997362,0.5619925449596319,38,0.4146480796175347,0.79,8.65,6.36,389.0,1027.7900000000002,1.552435040994593e-05,True,True,True
20652,-1.726024364231121,0.36766798202464174,-4.694519100429691,2.672346418738846e-06,-2.446640367267939,-1.0054083611943032,-0.24944894611671037,0.3014950785304925,75,0.3768752426332002,0.15,2.57,1.25,1516.0,1027.29,7.0611278435783655e-06,True,True,True
85104,-0.9858494984583712,0.7925885986543099,-1.2438350742518727,0.21356026868916367,-2.53929460637789,0.5675956094611476,0.48149302533566574,0.08750024554737146,36,0.3071948038609959,1.25,5.91,2.95,351.0,1024.4899999999998,0.23095875300004218,False,False,False
84625C,-1.2581000573231267,0.3267939341708922,-3.8498268351126166,0.00011820136199503059,-1.8986043986642287,-0.6175957159820247,0.9456999228724138,0.29578606193143353,41,0.6225580390913756,0.85,6.04,2.95,770.0,1024.15,0.0002262026064574951,True,True,True
82616C,-2.042127484213819,0.5685308702860192,-3.5919377309915568,0.0003282282878494427,-3.1564275140736298,-0.9278274543540082,1.2339657749313435,0.36647865707331817,56,0.26396041992079244,1.25,2.95,2.51,632.0,1024.1,0.0005755444861359995,True,True,True
21417,-2.387469106758815,0.18987435263062724,-12.573942050000227,2.937057268205856e-36,-2.7596159995027025,-2.0153222140149274,0.20400706811649166,0.6175799092951826,67,0.31619153179884374,0.79,4.3,3.155,502.0,1023.8999999999999,1.9090872243338062e-34,True,True,True
35923,-1.3594291751975183,0.2714255838397244,-5.008478404895889,5.486202968078599e-07,-1.891413544006135,-0.8274448063889015,-0.10278836081713472,0.4189316363961124,57,0.5726241034209963,0.39,2.57,1.25,1545.0,1023.77,1.6467344896223184e-06,True,True,True
22247,-1.9425415007895024,0.6492070246668059,-2.9921757266666633,0.0027699676791861517,-3.2149638876468485,-0.6701191139321563,-0.8635018364750757,0.20601915845808771,47,0.323435645063422,0.79,1.66,0.85,1184.0,1022.79,0.00409216662084469,True,True,True
85180B,-2.057586765007836,0.32873523445832614,-6.25910017950533,3.8720508878761554e-10,-2.7018959849954856,-1.4132775450201862,0.17751637363879574,0.5311100952977719,37,0.42501492708453686,1.25,9.52,4.65,364.0,1022.16,1.8859989466786957e-09,True,True,True
72800D,-2.361496207542427,0.5618801890600981,-4.20284653832108,2.6357929040054812e-05,-3.4627611417267756,-1.2602312733580783,-0.30716918966237683,0.2786428946093713,56,0.29023861466384565,0.79,5.06,2.55,631.0,1020.21,5.7372628453237095e-05,True,True,True
22717,-2.6538904558569327,0.46191660951257657,-5.745388672334969,9.171008045242026e-09,-3.5592303743624347,-1.748550537351431,0.01954425451590308,0.4048000141581751,72,0.3126284751880104,0.39,0.85,0.42,2405.0,1018.4200000000001,3.701788043957435e-08,True,True,True
20839,-1.2175925504840246,0.10112283872834933,-12.040727552703462,2.1703303411233924e-33,-1.4157896724060415,-1.0193954285620077,0.255917682414855,0.4911802136729394,47,0.6769866996325901,0.85,9.52,2.95,633.0,1018.11,1.1056953224371877e-31,True,True,True
85031C,-2.663258242228296,0.4575689456747306,-5.820452343637654,5.868857554947613e-09,-3.5600768961947327,-1.7664395882618593,0.22202850354362494,0.44208606341821466,38,0.27408519454919555,1.25,4.95,3.36,481.0,1017.4800000000001,2.4475213475832412e-08,True,True,True
21814,-2.5556746933924446,0.42807725686801357,-5.970124907103906,2.3707201804366106e-09,-3.394690699454453,-1.7166586873304364,1.2196490284441306,0.395406809584382,42,0.3321082144853752,1.45,3.04,1.45,670.0,1016.53,1.0564556832442106e-08,True,True,True
22420,-2.086223851173466,0.5493099692059166,-3.7978991245859137,0.00014592768476231734,-3.1628516071658686,-1.0095960951810632,1.4610460117833883,0.31814189960878136,69,0.3271210642375129,0.39,0.85,0.42,2111.0,1014.75,0.00027262010483346694,True,True,True
20619,-1.2780431448418965,0.24678920351859787,-5.17868337277398,2.2345735888527976e-07,-1.761741095511674,-0.7943451941721191,0.3687328809604954,0.20453226026072946,82,0.40293057124514176,0.75,4.3,2.1,578.0,1014.4199999999998,7.224993507697296e-07,True,True,True
84596L,-1.6468280897245762,0.27005810425753835,-6.0980509888868,1.073695017560094e-09,-2.1761322478025145,-1.1175239316466379,-0.26172199264237506,0.3987010872625709,70,0.48816682223081526,0.42,2.57,1.25,1536.0,1013.96,5.009690861635587e-09,True,True,True
72586,-3.6458643754486757,0.541960430450242,-6.727178167638212,1.7298488186863778e-11,-4.708087300176975,-2.5836414507203767,0.645174512701878,0.48223661146857333,61,0.3032880604118761,0.42,0.85,0.635,2303.0,1010.1000000000001,1.0095247749918954e-10,True,True,True
21084,-1.414916509598543,0.21252850969882572,-6.657537436288534,2.7845349484405684e-11,-1.831464734296213,-0.998368284900873,-0.9308450415585561,0.3280655525624798,72,0.5496469481976021,0.19,1.7,0.65,2929.0,1008.81,1.5957014707982e-10,True,True,True
84905,-1.3813489459261188,0.06450806449067828,-21.413585368473274,9.982907218992361e-102,-1.5077824290402353,-1.2549154628120023,-0.03937089085053962,0.2590946320048586,44,0.3065084033677813,1.25,10.39,5.06,269.0,1007.91,4.704445026950151e-99,True,True,True
22643,-0.3518578554652727,0.3396257902794916,-1.0360163024595832,0.3001945370429917,-1.0175121726340297,0.3137964617034844,0.40927266416960295,0.04070758766614446,42,0.22145131111447114,0.79,3.755,2.55,464.0,1006.24,0.3202414840554835,False,False,False
47310M,-1.3340479099570615,0.3475198894085353,-3.8387670766918025,0.000123653663203304,-2.0151743771091333,-0.6529214428049898,0.18524087181734333,0.16543818904092966,71,0.39923850650407694,1.05,3.43,1.25,746.0,1004.9399999999998,0.00023591817321682999,True,True,True
21427,-1.479541828772521,0.29355408405053374,-5.04009962442841,4.652895705846252e-07,-2.054897261026211,-0.904186396518831,0.3316349949337793,0.3923647718318697,62,0.41110441553920807,0.85,5.06,2.1,507.0,999.0600000000001,1.419208479857635e-06,True,True,True
21250,-1.8440632267714743,0.6255246827972812,-2.9480263169232837,0.0031980983797485546,-3.070069076494987,-0.6180573770479616,-0.044044812021312996,0.16099002438163823,41,0.30278934015553893,1.66,5.91,2.95,402.0,997.55,0.004676815706614449,True,True,True
20705,-1.8707536248572638,0.2630256587149619,-7.112437752259674,1.1401096303576362e-12,-2.3862744429485128,-1.3552328067660147,-0.10169506727216004,0.6359421039092414,40,0.329510413040979,1.95,6.95,6.95,273.0,996.19,7.594016442488142e-12,True,True,True
20782,-0.8254225767773906,0.3472658873340105,-2.376918110541261,0.017457963383321496,-1.5060512090113953,-0.1447939445433859,0.7534820610742228,0.2205420870336029,36,0.32195517156029707,4.21,11.26,5.49,155.0,995.48,0.022432352404608738,True,True,False
85170C,-1.4933150109856046,0.33592266269414994,-4.445413116843606,8.772312905665364e-06,-2.1517113314569354,-0.8349186905142739,0.3173182081134749,0.22534485393831383,60,0.3481444950325223,0.85,4.3,2.46,543.0,993.03,2.098453023753707e-05,True,True,True
20617,-0.394389718324583,0.3790242865136645,-1.0405394386524742,0.29808935099547307,-1.137263669157356,0.34848423250818994,0.4352310517073095,0.035148092187686886,66,0.34258511771611816,0.83,4.21,2.1,498.0,992.99,0.3181757795166856,False,False,False
21721,-1.7456539215215432,0.5781764844259172,-3.019240609992704,0.002534091879691082,-2.8788590077043246,-0.612448835338762,0.7791546860252523,0.24000974318144785,58,0.3177599111445193,0.72,1.7,0.85,1090.0,990.4999999999999,0.0037731146865858526,True,True,True
84660C,-1.5436849941537019,0.23654797899463617,-6.525885364629159,6.760100991247115e-11,-2.007310513598926,-1.0800594747084777,0.4069746435809314,0.57438966309614,45,0.5555103251185729,0.79,7.78,3.75,725.0,987.9799999999999,3.6201109001422763e-10,True,True,True
21636,-1.5207839284636298,0.1274994924101485,-11.92776457157551,8.482071135855944e-33,-1.7706783416346588,-1.2708895152926007,-0.44905021745722085,0.6122591711360104,48,0.7647166058928235,0.75,5.17,0.75,1014.0,985.74,3.8996839246557205e-31,True,True,True
82613B,-1.6414641628808968,0.38418442966305844,-4.272594192118904,1.9321189427773763e-05,-2.394451808441553,-0.8884765173202407,-0.21721664401233173,0.28197080699694066,89,0.346139863570898,0.42,2.57,1.855,896.0,985.5699999999999,4.310883355747088e-05,True,True,True
85025B,-1.8879605878698613,0.4305462232917995,-4.385035765579833,1.1596672317592768e-05,-2.7318156792015285,-1.0441054965381942,0.5421378989398258,0.2704029591523537,54,0.34014461018064984,1.45,3.43,1.65,570.0,985.4,2.7222574493975552e-05,True,True,True
22529,-3.826898934663451,0.38820114521599175,-9.858031028049126,6.327805772468806e-23,-4.587759198043998,-3.0660386712829037,0.029671821483208793,0.2653156195555044,65,0.27494681448715724,0.39,0.85,0.42,2437.0,984.03,1.2689270086280532e-21,True,True,True
35653,-1.649062062194515,0.4061377203802952,-4.060351894057963,4.899881098309313e-05,-2.4450773669030927,-0.8530467574859372,0.31110588845036774,0.3014686277209957,52,0.35884537670930156,2.46,6.04,2.95,311.0,982.5300000000001,0.00010028529718038061,True,True,True
85019B,-1.4180152578535212,0.3407335855223973,-4.161653908227111,3.159509444328189e-05,-2.085840813800618,-0.7501897019064242,0.05673486134360095,0.3012068985903802,34,0.7166143835125982,1.25,8.29,1.25,718.0,982.47,6.790963856965377e-05,True,True,True
20661,-1.3685493864047003,0.12957423884296465,-10.561894081919254,4.4753894660874836e-26,-1.6225102278611019,-1.1145885449482986,0.7500035047173155,0.3533432939911726,58,0.3888118149055475,0.17,6.04,2.51,898.0,980.06,1.0815524543044751e-24,True,True,True
22108,-0.46304026280112853,0.5111650677885092,-0.905852711736374,0.36501381658279586,-1.464905385821582,0.5388248602193249,1.0512129133000472,0.2156187232273452,59,0.297657182388031,1.25,7.78,3.36,313.0,978.74,0.3833153449908469,False,False,False
82616B,-2.2459454677613473,0.3205715079762251,-7.006067014314684,2.4511054769289653e-12,-2.874254077864443,-1.6176368576582516,0.9597939516426051,0.48676019157852013,55,0.28222154041756575,1.25,2.95,2.51,606.0,977.5500000000001,1.5556679542124914e-11,True,True,True
21208,-1.011271440355586,0.11428072944660585,-8.84901107345549,8.829821284555377e-19,-1.2352575541978994,-0.7872853265132725,-0.017618111904411884,0.5006637077340413,69,0.6940920841574199,0.39,3.36,1.65,1078.0,976.91,1.1804406469068714e-17,True,True,True
71279,-1.136726515208936,0.31998940770610024,-3.5523879473316256,0.00038175157158875094,-1.7638942297471962,-0.5095588006706759,0.27379855957008936,0.2024710466780959,53,0.3258833903710355,2.95,6.04,2.95,293.0,972.1100000000002,0.0006583730214499502,True,True,True
21562,-1.11338763095176,0.2198044408684353,-5.065355488509816,4.0763891981257603e-07,-1.5441964186958572,-0.6825788432076629,-0.626095431279758,0.15855646522068367,51,0.43731996616946694,1.06,4.21,1.25,678.0,970.2800000000001,1.2576094334643304e-06,True,True,True
22104,-2.4521998143408323,0.29250725399271754,-8.38338120121248,5.1428580047600947e-17,-3.0255034973832684,-1.878896131298396,0.9562033439805175,0.3992516707156246,65,0.29157177638926357,0.42,3.43,1.555,1187.0,968.0799999999999,5.839932131911313e-16,True,True,True
20830,-0.21282601689019115,0.3792013683512087,-0.5612480192663122,0.5746284718899062,-0.9560470417468669,0.5303950079664845,0.41268821230450264,0.031380335544640814,54,0.3199852308947228,2.1,4.21,2.1,407.0,964.6100000000001,0.5896432604858319,False,False,False
90175A,0.28390322732333106,0.14978995603871326,1.8953422167368565,0.0580470786010458,-0.0096796917583849,0.577486146405047,0.01802160858890669,0.006215450882107398,45,0.11193964584785095,2.5,9.55,9.15,107.0,964.4499999999999,0.06855810975123516,False,False,False
20774,-0.4915654908144797,0.2843204394079856,-1.7289136575549104,0.08382454932976187,-1.0488233121227342,0.06569233049377482,0.726042730673085,0.05881908338364672,54,0.2059233127809464,1.63,3.43,1.65,3484.0,962.4799999999999,0.09593762931791203,False,False,False
85130D,-1.3231036565773937,0.4167751879925862,-3.1746219417479566,0.00150031836029719,-2.139968014692773,-0.5062392984620143,-0.43818901315392517,0.2378095211822603,67,0.4736984979077996,0.79,3.43,1.65,788.0,958.85,0.0023411424744703667,True,True,True
22512,-1.020195110545382,0.2746825665711681,-3.7140875858281217,0.00020393815816451935,-1.5585630482058972,-0.48182717288486665,0.5966462950385979,0.26396184983634996,41,0.3997510153560623,0.79,7.62,3.75,384.0,956.1700000000001,0.0003689284339156612,True,True,True
85111,-1.2128212552879682,0.21157892587501542,-5.732240346112778,9.911269160392703e-09,-1.6275083298906683,-0.7981341806852682,-0.3301716691157839,0.4446385295444163,44,1.0253055527718695,0.29,2.51,0.29,2907.0,954.1500000000001,3.9750515675192016e-08,True,True,True
85032B,-1.2968288968069555,0.20489164357741602,-6.3293401046732445,2.462118812441648e-10,-1.6984091389519083,-0.8952486546620027,0.3699193236958285,0.42481610474988407,53,0.6933392454473848,0.65,4.21,1.14,982.0,953.34,1.234333500386305e-09,True,True,True
21060,-1.4260562660162521,0.7258893808126756,-1.964564165988623,0.04946470283717504,-2.8487733091691765,-0.003339222863327773,0.44305626308384266,0.09260563094668206,75,0.2163394783470654,0.785,1.66,0.85,1276.0,952.55,0.05924022799473346,False,False,True
17012C,-1.537048858734081,0.42229293818284397,-3.639769268574818,0.00027288244871822486,-2.3647278084980545,-0.7093699089701073,-0.23303296902220427,0.3587352170208895,60,0.47195583219562925,0.85,5.06,2.46,856.0,950.4000000000001,0.00048253603736759273,True,True,True
21129,-1.4971638109710093,0.24989235939378165,-5.991234844486665,2.0825365242337163e-09,-1.9869438353945608,-1.0073837865474577,-0.10506747547357997,0.25734943439506963,41,0.28009399163357157,6.95,13.0,6.95,124.0,949.44,9.34662225757275e-09,True,True,True
22953,-0.8112727464146468,1.0251900786503922,-0.7913388583340992,0.42874627853617275,-2.820608377877201,1.1980628850479076,-0.1380502777395055,0.01540392162135451,46,0.2020713603274988,0.83,2.46,1.25,760.0,948.55,0.4467588363961778,False,False,False
85032C,-1.3360620243673367,0.21235878549451764,-6.2915316701216915,3.14348663861229e-10,-1.752277595737258,-0.9198464529974153,0.21366792948191082,0.38023961089820635,57,0.594404250800515,0.65,4.21,1.63,886.0,946.59,1.549552181210883e-09,True,True,True
21641,-2.0411861023095534,0.22661672176149864,-9.007217501177108,2.113506278082154e-19,-2.4853467152566253,-1.5970254893624818,0.3434624819310468,0.4458376801712265,59,0.3942016869927833,0.29,1.7,1.255,1666.0,946.31,2.9731039807349705e-18,True,True,True
85031A,-1.8202689564776464,0.21828437528198746,-8.338979618335754,7.49343260198677e-17,-2.2480984704181672,-1.3924394425371258,-0.32672206206958665,0.3449565098545595,44,0.3105671553691308,1.25,4.95,3.36,477.0,943.4400000000002,8.212279334154106e-16,True,True,True
20998,-0.2100943393118388,0.30090393118365233,-0.6982106830090258,0.4850454464891405,-0.7998552072383163,0.3796665286146386,0.06951336712894379,0.0056082501987982925,71,0.2718674599716338,1.63,5.91,2.95,324.0,942.2600000000001,0.5012668128465076,False,False,False
22096,-1.5756933138352764,0.27339233666277196,-5.763487495916486,8.239336015157962e-09,-2.111532447343559,-1.039854180326994,0.14064938623892026,0.4089687586302254,69,0.5367363327801327,0.39,2.57,1.25,1667.0,938.8599999999999,3.340031911521023e-08,True,True,True
85124B,-1.4571799058217434,0.29714724428736916,-4.9038984336415865,9.395308237425319e-07,-2.0395778027303124,-0.8747820089131745,0.7518634792143246,0.20121218253380102,63,0.2895389929357459,2.55,5.06,2.55,353.0,938.47,2.7162815993169826e-06,True,True,True
85226A,0.3026282475161478,0.40065882904590727,0.7553265411292679,0.45005307743026246,-0.4826486275018209,1.0879051225341165,1.595463446056295,0.21869417352230358,41,0.479215185331744,0.55,1.7,0.55,1714.0,933.07,0.46792611746058727,False,False,False
21726,-1.5437705178838161,0.6936033645548132,-2.225725244102124,0.026032590783044825,-2.9032081319670553,-0.18433290380057676,0.5527514493855019,0.06630648112800153,63,0.22874691409251824,0.785,1.66,0.85,1077.0,930.9900000000001,0.03247613079155493,True,True,True
21720,-2.985817592210383,0.7253700405220992,-4.116268146477738,3.850562993210747e-05,-4.407516747098057,-1.5641184373227088,0.8668492769995515,0.4152260496608453,45,0.24963236293630786,0.785,1.66,0.85,1068.0,929.8100000000002,8.118916378302303e-05,True,True,True
21014,-1.7620543769558386,0.42900413673179455,-4.107313254318203,4.0028818203886646e-05,-2.6028870341688526,-0.9212217197428243,1.5128556883089694,0.5985928822612343,45,0.4221647528580938,0.29,1.66,0.85,1850.0,928.09,8.393139300814941e-05,True,True,True
20831,-1.53739221063764,0.41153163733759746,-3.735781337696887,0.00018713322822615008,-2.34397939831813,-0.7308050229571501,-0.32308107543442155,0.31465765327728656,53,0.3661752304893447,0.79,4.21,2.1,474.0,927.9599999999999,0.0003419775185656872,True,True,True
20775,-2.2451647215977624,1.65840390825346,-1.3538105587089737,0.1757968241792187,-5.495576653595013,1.0052472103994874,0.4394060703199172,0.19745772432351316,55,0.2543902640112802,0.9,3.43,1.65,3604.0,926.54,0.19333548050048266,False,False,True
72800C,-2.276889429262697,0.17965277710101793,-12.673833747542977,8.257773762074401e-37,-2.6290024021032945,-1.9247764564220997,-0.030664413157862058,0.5311257432247964,49,0.3756522652735823,0.79,5.06,2.55,660.0,924.84,5.76514945981861e-35,True,True,True
82607A,-0.6696052526079359,0.3668288229323095,-1.825388875539634,0.0679423668422267,-1.388576534046483,0.049366028830611364,0.404829663565375,0.09839945155114205,41,0.31157993117227467,1.06,2.57,1.88,663.0,923.72,0.07895891584315494,False,False,False
84341B,-1.2942261285058314,0.498845363935357,-2.594443533153781,0.009474417517371112,-2.2719450756739072,-0.3165071813377557,0.9740861589099536,0.23633524087585167,38,0.5385644127053547,0.38,1.7,0.85,1757.0,922.18,0.012774876266269346,True,True,True
22703,-1.7760403080847391,0.4257175439199709,-4.171874834499681,3.0210358182635113e-05,-2.610431361754731,-0.9416492544147474,0.017036728886787533,0.2580673418526651,57,0.34495049997134747,0.59,4.21,2.1,513.0,921.8100000000001,6.515620729321189e-05,True,True,True
20903,-1.366504672481696,0.11355506329426711,-12.033850652176818,2.358963434503417e-33,-1.5890685068006258,-1.1439408381627663,0.22094720875273588,0.6853733033863492,47,0.45768357299645906,1.95,13.0,6.35,187.0,919.8,1.1701700194839317e-31,True,True,True
22647,-2.0665531484559967,0.2116638096648306,-9.763375003636103,1.6168310588203156e-22,-2.4814065922296056,-1.6516997046823878,0.16488513216748119,0.5462289894398447,45,0.511202678575308,0.39,3.36,1.45,1058.0,919.6299999999999,3.047726545876295e-21,True,True,True
85130B,-1.963812757744297,0.29854442541426585,-6.577958221860192,4.769521878676794e-11,-2.5489490793414626,-1.3786764361471315,-1.1337649986605476,0.5256774392662098,51,0.5727815075906996,0.79,3.395,1.65,911.0,918.3299999999999,2.6288154214344315e-10,True,True,True
84600,-0.7756702340125181,0.3948335974126909,-1.9645497219472088,0.049466376055018815,-1.5495298648277793,-0.0018106031972568992,-0.28995553201120905,0.09371832495051735,36,0.32893727801063594,6.95,16.48,7.95,108.0,918.27,0.05924022799473346,False,False,False
21264,-1.047800304941879,0.24567655041415284,-4.264958552924706,1.999393138738514e-05,-1.5293174955996574,-0.5662831142841005,0.8467158128567629,0.4365320867683661,33,0.7549880740413829,1.95,9.95,1.95,391.0,917.85,4.439170867517196e-05,True,True,True
85019A,-1.6456884529567228,0.1808503229332753,-9.099726371867742,9.055969533680627e-20,-2.0001485724983805,-1.2912283334150652,-0.142406828538723,0.4502348414439108,41,0.722662084997553,1.25,8.47,1.25,647.0,915.04,1.3232947729448046e-18,True,True,True
21320,-2.0835045525295173,0.32893688197857673,-6.3340557616923405,2.3879914527340574e-10,-2.72820899439443,-1.4388001106646047,-0.014890997312861143,0.4526072901048557,35,0.36915848317980704,0.79,5.17,2.55,398.0,913.34,1.2035732321935022e-09,True,True,True
37482P,-0.804024612836766,0.18513615782446294,-4.342882677726859,1.406252403991214e-05,-1.1668848144088366,-0.4411644112646953,-0.06394224523719327,0.44315658803812275,35,1.1775144569941431,0.39,16.98,2.55,667.0,906.3100000000001,3.240569415065328e-05,True,True,False
46776C,-0.9141969962272529,0.18322371360454698,-4.989512428507866,6.053187993373766e-07,-1.2733088760058466,-0.5550851164486593,0.3797672241108358,0.07671629823270976,51,0.3011908359851005,1.25,13.0,4.21,258.0,905.0999999999998,1.8025686204596441e-06,True,True,False
22248,-2.395676576570409,0.4577081036297794,-5.234070704826695,1.658169751766135e-07,-3.2927679751169032,-1.4985851780239148,-0.405195483451821,0.32940156784932717,65,0.3274059835715192,0.785,1.7,0.85,1013.0,901.4999999999999,5.445383244040356e-07,True,True,True
21318,-1.892955040309693,0.1388425355020642,-13.633826503273198,2.520120632933953e-42,-2.1650814094159627,-1.6208286712034234,-0.009069274042122127,0.5349123844368229,47,0.42327067427404336,0.39,3.43,1.65,972.0,900.42,3.3931624236289293e-40,True,True,True
84660B,-1.6697926368285527,0.15281282676607638,-10.927045014255555,8.559033708433324e-28,-1.9693002736658207,-1.3702849999912847,0.16840564860960572,0.645895567479666,38,0.6419526453857861,0.79,7.78,3.75,745.0,899.48,2.560917228634415e-26,True,True,True
84820,-1.5645221511709737,0.12851252908620095,-12.174082654007659,4.271697089358374e-34,-1.8164020797420837,-1.3126422225998637,-0.29805926916026065,0.7141312660976655,39,0.4138001253172223,0.79,11.87,5.95,323.0,899.3699999999999,2.3006140038401531e-32,True,True,True
20941,-1.6358814734574687,0.394001899817728,-4.151963414933419,3.2963496707117544e-05,-2.4081110069405742,-0.8636519399743634,0.6928459399152108,0.23375789763728028,57,0.338577943466809,0.38,2.57,1.25,998.0,896.28,7.036941256275943e-05,True,True,True
85031B,-1.9929746585896055,0.26060229375800387,-7.647571438646999,2.048104689713194e-14,-2.5037457686438205,-1.4822035485353906,0.7087271003888356,0.2726294447713947,39,0.2741225667790268,1.25,4.95,3.36,496.0,896.0900000000003,1.7312454439952335e-13,True,True,True
21676,-2.5659324604814677,0.20334374014966733,-12.61869413138984,1.665603196786029e-36,-2.964478867656487,-2.1673860533064486,0.6249824463763426,0.5987077379534682,77,0.35753212761945236,0.38,1.7,0.85,1193.0,893.7199999999999,1.1213078664077375e-34,True,True,True
20757,-3.885446905488327,1.7077546674117252,-2.275178618821821,0.02289521694941983,-7.232584548045487,-0.538309262931167,0.9422841622870395,0.23339579535022392,40,0.21986729328467006,0.64,1.63,0.85,5347.0,890.7,0.028801810995195232,True,True,True
85194S,-0.6867897686330013,0.2827149478452996,-2.4292658519379375,0.015129433893418236,-1.2409008843009084,-0.1326786529650944,-0.4055340970046486,0.08930272392081928,54,0.597580266445176,0.19,1.66,0.65,1760.0,889.46,0.0196276551198165,True,True,False
21220,-1.322673727491647,0.3461597289619995,-3.820992498052385,0.00013291569572452202,-2.0011343291553123,-0.6442131258279813,0.735197757385619,0.17070591453325668,73,0.3549625996253969,0.83,2.57,1.25,659.0,888.68,0.00025104818280633666,True,True,True
21724,-1.7384450795638755,0.5129115780178626,-3.3893660312408325,0.000700544304970993,-2.743733299732492,-0.7331568593952589,0.657987086684994,0.17888941209851095,76,0.2974255780000285,0.79,1.7,0.85,996.0,888.34,0.0011502839850786775,True,True,True
85214,-0.777344796248175,0.7047269717897221,-1.1030439125581257,0.27000809584183794,-2.158584279890005,0.603894687393655,0.35077252888509414,0.035384286939729725,64,0.24870001845467418,1.63,3.36,1.65,514.0,886.23,0.28918480719424117,False,False,False
84086C,-3.214947758607833,0.6876172936480169,-4.675489968484601,2.932526127466066e-06,-4.562652889304848,-1.8672426279108174,0.48251403946807264,0.2875766196242504,49,0.1850364635841431,2.46,4.3,2.95,297.0,884.7499999999999,7.635099102587755e-06,True,True,True
22164,-1.0581885224530858,0.8055243722301274,-1.313664190598538,0.1889592366859958,-2.636987280693372,0.5206102357872004,1.7161942798667664,0.2822215381257508,31,0.3162485208519598,2.1,6.04,2.95,315.0,883.22,0.20636625791025612,False,False,True
21062,-2.2143865412178436,0.380633187076994,-5.817639177032454,5.9684562730798255e-09,-2.9604138792094488,-1.4683592032262385,0.24685415372618805,0.11055656207793696,73,0.1668814742301553,0.38,1.66,0.85,1053.0,875.8700000000001,2.4780925274791786e-08,True,True,True
20803,-1.6943270969556132,0.08267846356360668,-20.492967865230387,2.4875726076462414e-93,-1.8563739078373895,-1.532280286073837,-0.4726036338687696,0.6528102169548713,47,0.5103947554382705,0.39,3.43,1.65,1149.0,874.46,9.378148730826331e-91,True,True,True
21293,-1.1922358329426563,0.40829077941713654,-2.920065534285775,0.0034995778488285333,-1.9924710558200316,-0.3920006100652811,-0.17204152035672893,0.18549480510257443,45,0.3349830260177167,2.1,4.3,2.1,343.0,872.3399999999999,0.005051075225912546,True,True,True
21147,-1.6122434825462955,0.40905160822517184,-3.9414182712583274,8.100123515731382e-05,-2.4139699024858206,-0.8105170626067705,0.9504623048643883,0.2663844066765909,39,0.25586627343003915,1.63,4.21,2.1,477.0,870.4800000000001,0.0001604118558686934,True,True,True
17012B,-1.4980634667787116,0.347598318692376,-4.309754639821763,1.6343577390053845e-05,-2.1793436525024443,-0.8167832810549788,0.5903119441779053,0.35280217808507275,58,0.48293231598247877,0.85,5.17,2.46,721.0,867.45,3.725228945616868e-05,True,True,True
35954,-0.8608382889705607,0.15581199938115425,-5.524852337365492,3.2976283634522755e-08,-1.1662241961168003,-0.5554523818243211,1.4636971303388688,0.5542633072333174,38,1.1711579301850426,0.19,3.43,0.42,2181.0,850.49,1.2140682549038165e-07,True,True,False
21376,-1.5891099473898322,0.22387218214355004,-7.098291231068951,1.263088042363892e-12,-2.0278913615315814,-1.150328533248083,0.29471541081307684,0.35952580212265983,35,0.34470662059282325,1.95,11.26,5.45,183.0,849.91,8.354108631073462e-12,True,True,True
21458,-2.5675222620212437,0.5104183053140818,-5.030231547909199,4.898878556200497e-07,-3.5679237574868132,-1.567120766555674,-0.11456939520611942,0.5043238163649864,31,0.3277071766335957,0.7,2.46,1.25,768.0,849.2399999999999,1.4846279868871281e-06,True,True,True
84951A,-1.1964215213617344,0.2582508778572791,-4.6327878196910905,3.607742484887177e-06,-1.702583940937854,-0.6902591017856148,0.08548650317110523,0.31494268422233274,60,0.5903698066684346,0.79,5.06,2.46,622.0,848.76,9.265115237074017e-06,True,True,True
20897,-0.19828320976844221,0.6492077067736646,-0.30542337637031525,0.7600437200489014,-1.4707069335306648,1.0741405139937805,0.35921883051354425,0.011608917991584256,44,0.34857481627830045,2.46,6.04,2.95,351.0,848.6999999999999,0.7719194031746655,False,False,False
22547,-1.7784117903725312,0.40292193809283156,-4.413787441781818,1.0157769524067919e-05,-2.568124277615558,-0.988699303129504,0.007014529464650393,0.15100863789730623,76,0.33042914569661935,0.305,0.85,0.42,1980.0,846.8199999999999,2.3934244441085034e-05,True,True,True
22229,-0.39224820373208324,0.40935371933827447,-0.9582133621899356,0.3379551806215578,-1.1945667505726187,0.41007034310845214,-0.07767197104473694,0.017038766159138685,56,0.41992504924155855,0.39,1.66,0.85,1007.0,845.3,0.3570882934258052,False,False,False
22820,-3.7748761741852697,0.7517014758922841,-5.021775658620889,5.11959606024093e-07,-5.24818399405975,-2.301568354310789,0.24956483062863422,0.42495748095892427,46,0.22813199601934436,0.42,1.28,0.65,1353.0,845.1299999999999,1.5486520747663072e-06,True,True,True
37423,-2.06846867290833,0.25197325795222564,-8.209080160802277,2.2288939490128325e-16,-2.562327183561913,-1.5746101622547473,1.4446422985109937,0.6041063809093157,39,0.3580173508581302,0.1,1.7,1.66,6168.0,843.88,2.334147274382883e-15,True,True,True
20936,-1.7417694842747729,0.30162365358462334,-5.774644871431156,7.711555572848755e-09,-2.3329409821860203,-1.1505979863635254,0.4490188932232495,0.328015447998969,53,0.3590367565957131,1.25,5.91,2.95,333.0,843.39,3.1532065628676574e-08,True,True,True
21128,-1.241038668865848,0.11653293924550846,-10.649681342467995,1.7496294447994808e-26,-1.4694390327996387,-1.012638304932057,-0.06083496555196172,0.6275755071839895,45,0.36074678539260474,1.95,12.72,9.705,126.0,841.6300000000001,4.397402004596029e-25,True,True,True
85071C,-0.932774531423044,0.14162099590491273,-6.586414150408377,4.50575885315332e-11,-1.2103465828513675,-0.6552024799947206,-0.6654959483572193,0.33523460636125346,63,0.7791229224289675,0.38,5.06,2.55,1285.0,837.2300000000001,2.506237905338173e-10,True,True,False
85208,-2.220513540186807,0.5276512862671235,-4.208297407736578,2.5730207177049634e-05,-3.2546910576666033,-1.1863360227070106,-0.23810056636425153,0.169964616529793,49,0.27684372685350533,1.63,4.21,2.1,420.0,836.94,5.607102951299256e-05,True,True,True
47563A,-0.8336050450238857,0.20569512630912226,-4.052624191839768,5.064632306969655e-05,-1.2367600843851827,-0.4304500056625887,0.5090114155812273,0.2893823677131916,64,0.47913551953308153,1.25,7.46,3.36,343.0,836.62,0.00010298632037365479,True,True,False
47367B,-1.0475054145779181,0.7503695800203846,-1.3959859814006073,0.16271871667026994,-2.518202766512318,0.42319193735648164,0.5813044970417401,0.06256219106711325,61,0.16610583666983147,2.95,7.78,3.36,242.0,834.9499999999999,0.1793712169143034,False,False,True
84849A,-1.3015181155886975,0.34695753497923554,-3.7512317340696746,0.00017596796535771704,-1.9815423883127952,-0.6214938428645997,0.3725908111825667,0.1286763478614027,64,0.32167014216535406,1.45,3.36,1.69,470.0,833.57,0.0003242420476043955,True,True,True
85213,-1.4406328446270487,0.2584184729913058,-5.5748059647249635,2.4780591320675627e-08,-1.9471237446298448,-0.9341419446242526,0.415386563274509,0.3546988776206884,47,0.4360301023281399,0.29,1.7,0.85,1378.0,829.0000000000001,9.356248674180626e-08,True,True,True
20894,-1.5472672879668652,0.3697216617560409,-4.184951675857777,2.852267724308224e-05,-2.2719084293130054,-0.8226261466207252,0.0803983900590621,0.14273693763953121,43,0.2737749709896375,2.95,5.91,2.95,267.0,827.3000000000001,6.187024925570774e-05,True,True,True
22510,-1.4555401917940636,0.2991399763352216,-4.865749505050971,1.1402386177088017e-06,-2.0418437717472617,-0.8692366118408652,0.1598421999809832,0.4639426913619261,52,0.40319419287531555,0.79,7.62,3.75,316.0,821.57,3.206474746091618e-06,True,True,True
21654,-0.8212338445714132,0.2970877072575622,-2.7642807982608284,0.0057048422844153115,-1.4035150510458139,-0.2389526380970125,0.421378986998885,0.2279175838613664,46,0.6562234587370597,0.39,3.43,1.45,1183.0,820.2099999999999,0.007936256609684769,True,True,False
82613C,-1.6494979642351397,0.4953660302608267,-3.3298568401362205,0.0008689064634907058,-2.6203975427109385,-0.6785983857593408,-0.26182789454343336,0.2766832861897862,80,0.32007459556191226,0.42,2.57,1.88,770.0,820.01,0.0014059130332017,True,True,True
21375,-0.9596547451857204,0.34471119442599896,-2.7839384409424355,0.005370322561188992,-1.6352762713284625,-0.2840332190429782,-0.8250998183063619,0.26911859893875256,42,0.3487993508218668,1.25,11.26,9.5725,134.0,817.5999999999999,0.00749856150210463,True,True,False
22289,-2.2096783141691665,0.6754852573348737,-3.2712458046641157,0.0010707479932444393,-3.5336050906332894,-0.8857515377050436,-0.41887666362098525,0.22751660638188753,42,0.33797018798989487,0.7,2.57,1.25,764.0,817.48,0.001710474548530312,True,True,True
85187,-2.166259442016619,0.6458066163282321,-3.3543469317998045,0.0007955255290907526,-3.4320171509976305,-0.9005017330356073,-1.0572010590136705,0.25374226706668546,38,0.30781059649788917,1.45,3.36,1.65,479.0,816.4799999999999,0.0012960809181815631,True,True,True
21719,-2.033046737047194,0.3845214085194602,-5.287213382669964,1.24193737709344e-07,-2.7866948490299492,-1.279398625064439,0.30896432016490083,0.205180014494599,76,0.2990206110138544,0.72,1.7,0.85,906.0,813.1399999999999,4.1804499211091685e-07,True,True,True
21374,-0.828209335371359,0.23025113311643836,-3.5969826691473097,0.0003219299239726655,-1.2794932636791159,-0.37692540706360206,0.39158149932976555,0.2179494830104477,49,0.6911031618074565,1.25,7.62,2.5,470.0,809.67,0.0005666086897184636,True,True,False
20769,-2.143502984804076,0.49269489199789696,-4.350568718324007,1.3578489204795105e-05,-3.1091672284868057,-1.177838741121346,0.3925115474910462,0.2746854276053433,47,0.27952370897312173,0.85,5.06,2.55,438.0,808.8099999999998,3.148272097298742e-05,True,True,True
47594B,-1.0476562372547216,0.5243555211895106,-1.9979883779579422,0.045717920134826555,-2.0753741738808915,-0.01993830062855162,-0.44808412169105877,0.07889750118314198,57,0.3181512544989631,1.63,4.3,1.95,408.0,808.3900000000001,0.05517175381187456,False,False,True
21454,-2.117177060999117,0.6608392672500883,-3.2037700631943404,0.0013564075919409572,-3.41239822437913,-0.8219558976191044,-0.46716306061166457,0.11168526744487473,60,0.2584509866055994,0.83,1.66,0.85,937.0,807.5999999999999,0.002128916162205416,True,True,True
22344,-1.5731495008820435,0.33994232434346944,-4.6276953124923965,3.6975746496680598e-06,-2.2394242134160773,-0.9068747883480097,-0.035812327676322475,0.37245793745256717,62,0.42001904735128565,0.19,1.66,0.85,1580.0,807.32,9.482895530101079e-06,True,True,True
20901,-0.5351052497943518,0.26910914021428495,-1.9884320888107359,0.0467639228165097,-1.0625494725248898,-0.0076610270638137745,-0.004384788476245516,0.09602848033952271,34,0.3169818577994662,4.13,13.0,12.72,91.0,806.5799999999999,0.056253985009011354,False,False,False
17012A,-1.5852610968747345,0.2655656761425847,-5.9693749580182685,2.381642061420847e-09,-2.1057602576442283,-1.0647619361052407,0.44929814773802557,0.4697297984902188,53,0.5198383958609305,0.85,5.17,2.46,726.0,806.16,1.0588196428722398e-08,True,True,True
22135,-1.2596205398173994,0.4326566503786304,-2.9113629449936087,0.0035985574158660305,-2.107611992231253,-0.411629087403546,0.6735262628367332,0.14498857661841824,96,0.2858100460065335,0.42,0.87,0.83,1624.0,806.1499999999999,0.0051820326424044825,True,True,True
84920,-1.3115003117192725,0.3069593098120253,-4.2725542760778445,1.932464952576281e-05,-1.9131295036701146,-0.7098711197684305,0.1402093560961819,0.21922504861250536,50,0.3470001405470174,2.95,7.78,3.75,201.0,805.38,4.310883355747088e-05,True,True,True
37333,0.30975312430540924,0.21114484291331378,1.4670172381741733,0.14237136607311054,-0.10408316332605305,0.7235894119368715,0.08618014436423208,0.041163023730894976,37,0.5122904521134145,1.95,11.26,4.95,145.0,805.1000000000004,0.15833039825829698,False,False,False
21222,-1.809633963093677,0.29549307365514543,-6.124116348004849,9.118824763226034e-10,-2.3887897451388036,-1.2304781810485506,0.5391008672671489,0.2502526214258287,68,0.33587156035847604,0.83,2.51,1.25,621.0,804.6499999999999,4.318840371527908e-09,True,True,True
84951B,-1.2457279388568936,0.28087740462852273,-4.435130481586597,9.201653876500387e-06,-1.796237535999882,-0.6952183417139052,0.008758416412166015,0.3076589713341713,50,0.566312081805401,0.79,5.17,2.46,565.0,802.73,2.1872783804796e-05,True,True,True
22408,-1.6845273188372398,0.3344352749151031,-5.036930746210487,4.73055836124125e-07,-2.340008412830594,-1.0290462248438859,0.384448673831157,0.16199518853679462,53,0.3281134516757054,0.39,2.51,1.25,650.0,798.67,1.4405658337544034e-06,True,True,True
20699,-1.7001958106224402,0.4797791328367566,-3.5437052057054066,0.0003945461357843972,-2.640545631516342,-0.7598459897285388,-0.14490334076358957,0.21700420937902432,48,0.3102347484551935,2.1,5.06,2.55,294.0,797.96,0.0006779575806322596,True,True,True
21455,-1.4393608840186247,0.7295925671860933,-1.9728283274183829,0.048515124605236035,-2.869336039091487,-0.009385728945762173,-0.09111685802699349,0.07742761031461609,57,0.29983225010322456,0.83,1.66,0.85,901.0,797.27,0.05824905087953498,False,False,True
20997,-0.5093061519006256,0.37907484500678046,-1.3435503795866899,0.1790938244077651,-1.2522791955590185,0.23366689175776734,-0.5722477646454057,0.07527857891450407,43,0.2707443371464465,4.13,11.87,4.54,170.0,796.74,0.19673185256913592,False,False,False
22447,-2.0086527584880827,0.18484639847587248,-10.86660478673198,1.662738046835356e-27,-2.3709450421727323,-1.646360474803433,-0.23061335493003463,0.45208001076301396,44,0.35774453851137095,1.25,6.77,3.35,248.0,796.34,4.748880633764615e-26,True,True,True
72801G,-2.464731764050481,0.2826818573028234,-8.719101351489046,2.8041847429491622e-18,-3.018778023446906,-1.9106855046540563,-0.1194654648986696,0.35958766554104193,40,0.33298789610399043,0.42,2.51,1.25,1323.0,796.1199999999999,3.5475760003081683e-17,True,True,True
35915C,-2.314169041819791,0.17925749928417803,-12.909747436290653,3.9659973899579364e-38,-2.6655072843754946,-1.9628307992640874,-0.19287809799417077,0.6489222040246714,30,0.5260699573480893,0.83,3.43,1.65,662.0,793.32,3.398138672759414e-36,True,True,True
47574A,-0.7188969041477786,0.16730278465890097,-4.296981102935463,1.7313994884514376e-05,-1.0468043365924848,-0.39098947170307247,-0.02075494245431908,0.22219316849587556,42,0.7101574730275316,0.75,8.65,2.46,573.0,792.73,3.917992840013157e-05,True,True,False
37461,-0.32052815411875807,0.7800977287717309,-0.41088205015470536,0.6811590249681196,-1.8494916069328462,1.20843529869533,0.5788554913230076,0.04162095924423015,44,0.29969603678333206,1.25,2.57,1.25,742.0,778.64,0.694421180132453,False,False,False
21015,-1.9961286102597446,0.17432220816715122,-11.450799248399433,2.3298732264225252e-30,-2.337793859972855,-1.6544633605466341,1.3762521476324547,0.7403308366585653,43,0.5528931843644087,0.29,2.57,0.85,1700.0,771.73,8.962879656747878e-29,True,True,True
21723,-1.849233177910298,0.5337215264061866,-3.4647903193302088,0.0005306450384634252,-2.895308147440167,-0.8031582083804287,-0.08241060358166297,0.1778176063437995,71,0.2877343162948012,0.79,1.66,0.85,866.0,769.1300000000002,0.0008883356105715422,True,True,True
20910,-0.8789054871299231,0.43159616364505166,-2.0364070887635193,0.041709494212144524,-1.7248184237398798,-0.03299255051996641,0.0959179790548438,0.12276770286010819,36,0.3560424208181432,5.55,13.0,6.35,106.0,769.1200000000001,0.05069142268851865,False,False,False
35095B,-2.141113105364154,0.439596511789677,-4.870632609542999,1.11241512135172e-06,-3.0027064362013585,-1.2795197745269498,0.4185782010035564,0.28035541738309455,78,0.3166410333667196,0.42,0.84,0.595,1952.0,766.64,3.1382835003695435e-06,True,True,True
22640,-1.8371185386893436,0.18657069637831697,-9.846768942557537,7.078292916664811e-23,-2.2027903841614025,-1.4714466932172847,0.25958268337991836,0.2340118825284344,51,0.26433232972247545,0.79,4.96,2.55,357.0,765.39,1.3898523070742883e-21,True,True,True
35811A,-1.8559057936265013,0.2076199174797308,-8.93895834347245,3.9285589318824764e-19,-2.2628333543599517,-1.448978232893051,-0.2029428999193984,0.49833698529993786,36,0.3765120052757241,0.85,4.3,3.155,434.0,762.97,5.44509822544005e-18,True,True,True
22124,0.1840809298646694,0.711767955377612,0.25862491908196333,0.7959246545772758,-1.2109586280251623,1.5791204877545013,0.21198841303488364,0.009762777816013868,67,0.2641842819985841,2.46,6.04,2.51,298.0,751.93,0.8048916168874275,False,False,False
21194,-0.9210000143202551,0.21627727919644482,-4.258422418397959,2.0587464376293598e-05,-1.344895692219601,-0.4971043364209094,0.11358539542091844,0.3354059369548573,53,0.5904924996456182,0.65,4.21,2.1,578.0,751.4999999999999,4.565572982272168e-05,True,True,False
35647,-1.7365613788658985,0.6296832179841997,-2.757833350593557,0.005818585300215142,-2.970717807784214,-0.5024049499475831,-0.06960949298088992,0.2189750541183605,36,0.32998387017757347,0.5,2.57,1.88,563.0,748.24,0.008076607725261814,True,True,True
84663A,-1.0428603627318618,0.26632488471449317,-3.9157451015132656,9.012543046261637e-05,-1.5648475449590502,-0.5208731805046732,-0.47955248269428796,0.3989274794600671,43,0.4519796878635246,0.79,8.91,5.91,373.0,746.3899999999999,0.00017714956874038775,True,True,True
21319,-1.215526871916093,0.2619975806873371,-4.639458382505751,3.4932347089728156e-06,-1.7290326940999003,-0.7020210497322855,0.2934767286318709,0.16099100393224686,42,0.364076974768376,0.39,3.36,1.65,508.0,743.6100000000001,8.983284347085618e-06,True,True,True
21377,-1.8789204860953308,0.3720163050712766,-5.050640147977757,4.4033190570135953e-07,-2.6080590456966983,-1.1497819264939633,-0.12325155275205368,0.5130859566729041,62,0.35612229244636023,0.39,3.43,2.915,518.0,742.5599999999998,1.3452603602059364e-06,True,True,True
84821,-1.6988534539503966,0.2841867739418174,-5.977946933935106,2.2596731251008537e-09,-2.255849295758985,-1.1418576121418085,0.2711909117578333,0.5180319839418435,52,0.3903709898443757,0.19,1.7,0.85,1318.0,742.5000000000001,1.0093563603827273e-08,True,True,True
85130C,-1.0424152042230928,0.44975418274532675,-2.31774432393297,0.020463220577625466,-1.9239172043001789,-0.16091320414600652,0.11267720791943675,0.14625410632476954,45,0.4927291055372814,0.79,3.36,1.65,659.0,737.8900000000001,0.02595771923877793,True,True,True
22638,-1.567724247018378,0.4000241391816306,-3.919074109441566,8.888978202567537e-05,-2.351757152761012,-0.7836913412757442,-0.07171681734200495,0.272656725084379,35,0.2852884747977038,0.79,4.96,2.55,405.0,735.23,0.00017508593429299695,True,True,True
84708B,-0.7134422232921995,0.334664628481657,-2.1318124551406044,0.03302226731770484,-1.369372842015725,-0.05751160456867421,-0.09773919904181806,0.03877966060673599,42,0.2846014195424287,4.25,10.17,4.95,142.0,732.7900000000001,0.04063118400383396,True,True,False
85131B,-2.1154858458108956,0.1143559376553337,-18.499134274836905,2.098171501400546e-76,-2.3396193650336574,-1.8913523265881338,0.6432250596460116,0.31859675388692255,66,0.36703308150438185,0.38,2.57,0.83,948.0,730.74,6.5917554669000485e-74,True,True,True
21378,-1.5817225033645586,0.3939204271136439,-4.015335063871263,5.936140048332594e-05,-2.353792353281936,-0.8096526534471812,0.35803904934351033,0.2961130823442297,53,0.3686297109382296,0.65,3.43,1.65,560.0,728.9699999999998,0.00011954726486225363,True,True,True
20657,-2.4379568345009623,0.6639724185809717,-3.6717742578996186,0.00024087240304574415,-3.7393188616476203,-1.1365948073543044,0.4554217690551936,0.29896490135707143,61,0.3509341684107574,0.7,2.57,1.25,1877.0,726.4700000000001,0.0004299663633913141,True,True,True
21415,-1.8196186151156648,0.26606023072414636,-6.839122893952015,7.967951106888063e-12,-2.3410870850534087,-1.298150145177921,0.28321690776632796,0.349869710387383,59,0.3415490332604681,0.79,4.21,2.1,348.0,726.16,4.8139704604115384e-11,True,True,True
35095A,-1.8412843299294241,0.5078229486582398,-3.6258391527882514,0.0002880246014405659,-2.8365990198225073,-0.8459696400363411,0.6285365948742714,0.1912915311858313,74,0.3010797061413761,0.42,0.86,0.63,1809.0,725.5600000000001,0.0005083580278234707,True,True,True
85088,-1.6133543630328409,0.4809488627252425,-3.3545237094250524,0.0007950173985585285,-2.5559968123798145,-0.670711913685867,0.5138410606544495,0.19577703661604262,49,0.33307910962651305,1.63,4.21,2.1,347.0,723.85,0.0012960809181815631,True,True,True
84595E,-2.0423804471936293,0.40840961529415054,-5.000813817085666,5.708882251270376e-07,-2.842848584110023,-1.2419123102772356,0.19004284305265062,0.4089783943220209,34,0.4884102735520595,1.65,8.47,3.52,367.0,723.5699999999999,1.7054267898010555e-06,True,True,True
84976,-2.0674026580299256,0.19214327748364224,-10.759692897431346,5.3347648801854516e-27,-2.4439965617693504,-1.6908087542905008,-0.7920198246099077,0.6442827514615016,38,0.5444262709239732,0.79,3.43,1.69,674.0,722.7599999999999,1.4163425069224755e-25,True,True,True
21001,0.15033455128967255,0.5378352664574974,0.27951783876104896,0.7798474500159465,-0.9038032005825256,1.2044723031618707,0.09991451154689748,0.0037550298710490315,57,0.26378899235770253,4.13,12.72,4.21,141.0,717.8000000000001,0.7903292705806769,False,False,False
21026,-1.7760860090980928,0.4320582683189685,-4.110755745997879,3.9436620628426946e-05,-2.622904654226014,-0.9292673639701715,0.786265714308216,0.29995844675407335,52,0.35653123705359285,0.83,2.57,1.25,549.0,716.7300000000001,8.287405784234648e-05,True,True,True
79030D,-0.7317292263300733,0.1637550265352261,-4.468438263009091,7.879274582938555e-06,-1.0526831806265173,-0.41077527203362924,-0.6974433878848667,0.44699184901656364,38,1.445184430201295,0.39,12.72,0.995,1009.0,711.64,1.9041580242101508e-05,True,True,False
22345,-1.737442112076229,0.2981224595348954,-5.827947732575513,5.611314598176521e-09,-2.3217513957471234,-1.1531328284053344,0.04125215414520289,0.4261317932368939,63,0.39981334735234336,0.19,1.7,0.85,1466.0,710.6,2.3610107182059692e-08,True,True,True
21221,-1.4938380215015823,0.36514221523097934,-4.091112884760859,4.293080875110364e-05,-2.2095036125894745,-0.77817243041369,0.5325042588598374,0.2045095093885292,58,0.35079602991985825,0.83,2.57,1.25,535.0,709.66,8.902593453886728e-05,True,True,True
22100,-1.089643876437035,0.3059687859914565,-3.5612909758300018,0.0003690358337345446,-1.6893316773737332,-0.48995607550033693,0.6287764494033071,0.2975672814292244,63,0.5412008748679461,0.39,2.57,1.25,1005.0,709.5000000000001,0.0006387190253417794,True,True,True
21365,-0.8401856416286421,0.1786759430143401,-4.702287434191467,2.5726299085475816e-06,-1.1903840548404796,-0.4899872284168044,0.1445117677012579,0.3222680900629681,46,0.669128796091801,0.75,5.91,2.95,469.0,707.9200000000001,6.830151236073509e-06,True,True,False
21379,-1.3920520001767018,0.44339041617366226,-3.1395626729818136,0.0016920021742648683,-2.2610812469673056,-0.5230227533860979,0.37716344083782544,0.3315326258029936,69,0.32435723639421726,0.39,2.57,1.88,641.0,705.46,0.002610003353919212,True,True,True
21442,-1.7620698077874253,0.26951591488883125,-6.53790633667862,6.238597161717974e-11,-2.2903112942298973,-1.2338283213449535,0.3174519950471166,0.3162669177989973,71,0.3371778623493261,0.19,1.7,0.85,973.0,704.97,3.3695574927903675e-10,True,True,True
22641,0.028598843481128677,0.25945503598847125,0.11022658848063158,0.9122296761922606,-0.4799236826638185,0.5371213696260759,0.2486628278021225,0.007755252851974759,39,0.2797804248663816,0.79,4.96,2.55,300.0,704.9,0.9166060445748461,False,False,False
20763,-1.8516277375717538,0.37686206220799523,-4.91327709327721,8.956655145543976e-07,-2.5902638066389176,-1.1129916685045897,-0.019714051325946537,0.20358081883859136,47,0.2174392425770321,1.25,7.46,3.75,267.0,702.8600000000001,2.597429992207753e-06,True,True,True
84569A,-1.6258769940683138,0.43411264861580545,-3.7452882316433795,0.0001801867845542082,-2.4767221505885844,-0.7750318375480433,0.5765026204131254,0.1705709414176444,61,0.34554378855355905,0.83,2.57,1.25,562.0,702.42,0.0003313678915948122,True,True,True
84584,-1.7644015429827982,0.5126804319142632,-3.4415230875787812,0.0005784491056507805,-2.7692367251131933,-0.759566360852403,0.2686808317539444,0.19930355677540212,46,0.31658447316611427,1.63,5.17,2.55,282.0,696.7499999999999,0.0009630929187446912,True,True,True
22036,-4.3536163462096855,0.7081396925869631,-6.147962600860762,7.848453249323998e-10,-5.741544639703399,-2.965688052715972,0.5280410688336137,0.6381290125392882,36,0.2785616048859867,0.36,0.85,0.42,1649.0,695.11,3.745401107588794e-09,True,True,True
20898,0.20462861244708508,1.1202103159653487,0.18266981613246885,0.8550571004621603,-1.9909432619552327,2.400200486849403,1.1073640531938278,0.1255908285217059,32,0.23344291256082716,2.46,6.04,2.95,327.0,693.92,0.8633008218377998,False,False,False
72131,-2.2127170859409793,0.22513863768076986,-9.828242316534093,8.509088000051137e-23,-2.6539807073237007,-1.771453464558258,0.32944527564636844,0.4411866131092639,34,0.2619816195170204,0.38,1.95,1.95,748.0,692.28,1.6535701938243704e-21,True,True,True
35964,-1.4756812516647368,0.1742503022384503,-8.468744287429482,2.480525564749153e-17,-1.8172055683473185,-1.1341569349821552,1.9476667608430394,0.7481201415673783,36,0.6864953064663692,0.39,4.3,1.63,1187.0,689.7599999999999,2.886290549106268e-16,True,True,True
84931B,-1.8843732508078708,0.3062719987163063,-6.1526135549640255,7.621636270857996e-10,-2.484655337764929,-1.2840911638508128,0.5190181940406032,0.3146451304432871,53,0.3562654422242841,1.63,5.17,2.55,274.0,688.73,3.6463919722252086e-09,True,True,True
84917,-1.3778917986523005,0.4295335927560567,-3.2078790154949326,0.001337177371065924,-2.219762170604266,-0.5360214267003347,0.023375190678300017,0.2650733376290382,31,0.4399115348941896,1.25,11.87,4.21,229.0,686.0300000000001,0.0021022346492571035,True,True,True
85186A,-3.6882896416456976,0.6025074837403843,-6.121566521877349,9.265981906114805e-10,-4.869182610192703,-2.5073966730986923,-0.11570684484158988,0.4198045190361266,39,0.27498841149391545,0.42,0.85,0.625,1473.0,685.87,4.377537817801105e-09,True,True,True
84563A,-1.2405139339982345,0.2906706464818722,-4.267764733084597,1.9744139480243235e-05,-1.8102179324656782,-0.6708099355307908,-0.29788730844218425,0.3472348744084366,34,0.42789796389520157,2.95,11.87,5.95,139.0,685.15,4.388880061351238e-05,True,True,True
22033,-2.255349839928478,0.8657248245314967,-2.6051578700529965,0.009183193622347824,-3.9521393165324694,-0.5585603633244869,-0.2593213810550513,0.30232514479248795,59,0.29790156367982845,0.36,0.85,0.42,1603.0,681.93,0.012435574696929344,True,True,True
21386,-0.7476120688876156,0.23629399688961908,-3.163906314712051,0.0015566689545404191,-1.2107397925542884,-0.2844843452209426,0.4981049258901531,0.3271613651822175,47,0.5738133645296157,0.19,1.66,0.85,1148.0,680.78,0.0024210569136210317,True,True,False
17012F,-1.4385699233066902,0.27401479428146286,-5.249971729004596,1.521225552590563e-07,-1.9756290513295094,-0.901510795283871,1.4301125471330587,0.49249124824788026,49,0.4194983079793123,0.85,5.06,2.46,586.0,680.65,5.030719590584582e-07,True,True,True
47594A,-1.4251772819423854,0.49691328882372754,-2.8680603115203573,0.004129967971436713,-2.399109431476241,-0.4512451324085296,0.5176964990979848,0.112552080429693,57,0.26773729421198356,1.63,4.21,1.95,344.0,678.3,0.005875463868798645,True,True,True
62094B,-1.8029052547039548,0.17876305837512318,-10.085446462437838,6.407323704155249e-24,-2.1532744108854276,-1.452536098522482,-0.11780717824167708,0.5185107352980757,38,0.33144566090035193,0.85,5.06,5.01,305.0,677.9899999999998,1.3882534692336373e-22,True,True,True
21847,-2.261005949399011,0.30189669285057313,-7.489336594084914,6.922260707266545e-14,-2.852712594437885,-1.6692993043601367,1.5286242204518325,0.42719441347771825,40,0.3521129049373214,1.25,8.29,4.21,347.0,675.3699999999999,5.552536780084015e-13,True,True,True
20856,-2.326246717455625,0.24910356054040947,-9.338472370322712,9.773399581130684e-21,-2.8144807245355206,-1.8380127103757293,0.05238585922761718,0.050287890018648085,59,0.12750417904581246,1.63,3.29,1.65,408.0,674.09,1.6019876704722904e-19,True,True,True
37444C,-0.07626001741983593,0.1821139182378907,-0.4187489795273058,0.6753995957579664,-0.43319673824957383,0.2806767034099019,1.6923977166274555,0.1452729157180883,32,0.3612743703977204,0.39,6.04,5.91,1654.0,673.72,0.689295201951146,False,False,False
75013B,-0.4235011746248834,0.3763664637029243,-1.1252362138172962,0.26048895119061477,-1.1611658884713165,0.31416353922154977,0.620285274667779,0.08000634887705826,39,0.3089793597623437,1.25,3.43,1.65,390.0,669.6200000000001,0.2794659493422361,False,False,False
82613A,0.16703113154848523,0.5115125597334306,0.326543558647967,0.7440131387240954,-0.8355150631689318,1.1695773262659022,-0.6236355101008939,0.045493552636792445,51,0.2813568157321929,1.25,2.57,1.25,492.0,667.47,0.7560456962236763,False,False,False
85203,-2.4667846120482855,0.36450697908522206,-6.767455093010851,1.3106731221298987e-11,-3.1812051631688156,-1.7523640609277555,-0.2034283473355133,0.3640767214599546,86,0.31802289144555973,0.36,0.86,0.425,1463.0,665.9100000000002,7.769241620172512e-11,True,True,True
21879,-1.9180014094075455,0.2920591573575442,-6.567167510722812,5.128134860416332e-11,-2.4904268391834483,-1.3455759796316427,-0.053629168152283135,0.4642131056495784,55,0.49651978966933,0.19,1.7,0.65,1567.0,664.8399999999997,2.8067094168618873e-10,True,True,True
21884,-1.7836395727129437,0.2479116320484633,-7.194658669199785,6.261721144195372e-13,-2.2695374428764774,-1.2977417025494098,-0.07956886640630488,0.4365752219199577,76,0.43700792186673526,0.19,1.7,1.155,1448.0,663.61,4.371609021040102e-12,True,True,True
46776E,-1.14585151748055,0.2225223077527416,-5.149378186180672,2.6135144345663497e-07,-1.5819872264326615,-0.7097158085284383,-0.030001260646690592,0.06756447918344655,44,0.12500884683183833,1.25,4.95,4.21,205.0,662.0999999999999,8.392631531784616e-07,True,True,True
21197,-0.6941438883867338,0.6790520907758155,-1.0222248010365096,0.3066745151003061,-2.025061529933956,0.6367737531604881,0.61893667547467,0.08796693979731285,32,0.3139829132333529,0.83,3.29,1.65,453.0,661.8100000000001,0.3267888841480694,False,False,False
17012D,-1.8559266502731808,0.18150338241097846,-10.225300628672597,1.527532508982006e-24,-2.211666742870899,-1.5001865576754623,1.2585112599003083,0.6399874822656355,50,0.3825067262259948,0.85,5.06,2.46,520.0,658.7200000000001,3.427855689798906e-23,True,True,True
85186C,-2.806414850677328,0.5851933439345155,-4.795705350659921,1.6210340998674106e-06,-3.953372728781539,-1.6594569725731165,-1.1835176906713802,0.36731210581847784,39,0.31174793181739957,0.42,0.85,0.625,1400.0,658.1899999999999,4.402952850504422e-06,True,True,True
46776D,2.922915401815482,1.9102067566490406,1.5301565611373789,0.1259779806829641,-0.821021044241705,6.666851847872669,0.6433880296936934,0.09180060400228396,42,0.0661371735672657,4.13,4.95,4.21,153.0,658.07,0.14126620677417448,False,False,False
71403,-1.4686477132887932,0.3478419735429937,-4.222169332612951,2.419622177046906e-05,-2.150405453744395,-0.7868899728331912,-0.1973028292857557,0.23663722729007397,47,0.2870768101953605,2.95,6.04,5.79,176.0,656.05,5.309648199922489e-05,True,True,True
21441,-2.0208309388939334,0.3043867342657617,-6.639024344370853,3.1576624749130666e-11,-2.6174179754265903,-1.4242439023612765,-0.21465000010633972,0.3549946329615057,69,0.33969755412986935,0.19,1.7,0.85,928.0,655.4599999999999,1.7982458505169577e-10,True,True,True
85168B,-1.3458081061091587,0.6652632119305945,-2.022970881260099,0.04307614974855573,-2.649700041732561,-0.04191617048575624,0.46855772947429997,0.16234065674670917,31,0.22327586078925077,8.29,20.38,9.95,72.0,652.1700000000001,0.05219912015070609,False,False,True
37474,-0.7745413987921481,0.4299518459832398,-1.8014608055022536,0.07163027964743104,-1.6172315320058104,0.06814873442151426,-0.017693500896701464,0.05187672963321188,31,0.2577322813240287,8.49,20.38,9.95,63.0,651.0500000000003,0.0828362436413543,False,False,False
21307,-1.5279486252720083,0.2774355920121419,-5.507399444283046,3.641733022884683e-08,-2.0717123936453548,-0.9841848568986619,-0.2801230342730433,0.5137787189236036,37,0.4027724834882882,0.29,3.43,2.1,749.0,650.0700000000002,1.3201282207956977e-07,True,True,True
84993A,-1.611238799290415,0.4360136441343477,-3.695386190240295,0.00021955281166124082,-2.4658098385618,-0.7566677600190297,1.3430031670323535,0.21683372928268008,78,0.3080383657525243,0.42,0.84,0.42,1471.0,648.6100000000001,0.0003952789398103524,True,True,True
20618,-0.3671981365565291,0.2948050372909811,-1.245562626509987,0.21292501024962696,-0.9450053921078397,0.21060911899478152,-0.3310025480131558,0.04127340245575506,74,0.3348059302553738,1.63,4.21,2.1,297.0,648.5400000000001,0.23053626899514465,False,False,False
84916,-1.745501801109221,0.37836207220685053,-4.613310713011835,3.963051792395946e-06,-2.4870778357505916,-1.0039257664678505,-0.760965449125548,0.500624336865499,35,0.2954319168805689,1.25,5.95,4.21,261.0,646.43,1.0108731567884112e-05,True,True,True
85215,-0.8198863749761429,0.2140167367120535,-3.8309451287412633,0.0001276519734142868,-1.239351471020559,-0.40042127893172685,0.0407327329439745,0.3848369264794699,43,1.2189909929042728,0.59,7.62,0.65,831.0,643.89,0.00024280925316441036,True,True,False
17084N,-3.1040255054858528,0.2885823580209513,-10.756116648199605,5.54582104842616e-27,-3.6696365337805608,-2.5384144771911448,0.8225874882050972,0.4669932174098256,82,0.29141859521186003,0.16,0.43,0.42,2768.0,640.26,1.4519267605949047e-25,True,True,True
22391,-1.581134876316603,0.13145727903338864,-12.027746869117937,2.539980114610512e-33,-1.8387864087276773,-1.323483343905529,-0.3226938661161336,0.5323589956943158,41,0.42017307411754906,0.39,5.06,2.55,323.0,635.1899999999999,1.2276570553950808e-31,True,True,True
84507C,-2.6680792307230314,0.5628644786427716,-4.740180508737271,2.1352790297281194e-06,-3.771273337039778,-1.5648851244062847,0.0614403024605433,0.46762976222745023,51,0.29073362248173046,0.85,5.06,2.55,433.0,634.64,5.733619616862543e-06,True,True,True
20819,-1.682729784033215,0.38093059363088855,-4.41741832283425,9.988679663670017e-06,-2.4293400281592192,-0.9361195399072105,0.8432927017787207,0.292673501590883,43,0.32214467722595247,1.25,7.62,3.75,228.0,631.49,2.3604737833776586e-05,True,True,True
22263,-2.5420356543734877,0.45447915661113236,-5.593294252102608,2.2280121534414382e-08,-3.4327984330554457,-1.6512728756915296,0.25408916435903733,0.32912016149177603,57,0.31363206977781133,0.79,1.7,1.255,836.0,627.38,8.433339175174921e-08,True,True,True
22042,-3.366835395770608,0.7696830153149478,-4.374314268053489,1.2181478511445426e-05,-4.8753863853000965,-1.8582844062411195,1.655487770282363,0.43039511621781634,38,0.20507753999219494,0.19,0.83,0.42,1738.0,627.19,2.852433166965792e-05,True,True,True
21004,-0.7712951826960859,0.6068750819580814,-1.2709290686437533,0.20375388397772198,-1.960748486448719,0.41815812105654726,0.20664028453034886,0.05202570637075288,37,0.22863131138210577,4.21,8.65,4.25,137.0,625.0699999999999,0.22136949354351929,False,False,False
20694,-2.130442455546649,0.2456736262514187,-8.671840311285127,4.2519168589495954e-18,-2.6119539149507833,-1.6489309961425143,0.43384149185698523,0.6744968561267872,37,0.38231805236888744,2.51,7.78,3.75,166.0,622.33,5.343242186079992e-17,True,True,True
84596J,-1.8255985418760945,0.21321108696130833,-8.56239967580761,1.1054221966969503e-17,-2.2434845934248964,-1.4077124903272926,0.5247691423314459,0.5445165425423018,56,0.4888358177844165,0.42,2.57,1.25,810.0,621.74,1.318810658717564e-16,True,True,True
22043,-1.9667341915645555,0.4527830684087875,-4.343656662066089,1.4013046427174574e-05,-2.8541726984553146,-1.0792956846737964,1.2203196967411172,0.3940147427399864,40,0.26962828779831965,0.19,0.43,0.42,2197.0,619.25,3.233120258901355e-05,True,True,True
84707B,-0.7790428816539435,0.351898598964737,-2.2138277445429946,0.02684063073616827,-1.468751461834932,-0.08933430147295507,0.15206547047007324,0.1543581334384967,37,0.21522315257255914,1.95,14.955,8.47,79.0,618.52,0.033439913375860664,True,True,False
20696,-1.338878935640023,0.32631588823891433,-4.103014851240569,4.078010618023524e-05,-1.9784463241714925,-0.6993115471085536,0.2124708910007425,0.23192667041487813,42,0.35761294923755554,3.29,7.78,3.75,151.0,617.94,8.5127907142573e-05,True,True,True
84859A,-1.3112293929178938,0.24296509388683996,-5.396780961172117,6.784713238296017e-08,-1.787432226436493,-0.8350265593992946,0.04066267293524434,0.45059513189669675,39,0.6664889581698805,1.25,11.02,1.95,293.0,613.5300000000001,2.3727614942834864e-07,True,True,True
22346,-1.8590832743582242,0.2954165553524138,-6.293091029175573,3.112057127342016e-10,-2.4380890832858384,-1.28007746543061,-0.00760358340879419,0.4986021966989248,49,0.4676140623282774,0.19,1.7,0.85,1300.0,612.6099999999999,1.5396923057846982e-09,True,True,True
35972,-0.6480372474603671,0.4599156513171205,-1.4090349950137557,0.15882482059101422,-1.5494553599682046,0.2533808650474706,0.28249077037082093,0.038674273826582395,41,0.35027456969606907,1.25,2.57,1.25,440.0,611.3799999999999,0.17559225033082804,False,False,False
22538,-2.6694109747642782,0.49227957889883533,-5.422550699209176,5.8754542381935036e-08,-3.6342612197305395,-1.704560729798017,-0.49775230346905186,0.28297812483373574,55,0.33049597171276923,0.19,0.85,0.42,1443.0,610.4300000000001,2.0662744848870812e-07,True,True,True
20655,-1.1483635937473864,0.22656048328323133,-5.068684428571668,4.005747258408322e-07,-1.5924139813025087,-0.704313206192264,-0.43636643356771776,0.23048806189030868,82,0.3283658824151057,0.83,2.51,1.855,414.0,608.4799999999999,1.2439594039702945e-06,True,True,True
84051,-1.9152657690311075,0.9156044517494449,-2.091804780297442,0.03645598257713073,-3.709817518544561,-0.1207140195176537,-0.06822902709261136,0.08653623628679608,42,0.2134379814876617,0.64,1.66,0.85,746.0,607.98,0.0446520644300789,True,True,True
20695,-1.1538506986604369,0.448704323867878,-2.5715167812828805,0.010125410802034466,-2.033295013148874,-0.2744063841719998,0.13224030117733934,0.1471752544767938,30,0.38044780275997475,3.36,8.65,4.25,142.0,604.58,0.013557616139085267,True,True,True
85169D,-1.804417888060256,0.35103675534323703,-5.140253436697621,2.743681433405948e-07,-2.492437285782799,-1.1163984903377129,-0.18392026802058425,0.32013898033733224,55,0.3829341259902568,0.635,2.57,1.25,521.0,603.98,8.736215374949681e-07,True,True,True
79190B,-2.239933700692841,0.40219166774944304,-5.569319009582944,2.557368827726259e-08,-3.028214884363849,-1.4516525170218328,0.00583926407635503,0.248097917559565,75,0.31935163641864434,0.32,0.85,0.42,1485.0,603.08,9.602869004509957e-08,True,True,True
84247G,-2.7041773557570226,0.5568395853195053,-4.856295110925727,1.1960241281294244e-06,-3.7955628881494716,-1.6127918233645735,0.15143805467686194,0.3748196850532939,57,0.289896887526355,0.36,0.85,0.42,1414.0,602.67,3.349933850704257e-06,True,True,True
18094C,-1.5004624294870643,0.2718247431265561,-5.5199626503039845,3.3907172511281285e-08,-2.0332291361219657,-0.9676957228521628,0.6391398031762545,0.33857369575390917,60,0.31865164316425043,0.85,2.57,1.88,433.0,600.66,1.2423786197393593e-07,True,True,True
90143,-1.6425870131520182,1.3169016085631606,-1.247311873925194,0.2122831653182915,-4.223666737118677,0.9384927108146408,-0.3027465709916339,0.08743544615762344,32,0.0663247471993108,5.285,8.24,7.6,79.0,599.13,0.22997342909481577,False,False,True
84682,-1.8529111751522298,0.3032916038073572,-6.109338840547495,1.000447217035073e-09,-2.447351795428041,-1.2584705548764186,-0.3303760469417627,0.2767266934395415,32,0.3386036948629604,1.25,5.91,2.95,295.0,596.9399999999999,4.691151751520181e-09,True,True,True
82011C,-0.3796506994694041,0.5748963339377204,-0.660381145360604,0.5090092686098496,-1.5064268088314483,0.74712540989264,-0.23048995895984614,0.02993827918280778,43,0.3637483696333493,2.95,7.78,3.75,131.0,595.1800000000001,0.5248810018214259,False,False,False
82605,-1.1849171823609674,0.30986302888829687,-3.824003097794931,0.0001313022635939645,-1.7922375591225235,-0.5775968055994113,0.31878593251210635,0.15538272637095008,52,0.3248030648927707,1.66,4.3,2.1,268.0,595.07,0.00024849876192231234,True,True,True
72122,-0.4414366932635654,0.6059825408847028,-0.7284643755892553,0.46632936837253103,-1.6291406486576538,0.7462672621305231,0.9314054421826579,0.13845816280771794,64,0.2622738015979853,0.95,1.91,0.95,586.0,593.3299999999999,0.4835153241926408,False,False,False
16236,-1.843905956936942,0.3590007276259802,-5.136217882148666,2.803226438574097e-07,-2.547534453507537,-1.1402774603663473,0.8417400196391216,0.24380902117802783,90,0.33101294548843174,0.16,0.43,0.21,2652.0,593.29,8.895760667865612e-07,True,True,True
22092,-1.3234361637178922,0.22669681185686233,-5.8379125532366,5.285888615432148e-09,-1.767753750367395,-0.8791185770683894,-0.42824365131780245,0.3019731039869389,60,0.5152633893123229,0.39,2.51,1.25,933.0,592.91,2.239078660694292e-08,True,True,True
62096A,-0.924311827218254,0.2975147768780858,-3.1067761975298933,0.0018913953048930615,-1.5074300747677722,-0.34119357966873576,-0.7790911104579564,0.2629098077018628,38,0.43226403999938967,1.25,4.86,1.95,383.0,592.79,0.002889205956015738,True,True,False
20794,-2.115811015336464,0.24025524146142418,-8.806513449889428,1.2909861712133314e-18,-2.5867026356978298,-1.6449193949750982,-0.7871218374089639,0.7021240155949643,41,0.33215037487942684,2.1,5.06,2.55,212.0,591.02,1.7137386850261478e-17,True,True,True
84563B,-0.9999476057794348,0.24195832543714746,-4.132726592370086,3.5848506470707454e-05,-1.4741772093958654,-0.5257180021630041,-0.13530587361754032,0.35794023159261934,34,0.5027346767109646,2.95,11.87,5.95,128.0,590.0400000000001,7.592633112054332e-05,True,True,False
21167,-2.8519921773562684,0.4661451092034679,-6.118249706040358,9.460873575528515e-10,-3.7656198029645562,-1.9383645517479808,0.14770439199137142,0.37951591388091577,67,0.30482397173966225,0.16,0.43,0.32,2440.0,587.52,4.458436672467812e-09,True,True,True
84569C,-1.4439072180426376,0.46321500012674893,-3.1171426176776293,0.0018261320684052956,-2.351791935389782,-0.5360225006954931,0.8243160844318325,0.21007304008529182,40,0.31827548093196456,1.25,2.57,1.88,415.0,584.9300000000001,0.0027985845113365705,True,True,True
20781,-0.6284121923433651,0.33278443538284863,-1.8883461049505346,0.05897950158507452,-1.2806577003092452,0.023833315622515006,-0.07658744381161137,0.09749528365669047,38,0.3823333660350498,1.95,11.26,5.49,103.0,579.9300000000001,0.06944182416481291,False,False,False
84675,-1.1930231475295723,0.5634153374195575,-2.1174843286901255,0.03421876393605368,-2.2972969172093873,-0.08874937784975723,0.41626513855122427,0.13354745974428472,30,0.34642209588195844,1.2,6.04,2.95,206.0,571.7099999999999,0.04202108796056103,True,True,True
84924A,-1.2401535877446457,0.2851657813062492,-4.348886398865657,1.3683056399128765e-05,-1.7990682487281195,-0.6812389267611718,0.21595393301608665,0.21753372335862642,39,0.32647658564071574,3.75,7.62,3.75,133.0,571.0,3.164731449369045e-05,True,True,True
85202,-2.503183417537093,0.42465857296073845,-5.894578790873776,3.756383284976928e-09,-3.335498926266315,-1.6708679088078706,0.01862071551221124,0.32754359170026814,73,0.3086983739284437,0.42,0.86,0.605,1208.0,570.0900000000001,1.642872968023552e-08,True,True,True
85129A,-2.069878138546864,0.697312289792264,-2.968366066176032,0.0029938754404070086,-3.4365851125168585,-0.7031711645768692,0.07167618897963868,0.13127447411969573,34,0.2771945965392652,1.25,2.57,1.25,444.0,569.16,0.0043952143342423765,True,True,True
85086A,-1.1438678381305727,0.3891477284880479,-2.9394180009088884,0.003288292679946656,-1.9065833706327182,-0.38115230562842717,-0.006163901331845301,0.14280430365312746,56,0.3241553602988898,0.83,1.7,0.85,587.0,568.73,0.004779052969698879,True,True,True
85169C,-1.886299688266124,0.4947948573767123,-3.8122863650338807,0.00013768722195888112,-2.856079788460113,-0.9165195880721352,-0.37533421135660094,0.22236140156211925,46,0.37497188272702203,0.83,2.57,1.25,505.0,566.82,0.00025876412102940273,True,True,True
37444A,-0.860486976400583,0.30737488447527955,-2.799470678515333,0.005118646510431277,-1.4629306797242907,-0.25804327307687536,1.362611145649244,0.5496668826418996,35,0.6815218388409839,0.13,6.04,2.95,2709.0,563.4300000000001,0.00717905407154982,True,True,False
16238,-2.531718998118556,0.349976122020677,-7.233976373876669,4.690534096037579e-13,-3.2176595927280784,-1.8457784035090337,1.1116784100043946,0.41702380237080217,86,0.31860933051403895,0.21,0.43,0.315,2447.0,559.5400000000002,3.3364742532191836e-12,True,True,True
21371,-1.1884858717123554,0.1522140275909042,-7.807991750317337,5.810638805912783e-15,-1.4868198837323137,-0.8901518596923972,0.16345259980354965,0.609630020493629,44,0.6327725092921458,0.75,5.17,2.55,404.0,556.01,5.2913305068336215e-14,True,True,True
21881,-2.0236889982212505,0.22764742627005116,-8.88957556594824,6.134277531179654e-19,-2.469869754883788,-1.577508241558713,-0.3388539837570171,0.5409580091817489,59,0.49472020513084936,0.19,1.7,0.65,1332.0,554.9499999999999,8.259366533052606e-18,True,True,True
21373,-1.0246706544693542,0.34560579236506445,-2.964853822203858,0.0030282678468446095,-1.7020455603533087,-0.3472957485853999,0.5521250051919799,0.25300469357304745,31,0.9642613041246306,0.75,6.04,0.75,636.0,548.89,0.004442245051596956,True,True,True
85071D,-0.8020983322314427,0.1331840168984781,-6.022481908192155,1.7176257475401105e-09,-1.0631342086688338,-0.5410624557940515,-0.8374537012472603,0.29550740338576464,51,0.8320082102644237,0.38,5.17,1.465,884.0,548.8599999999999,7.858554694449292e-09,True,True,False
22394,-1.6231404667188538,0.2402036666630798,-6.757350915028045,1.4053752762317723e-11,-2.0939310023329547,-1.152349931104753,0.29670980302354066,0.5923043255900272,38,0.44708229346000133,0.39,5.06,2.55,346.0,544.29,8.304490268642291e-11,True,True,True
84596K,-1.2826701840139705,1.0224155358040967,-1.2545488004592886,0.2096425997356327,-3.286567811424222,0.7212274433962811,0.09466121414577122,0.049305087083203136,36,0.2518018281991668,1.06,2.57,1.25,428.0,543.4099999999999,0.22737416599635651,False,False,True
35969,-1.1942431675365037,0.30154758345698796,-3.960380494002028,7.483043478210736e-05,-1.7852655707372862,-0.6032207643357211,0.26548691711406014,0.20349581160147545,32,0.41950679011728836,0.38,3.43,1.6575,523.0,542.47,0.00014879258392855736,True,True,True
47021G,-1.0652858276769372,0.23833091515461055,-4.469776096759678,7.8301522965681e-06,-1.5324058377824452,-0.5981658175714293,-0.20838049247474402,0.3761424805866658,42,0.7586258946460196,0.39,5.17,1.25,713.0,541.96,1.8947159279885583e-05,True,True,True
21311,-0.6768338990497148,0.22430015426239433,-3.0175364848743276,0.0025483836239799207,-1.116454123130786,-0.23721367496864365,-0.7674851976486794,0.22130706946424106,52,0.5820661261183466,0.29,3.43,2.1,701.0,539.67,0.0037913994721406083,True,True,False
16048,-1.7461182480015913,0.15060796725319772,-11.593797325914826,4.430453865144067e-31,-2.041304439602647,-1.450932056400536,0.5720847689437266,0.6037996067441733,58,0.7098482641924073,0.12,0.85,0.42,3461.0,537.0600000000001,1.8558678968436815e-29,True,True,True
84592,-1.9110642977557197,0.25928123901743794,-7.370623131075023,1.698323216623231e-13,-2.4192461880968197,-1.4028824074146198,0.20183951560687707,0.3472278085255416,38,0.31381628514145865,2.95,6.04,2.95,173.0,536.4000000000001,1.2754339694560918e-12,True,True,True
21418,-1.6243768705963644,0.1590481359591956,-10.213114795718854,1.7321334938053575e-24,-1.9361054888846176,-1.312648252308111,-0.05395634636857535,0.49705819591748235,50,0.357134752415454,0.79,5.17,2.55,194.0,533.8399999999999,3.841260748027175e-23,True,True,True
20659,-0.7476862514532974,0.25502055605199947,-2.931866603337034,0.003369314363612682,-1.2475173566325943,-0.2478551462740003,0.33211979769630534,0.08139012125463707,68,0.3522270201675251,0.83,2.51,1.25,369.0,533.51,0.004881750634442664,True,True,False
85020,-1.6114351448960644,0.5087302419565589,-3.167563105150857,0.001537223435507183,-2.6085280969772673,-0.6143421928148615,-0.05562214485899093,0.16533400483973082,42,0.30857229934237507,2.1,4.3,2.1,240.0,533.4800000000001,0.002392787923972783,True,True,True
72801C,-2.345973983887613,0.2725359669394095,-8.607942688200023,7.438342725441803e-18,-2.8801346635806544,-1.8118133041945716,0.01449876469776551,0.4167964937859884,38,0.36109721829845093,0.42,2.51,1.25,708.0,531.36,9.045984540295354e-17,True,True,True
84661B,-1.173249013832106,0.12031828479348862,-9.751211263074785,1.822802222434194e-22,-1.4090685187089769,-0.9374295089552349,0.6005486688396158,0.4495790820237707,37,0.4652091816869289,0.65,5.17,2.55,243.0,530.2199999999999,3.368609989498486e-21,True,True,True
21943,-2.1428117705723544,0.4233235385532541,-5.06187720601506,4.1514839068053464e-07,-2.9725106599447857,-1.3131128811999233,0.25924897587113876,0.3277623025815931,66,0.32316728098597247,0.72,1.7,0.85,591.0,529.16,1.2745190821381233e-06,True,True,True
20653,-2.049627781140722,0.38684182457027144,-5.298361373973921,1.1684653764615669e-07,-2.807823825012216,-1.291431737269228,0.036281691821238304,0.5983225882097318,46,0.4244971443173507,0.15,2.51,1.25,2004.0,528.7700000000001,3.9685715939280246e-07,True,True,True
71270,-0.9029921237361723,0.4688355248023614,-1.9260317871962254,0.05410040488714463,-1.8218928670217358,0.015908619549391267,0.6046754126413331,0.11572050132132206,57,0.32944000749546565,1.25,2.51,1.25,370.0,525.3999999999999,0.06434022915600482,False,False,False
21403,-1.355748988468079,0.1712145258184922,-7.918422703838425,2.405424041335733e-15,-1.6913232927024269,-1.020174684233731,-0.013956547294216783,0.38710451284185154,76,0.5941158201061097,0.12,0.85,0.42,2319.0,523.07,2.2671121589589282e-14,True,True,True
22407,-1.7180150553219307,0.14575226794202112,-11.787226913033978,4.542528095840079e-32,-2.0036842511533237,-1.4323458594905374,-0.17442574683484002,0.13932983915854413,48,0.3017764413325928,0.39,2.51,1.25,438.0,521.12,1.9913175489903603e-30,True,True,True
20868,-1.1576052789261557,0.4336639485414127,-2.669360187351636,0.007599590509899518,-2.007570999460756,-0.30763955839155555,0.32552122889187507,0.22950173770646254,42,0.5974637573920896,0.38,2.51,0.86,882.0,518.0699999999999,0.010395666263541794,True,True,True
35810B,-0.9301071022518712,0.33870226171798545,-2.746090615203239,0.006031010324596217,-1.5939513367013822,-0.2662628678023602,-0.8199094196620023,0.25115507812706217,39,0.459699199003188,0.83,4.21,2.1,325.0,517.71,0.008334644033624538,True,True,False
84683,-2.496535748193819,0.17144660230525263,-14.56159360772198,4.929510464309622e-48,-2.832564913983876,-2.160506582403762,0.7111549331353766,0.497636609276781,33,0.36954219868220717,0.65,2.57,1.25,537.0,516.85,8.447388386566943e-46,True,True,True
85039C,-1.371079524102242,0.2678879469525522,-5.118108297515472,3.0861538829158973e-07,-1.8961302520216208,-0.8460287961828632,-0.4001477181469714,0.2858331310344444,62,0.39625358830229856,0.42,3.43,1.6349999999999998,536.0,516.3100000000001,9.744388725789726e-07,True,True,True
71143,-1.2492885969158207,0.44249991380713083,-2.8232516164067296,0.004753924599494316,-2.116572491139875,-0.3820047026917661,0.636973448632219,0.26688181343131046,43,0.3599731269079733,0.83,2.57,2.51,349.0,514.4499999999999,0.006692418125501707,True,True,True
84931A,-1.544915602828173,0.30260856724275526,-5.105326715977701,3.3022347251731584e-07,-2.1380174960372402,-0.9518137096191055,0.9014269551515637,0.30079644551958507,51,0.3323022723333943,1.63,5.17,2.55,204.0,513.69,1.035725866381265e-06,True,True,True
46118,-0.7426728591492253,0.11350268552363466,-6.543218389265148,6.020880589182e-11,-0.965134034924125,-0.5202116833743257,0.3431545911993729,0.33228165745474925,43,0.8851123720468842,0.85,8.65,2.49,373.0,513.5799999999999,3.26131031914025e-10,True,True,False
16168M,-2.302435127000965,0.2009592540850639,-11.457223691855308,2.1633881037538863e-30,-2.696308027367724,-1.908562226634206,0.5073006776986272,0.43657384523503273,64,0.34786314488643894,0.12,0.85,0.625,1686.0,512.38,8.495805365783491e-29,True,True,True
20654,-1.3357397310054058,0.2898293734213565,-4.608710688076103,4.051736631664889e-06,-1.903794864573075,-0.7676845974377366,0.2420984938807006,0.16089245262173046,65,0.3505555246975753,0.83,2.51,1.25,398.0,505.41,1.0293158424108241e-05,True,True,True
84877B,-1.6202744412030625,0.3866445868904788,-4.1906042296721004,2.7821257436188615e-05,-2.3780839063257684,-0.8624649760803565,0.484278766996202,0.4148583011223117,31,0.5018085649635228,1.25,7.46,3.29,291.0,504.43000000000006,6.041828371799025e-05,True,True,True
22541,-2.424028984539945,0.7466037913639066,-3.2467407915404416,0.0011673465390329343,-3.8873455263342587,-0.9607124427456313,0.5767729883615839,0.19572794469137522,46,0.34468579773059677,0.36,0.85,0.42,1245.0,503.92,0.0018553526358154142,True,True,True
85169B,-1.4376396733631716,0.4742263393448299,-3.0315474997642493,0.002433036363260767,-2.367106218999308,-0.5081731277270349,0.06139783564589836,0.2128931538160389,50,0.3757554571494311,0.42,2.57,1.25,428.0,502.91,0.0036456864425648216,True,True,True
90014A,-0.543233931010028,0.33576684222277176,-1.6178903414459482,0.10568623214978967,-1.2013248489694033,0.11485698694934732,0.1966974576526551,0.14494333562831208,34,0.18015958233512622,2.95,10.85,9.95,55.0,502.00999999999993,0.11950722711598892,False,False,False
16219,-1.035076942931075,0.12474683373232794,-8.297420559403237,1.0639619892698338e-16,-1.2795762442318441,-0.7905776416303061,0.6042097323934326,0.42019649146634785,61,0.9449608106830062,0.06,1.74,0.21,3357.0,499.55,1.1526254883756531e-15,True,True,True
21882,-1.3424022530392006,0.480972391835925,-2.7910172721455013,0.005254266835353715,-2.2850908185957004,-0.39971368748270086,0.14713215620533648,0.19315735666709333,63,0.4856425847484832,0.19,1.66,0.65,1052.0,499.44,0.007347398356559164,True,True,True
35471A,-1.359425367755219,0.7108168144945832,-1.9124834134963735,0.05581421807322363,-2.752600723770091,0.03374998825965281,0.8504027197539662,0.2380884464228502,32,0.3611406374395407,0.65,2.57,1.25,421.0,499.31,0.06621132855130682,False,False,True
84247L,-1.919560836491772,0.524661617106111,-3.6586645066196013,0.0002535329767151272,-2.9478787100902935,-0.8912429628932503,-0.14215593163604834,0.3186354021876652,41,0.2820497852829378,0.42,0.86,0.42,1137.0,498.21,0.00044958575833303364,True,True,True
22031,-2.8792001058458863,0.3476029343967207,-8.283014384912653,1.2009590896877868e-16,-3.560489338183898,-2.1979108735078747,-0.024681316406656384,0.5646111999587229,67,0.3094773960190237,0.39,0.85,0.42,1125.0,493.99000000000007,1.2862544795803853e-15,True,True,True
35967,-0.9821986374015745,0.17515989486373404,-5.607440208648662,2.0534091550462578e-08,-1.3255057228703158,-0.6388915519328334,1.8060570263290108,0.5350219080429486,50,0.6662960686751241,0.38,1.7,0.38,936.0,488.51000000000005,7.819547994469084e-08,True,True,False
21132,-0.8152699668815029,0.343481860881601,-2.3735459124070846,0.017618202530402867,-1.4884820435522381,-0.14205789021076765,-0.1633581381082697,0.196467799570763,35,0.36163150384204773,1.25,8.65,4.25,93.0,476.61,0.022622828181069077,True,True,False
85170B,-1.6499740955870403,0.34483431099261125,-4.7848315639982655,1.711307818979868e-06,-2.325836925766243,-0.9741112654078379,-0.6168843637380867,0.4224566506345716,41,0.3762479881500113,0.85,4.3,2.1,283.0,475.9100000000001,4.6347920097371425e-06,True,True,True
40046A,-1.21260385953821,0.4287776841527084,-2.8280479706736403,0.004683278821718342,-2.052992677852009,-0.37221504122441096,-0.36845524242055716,0.15017945167360536,38,0.32630016324158867,1.06,2.57,1.25,355.0,472.07000000000005,0.006597892809371506,True,True,True
84926E,-1.3357085700853086,0.16546862886314903,-8.072276776947295,6.899924302986449e-16,-1.6600211232283055,-1.0113960169423117,-0.1346177116254279,0.5859096279571454,34,0.7404777609431494,0.29,2.51,1.25,1081.0,471.56999999999994,6.992665221037343e-15,True,True,True
20662,-2.392829873894901,1.22318457753742,-1.9562295975904742,0.05043811337329919,-4.7902275923130855,0.004567844523283071,0.8531490360494016,0.282093173583039,33,0.3142396854912036,1.34,5.79,2.51,728.0,471.33,0.06025085152640619,False,False,True
21518,-2.9496979514964377,0.4840906609634896,-6.093275886846546,1.1062316889996565e-09,-3.898498212237067,-2.0008976907558083,-0.22285409829847846,0.5645525954875066,56,0.3293687544770244,0.36,0.86,0.42,1107.0,469.28,5.1487573673193884e-09,True,True,True
85211,-0.9331320689696194,0.41492727658545775,-2.2489051012712418,0.024518534387007723,-1.7463745872804064,-0.11988955065883256,0.35343235148921237,0.17327003191525248,47,0.43339649444995393,0.79,3.43,1.65,306.0,467.4,0.030709260677414987,True,True,False
35911A,-0.6619439645011386,0.3276335519246897,-2.0203790503522483,0.043344084770838086,-1.304093926400464,-0.019794002601813077,0.1404611188534134,0.11195283231469444,44,0.6577054759432633,0.83,4.21,0.85,388.0,466.69000000000005,0.05244133491208588,False,False,False
85204,-1.3490351494796662,0.2707474880163293,-4.982632191210961,6.272511088694995e-07,-1.8796904748963614,-0.8183798240629708,0.4998669269542252,0.3056037340139516,77,0.47149379724992596,0.12,0.86,0.42,2353.0,460.8999999999999,1.8619973861716641e-06,True,True,True
84597C,-0.9098025729860537,0.6221462632707193,-1.4623612270900426,0.143642248519457,-2.129186842112838,0.3095816961407307,-0.16247691689523708,0.040433256752250624,30,0.33261752745829964,1.05,2.57,1.25,364.0,450.98,0.159649550978288,False,False,False
20616,-0.4468527770825009,0.27749831456695506,-1.610290058084961,0.10733454863569054,-0.9907394794042994,0.09703392523929771,-0.24955083156292754,0.0684716511820167,63,0.5083466483535514,0.75,4.3,2.1,283.0,449.26,0.12129833583829537,False,False,False
16218,-1.1168158221633706,0.12062594615777707,-9.258504142239772,2.073161554642118e-20,-1.3532383322336814,-0.8803933120930598,-0.04616792818724591,0.6289435156947533,52,1.4085065078676462,0.06,2.17,0.16,4629.0,448.13000000000005,3.177162219919018e-19,True,True,True
72801D,-1.1908151545253018,0.3686381147830488,-3.2303093651239,0.001236563370641527,-1.91333258282882,-0.4682977262217837,-0.13964639296217662,0.09003784109708224,42,0.32798546689310976,0.42,2.51,1.25,553.0,446.16999999999996,0.0019554714376336228,True,True,True
72127,-1.972279490439729,0.9015426934174775,-2.1876717595740365,0.02869352057599041,-3.7392707000632206,-0.2052882808162373,0.045535459799066536,0.0445841724039403,44,0.16736839298693315,1.06,2.51,1.25,366.0,445.94000000000005,0.03560716674505722,True,True,True
72128,-2.7136004279896726,0.5351576028194848,-5.070656594791952,3.964455567305783e-07,-3.7624900555686533,-1.6647108004106916,0.9263223052589485,0.29016012954586357,57,0.2655635679694637,0.38,1.66,0.85,714.0,442.23999999999995,1.2331681096322444e-06,True,True,True
62096B,-0.5492195742456056,0.32707334644543734,-1.6791939184724334,0.09311425683315513,-1.1902715535816544,0.09183240509044321,-1.2104781449028585,0.17985023947199663,33,0.6348997179231564,1.25,8.65,1.95,257.0,441.99,0.10579889941561026,False,False,False
21027,-1.522980103369859,0.6659054806678226,-2.2870814966750146,0.022191066684522483,-2.828130862586624,-0.2178293441530934,-0.25810802865526505,0.14973795521715116,41,0.2642207279318886,0.83,2.57,1.25,355.0,433.61,0.028017522237324097,True,True,True
37464,-2.0269324966252187,0.6125055155120404,-3.3092477460072343,0.0009354702018679365,-3.227421247360957,-0.8264437458894802,0.6156859357071933,0.34213719766027095,34,0.3356656884363617,1.06,2.57,1.25,316.0,431.18,0.001502011354787956,True,True,True
84422,-1.4686026606053177,0.41878144474451384,-3.5068474953594677,0.00045344894591092707,-2.2893992096982156,-0.64780611151242,-0.2994746720534532,0.2795379443496151,33,0.44105650149134173,0.39,1.66,0.85,782.0,427.95,0.0007700461829208086,True,True,True
21028,-1.9326131881141142,0.24568950475449353,-7.866079546398564,3.659279104245903e-15,-2.414155768812404,-1.4510706074158244,0.31985794843422993,0.3878518656994593,53,0.36740758388717515,0.83,2.57,1.25,323.0,423.9,3.381245642893886e-14,True,True,True
16207A,-1.5580194621352281,0.8111174711548291,-1.9208308506990939,0.054753035736551714,-3.1477804928298996,0.0317415685594431,-0.10583584268148954,0.06510015433677685,39,0.11062772120326986,2.46,3.36,3.12,143.0,423.5299999999999,0.06499337050591938,False,False,True
21678,-2.477569974358705,0.22837798147896987,-10.848550102396151,2.0261381333152006e-27,-2.9251825929194415,-2.029957355797969,0.08719786746047858,0.5618060107384455,54,0.3323225165057252,0.38,1.7,0.85,572.0,422.99999999999994,5.70040355417784e-26,True,True,True
22032,-2.6390895988171676,0.5301012010361335,-4.978463722886903,6.409095280945716e-07,-3.6780688610094163,-1.6001103366249192,0.20314972225861788,0.3809066806252056,57,0.2589815188710484,0.42,0.85,0.42,980.0,418.12,1.8995510384563954e-06,True,True,True
22395,-1.4104355472494687,0.1825098943070835,-7.727994981336897,1.0925365115981114e-14,-1.7681483669135643,-1.0527227275853732,0.10960082914374203,0.5678100296829329,33,0.41054771183261696,0.39,5.06,2.55,234.0,413.76000000000005,9.623510861506729e-14,True,True,True
21520,-3.1164835527103403,0.4141600190629164,-7.5248295568503565,5.278914188390157e-14,-3.9282222739100785,-2.304744831510602,-0.3536013183253171,0.6247668024211708,59,0.33709498790973186,0.36,0.86,0.42,957.0,411.62999999999994,4.270709547259848e-13,True,True,True
84510C,-0.2682856181417503,0.36648211995501273,-0.7320565002589581,0.46413408288600555,-0.9865773742314632,0.45000613794796257,0.1215530103964522,0.012407138566760012,67,0.33179810091980555,1.06,2.57,1.25,274.0,401.59000000000003,0.481503988024282,False,False,False
21698,-1.2781300179082162,0.19725015330950857,-6.479741569086036,9.187985316563107e-11,-1.6647332143398572,-0.8915268214765752,0.5623827243905692,0.3313389493499338,63,0.40132318040637927,0.39,1.7,1.255,530.0,399.01,4.83780791109538e-10,True,True,True
79191B,-1.268992136779163,0.41099546445085433,-3.0876061819190843,0.0020177567268613826,-2.0745284449121497,-0.4634558286461764,0.12674813838139531,0.07112162732040117,45,0.29488283062330783,0.74,1.7,0.85,479.0,397.3699999999999,0.003069791307613968,True,True,True
21025,-1.6748513127908167,0.36727027471425344,-4.5602691753202675,5.108809143038477e-06,-2.3946878238228853,-0.9550148017587482,0.2324439350357941,0.28247359836962815,36,0.3722996469313537,0.83,2.51,1.25,300.0,396.11999999999995,1.270462432008909e-05,True,True,True
84673B,-0.5905956070881028,0.3618242549796348,-1.6322720186941153,0.10262219507940573,-1.2997581155812243,0.11856690140501869,-0.28117929611214076,0.05247281324312647,68,0.36173798764827775,0.65,1.63,0.72,503.0,391.3099999999999,0.1162517053633893,False,False,False
79051A,-0.9934929133862307,0.125870670502644,-7.892965926207263,2.950882023831675e-15,-1.240194894281321,-0.7467909324911404,-0.22691310028644213,0.46902396085812736,38,1.6805571689395045,0.29,6.04,0.5800000000000001,938.0,380.3399999999999,2.7673694601605506e-14,True,True,False
20670,-2.0814046382788747,0.729678352866142,-2.8524960759808975,0.004337734797829296,-3.5115479301950216,-0.6512613463627275,2.0947253905825254,0.3494001384676818,32,0.3421984667971106,1.56,6.04,2.62,694.0,378.85,0.006143223211050505,True,True,True
16258A,-1.8561944045957943,0.3041573175316888,-6.102744525955407,1.0426242385311424e-09,-2.4523317925922177,-1.260057016599371,0.706501060690784,0.27808409940527057,52,0.3701098081920935,0.19,0.84,0.42,1063.0,375.93,4.876790793129537e-09,True,True,True
84877D,-0.8555882474859685,0.5250981860858008,-1.6293871701666205,0.10323108306184378,-1.8847617805614494,0.17358528558951247,-0.4668682275742235,0.13971164355849974,34,0.30849211925980435,1.25,3.75,3.36,160.0,371.85,0.11687122616911443,False,False,False
84429A,-1.4241452635670528,0.31048866009600634,-4.586786722345003,4.501200868548538e-06,-2.032691854963324,-0.8155986721707817,0.6955450410217756,0.28016363935368427,31,0.3381842365120205,2.95,6.04,2.95,109.0,371.7799999999999,1.13281223460801e-05,True,True,True
16216,-1.4396072415259242,0.12218383526190316,-11.782305232440129,4.8157720885867355e-32,-1.6790831581322294,-1.200131324919619,-0.4924616884010499,0.5030341452865893,53,1.3689727726194258,0.06,1.3,0.16,4158.0,371.64000000000004,2.0631205424968175e-30,True,True,True
20663,-2.0399281533224833,0.15272051890917204,-13.357263109718062,1.074424070837692e-40,-2.3392548700847287,-1.7406014365602378,-0.4067222732928617,0.7625469858925965,30,0.34879333380565075,0.17,5.79,2.51,1074.0,369.4099999999999,1.0659417755416048e-38,True,True,True
84926D,-1.103025405999813,0.16247614127396381,-6.788845410477315,1.130344787871631e-11,-1.4214727912438239,-0.7845780207558022,-1.1770590793531632,0.4611614564732368,34,0.7919051238683067,0.29,2.51,1.25,773.0,365.35,6.742721282082356e-11,True,True,True
79190A,-1.5315648206734243,0.41242636042607983,-3.7135473568933777,0.00020437419947145937,-2.3399056333834762,-0.7232240079633724,0.837898627997614,0.23168808895214543,75,0.3095816105619385,0.42,0.85,0.42,790.0,364.25000000000006,0.00036936276702176504,True,True,True
35968,-0.7058770328214676,0.30793620354008217,-2.2922833518975563,0.021889297859778004,-1.3094209012960243,-0.10233316434691109,0.27749857668765954,0.148425941328294,46,0.7381581979844365,0.2,1.7,0.38,761.0,363.34000000000003,0.027655044548043926,True,True,False
90164B,-0.6832877196785034,0.17567164309392003,-3.889573226756891,0.00010042066482163549,-1.0275978132475612,-0.33897762610944565,-0.12195425156445033,0.25682957504589665,32,0.3107973058489985,1.95,7.81,7.64,67.0,362.94000000000005,0.000195752795438245,True,True,False
85094,-0.8766498720105729,0.14463463546229938,-6.061133761000707,1.3516536345255438e-09,-1.1601285484337593,-0.5931711955873864,-0.2509798564300214,0.30109012345754516,44,0.7366287503666813,0.19,2.57,0.83,760.0,360.9899999999999,6.229503914622616e-09,True,True,False
21946,-2.6944363011531953,0.5105747395087311,-5.277261275686591,1.3112886152937106e-07,-3.6951444020062283,-1.6937282003001626,-0.15471781365175175,0.40106525446790486,41,0.34588405423509816,0.38,1.66,0.85,625.0,358.96999999999997,4.39037129632086e-07,True,True,True
21306,-1.1490061206608195,0.10278798390808905,-11.178408963524742,5.201411766708506e-29,-1.3504668671641566,-0.9475453741574824,-0.4919378577894549,0.5618263195562831,45,0.7492586178216526,0.29,3.36,2.1,681.0,342.79999999999995,1.8156779963417654e-27,True,True,True
21402,-1.483625481585397,0.12551397532091627,-11.820400698743214,3.062204409457302e-32,-1.7296283527708423,-1.237622610399952,-0.24245929271890024,0.562921960882248,68,0.6209500919670425,0.12,0.85,0.42,1698.0,333.42,1.3743465028159557e-30,True,True,True
22878,-2.099403950527534,0.4474686948689173,-4.691733689085309,2.7089960690168613e-06,-2.9764264766797552,-1.2223814243753133,0.29268625892292677,0.38742082871272343,31,0.25614767601448274,2.1,4.21,4.13,128.0,330.26,7.131924008515061e-06,True,True,True
90129B,1.032655918533109,0.5925655692857055,1.7426863322111346,0.08138842039391736,-0.12875125574534785,2.194063092811566,-0.6034373460910034,0.13486756095244712,42,0.2738446509340596,1.63,2.95,1.66,146.0,329.95,0.09329523909895492,False,False,False
37467,-0.8230255225648633,0.10546846788577255,-7.803522124320984,6.020284509545894e-15,-1.0297399211255969,-0.6163111240041298,0.508059475899259,0.39837615518806435,41,0.6681489479206834,0.39,4.3,2.53,273.0,328.51000000000005,5.4558828367759664e-14,True,True,False
21722,-1.3774419814494452,0.43571531864726554,-3.161334758038555,0.0015704789619407826,-2.231428313510479,-0.5234556493884113,0.25280371802557683,0.15920501979440493,51,0.3270477970319744,0.83,1.7,0.85,347.0,327.75,0.0024405217174430136,True,True,True
85131C,-1.4562521723663897,0.4730644834669778,-3.0783375697407287,0.0020815897226522874,-2.3834415223267102,-0.5290628224060693,0.1067552613022687,0.16831593165196157,49,0.40510244405479323,0.38,2.51,0.83,439.0,320.1499999999999,0.0031541773530543104,True,True,True
17091B,0.18545088608295918,1.1489955612207732,0.1614026131536341,0.8717763086592535,-2.0665390323061428,2.4374408044720615,0.97786838353485,0.05225705938168257,30,0.23244258946539775,1.05,2.51,1.25,276.0,316.98,0.8787691667501032,False,False,False
21401,-1.2056331535510307,0.18864613806519903,-6.39097712742121,1.6482903900050854e-10,-1.5753727899813914,-0.8358935171206701,0.07212900741884709,0.31917976861558406,65,0.5774437397082933,0.12,0.85,0.42,1437.0,315.70000000000005,8.489145861091766e-10,True,True,True
84673A,-0.7634770173991594,0.6556841763026846,-1.1643975026274147,0.24426295920309415,-2.0485943881852324,0.5216403533869136,-0.12923869834761093,0.014205593473819889,47,0.23983235963908148,0.65,1.3,0.65,500.0,314.84000000000003,0.26295584128945315,False,False,False
84661A,-1.6012750200888546,0.11867484032444095,-13.49296123517997,1.7204891086325761e-41,-1.8338734329958006,-1.3686766071819085,0.2675249760284555,0.7632258305285334,30,0.5065281840941839,0.65,5.06,2.55,222.0,308.99,1.9077188057484742e-39,True,True,True
72130,-1.78619787652164,0.17979899394137766,-9.934415301033434,2.9490093363183294e-23,-2.1385974291032754,-1.4337983239400045,0.053366399511813434,0.35066061643929136,42,0.5218062322909697,0.19,1.66,0.65,753.0,306.35,6.042263694521795e-22,True,True,True
79190D,-2.1826322074126576,0.36153031139784464,-6.037203904075386,1.5680753063506793e-09,-2.8912185970719837,-1.4740458177533315,-0.2683050718608422,0.3239409854740912,70,0.3139611926116311,0.42,0.85,0.42,641.0,296.5799999999999,7.191780906255549e-09,True,True,True
47471,-0.9608470672252604,0.2682523487692952,-3.581877555344787,0.00034113368190484637,-1.4866120095813564,-0.4350821248691643,-0.6821626057630092,0.13787988051503275,49,0.40296138737528725,0.53,1.52,0.65,428.0,295.71999999999997,0.000596164253949178,True,True,False
90129A,0.2363932833187276,0.5254759955090049,0.44986504681292644,0.6528077520555462,-0.7935207426192532,1.2663073092567085,-0.7653557851606398,0.1033440644313236,43,0.27081429200707186,1.63,2.95,1.66,151.0,295.38,0.6676845429325581,False,False,False
20869,-0.7763557973224045,0.3513679640936659,-2.2095235669107485,0.02713824505632797,-1.4650243522671524,-0.08768724237765646,-0.20000482357369126,0.13849096139351513,38,0.6852339458373861,0.38,2.51,0.85,529.0,295.11999999999995,0.03376606728130575,True,True,False
22954,-1.8289457369362419,0.4029589786832323,-4.538788893382578,5.6578242980365504e-06,-2.6187308224024206,-1.039160651470063,0.08423323210709566,0.1932161704273434,35,0.3179529310951971,0.83,2.51,1.25,238.0,293.89,1.3959422515443583e-05,True,True,True
84926A,-1.300060280026493,0.1519158042992612,-8.557768469339011,1.1507317347388866e-17,-1.59780978513548,-1.0023107749175062,0.37493571295502853,0.6664939718784211,35,0.7750867497197836,0.29,2.51,1.25,664.0,293.08,1.364232276718743e-16,True,True,True
21030,-0.7686595622583843,1.0293939864652921,-0.7467107563915237,0.45523817546582546,-2.786234701632469,1.2489155771157003,-0.2612850654706933,0.03656278447267536,31,0.21727955652576025,0.83,2.46,1.25,239.0,290.9,0.47279557066285455,False,False,False
21367,-0.7284660566317848,0.2582017370501306,-2.821305793501889,0.004782858717593348,-1.234532161995722,-0.2223999512678475,0.8637669418486447,0.3278195645545283,36,0.6736577153854572,0.75,5.17,2.55,211.0,278.4799999999999,0.006728125882584672,True,True,False
84926F,-1.3683153332592537,0.2071201447025779,-6.60638459491296,3.9381900000426885e-11,-1.7742633573490307,-0.9623673091694765,-0.2576733952879617,0.6384696927803515,33,0.6266712332282453,0.29,2.57,1.25,484.0,277.9,2.215966611964319e-10,True,True,True
84927F,-0.7869798726030551,0.10624777478395206,-7.4070245160741255,1.2916459167801193e-13,-0.9952216846171241,-0.5787380605889861,-0.02508264316324721,0.38125618153463914,42,0.7240475240500103,0.39,4.21,2.1,335.0,273.31999999999994,9.85729778595354e-13,True,True,False
21372,-0.2650788693603581,0.14983811148548307,-1.769101777460937,0.07687689134900828,-0.5587561713834024,0.02859843266268608,0.4103606373551401,0.08130284028456569,35,0.8330784505364691,0.75,6.04,0.85,156.0,267.01,0.08836154889809794,False,False,False
47481,-0.7095839858426918,0.4515217936587667,-1.571538729266639,0.11605756571626506,-1.5945504396488004,0.17538246796341672,-1.3207295589774106,0.1608660648522996,36,0.44894416861717384,0.85,2.17,0.85,326.0,265.40000000000003,0.13092071297137023,False,False,False
90129E,0.6799435084123007,0.6726408089544231,1.010856759448225,0.31208499230655884,-0.6384082516702558,1.9982952684948572,-0.5538728908764249,0.10518931846817892,43,0.27573129796304535,1.63,2.95,1.66,129.0,263.14,0.3317993291020098,False,False,False
44234,-1.0639118589638472,0.1343025497995179,-7.921754728797162,2.341819099123498e-15,-1.3271400196027994,-0.800683698324895,-0.5216680836207466,0.24780320860401273,42,1.1555839813647144,0.18,1.66,0.21,1213.0,260.39000000000004,2.2182557798230118e-14,True,True,True
22882,-0.7377500454965289,0.3761476828043209,-1.9613308262231681,0.04984044355268469,-1.474985956661194,-0.0005141343318636471,-0.3368583662009844,0.0773649079591966,34,0.3356032393244128,1.95,4.21,3.04,126.0,255.07999999999998,0.05965030863289564,False,False,False
17038,-1.2866146431000052,0.21886842699230746,-5.878484442825669,4.1403971139712735e-09,-1.715588877357862,-0.8576404088421483,0.06712209407126213,0.3672304245900989,45,0.8029364379053808,0.07,0.85,0.455,2559.0,254.51000000000005,1.8066316110731134e-08,True,True,True
10123C,-1.079102180831265,0.580902678673761,-1.857629893005359,0.06322159045883216,-2.21765050955468,0.05944614789215019,1.958448472562954,0.29400529417993826,35,0.2971946094021824,0.355,1.28,0.65,650.0,254.41,0.07402030932602399,False,False,True
21032,-1.4158828401922197,0.35622445414653436,-3.9746929883982376,7.047010044500248e-05,-2.114069940731867,-0.7176957396525724,-0.05017165287262049,0.18022478583568835,33,0.37929219161818134,0.83,2.51,1.25,203.0,252.16000000000003,0.00014027047448662055,True,True,True
90087,-2.0752674953331374,0.29159302398500486,-7.116999806688989,1.1030164108238403e-12,-2.6467793204868713,-1.5037556701794037,0.06347054154086551,0.4871327861985193,38,0.2835281327462799,0.19,1.7,1.63,311.0,249.55999999999997,7.372999767386308e-12,True,True,True
47503H,-0.29578359617782163,0.2337141899413382,-1.2655782528740027,0.2056641160315552,-0.7538549911387978,0.16228779878315458,0.6533452287097892,0.12071689967143318,39,0.5845398723979826,0.79,4.21,1.95,160.0,246.12000000000003,0.22331616285684422,False,False,False
90096,-1.384487920703102,0.9809102251202106,-1.4114318367243373,0.15811732108153587,-3.3070366340057915,0.5380607925995875,0.375753568040506,0.1040254778292411,34,0.20945977057706622,1.66,5.06,2.485,104.0,243.60999999999999,0.17501535539559313,False,False,True
90129C,0.059293763965512544,0.4206738383951805,0.14094949234711393,0.8879098431508708,-0.7652118085272642,0.8837993364582893,0.2617982425945619,0.01765767511981775,35,0.2837778297558985,1.63,2.95,1.66,107.0,243.37999999999997,0.8931216938844139,False,False,False
90119,-1.5901587505134667,0.4564561465295483,-3.4837054174940967,0.0004945234656243301,-2.484796358233319,-0.6955211427936144,1.2312123381448896,0.2625676585022293,34,0.17408010788542738,2.46,5.06,2.46,97.0,243.06999999999996,0.0008300772330381676,True,True,True
90116,-2.0031808893597205,0.8059607738751916,-2.4854570523675714,0.012938519815851961,-3.5828349791071266,-0.42352679961231443,0.3074887076702314,0.1685053469396418,44,0.13363973932495216,1.69,2.51,2.46,106.0,225.52,0.017007747456681273,True,True,True
17084P,-3.448463642088637,0.46780249116750044,-7.371623082814852,1.6856303406626958e-13,-4.365339676655055,-2.5315876075222197,1.1389214311409024,0.48865412655928686,46,0.2740826766240415,0.21,0.43,0.42,990.0,222.74999999999994,1.2709652768596725e-12,True,True,True
22881,-1.3052844335001113,0.17528141455415194,-7.446793128753836,9.563640331698474e-14,-1.6488296931854838,-0.9617391738147386,-0.2657068280422989,0.5814091187675922,30,0.3778534168429718,0.42,4.21,4.13,112.0,218.81999999999994,7.480274699274532e-13,True,True,True
22884,-1.3330764206996126,0.4933796823302932,-2.701928085897919,0.006893867132650668,-2.3000828287708,-0.366070012628425,0.1936051208885633,0.4121107992404526,33,0.36300338029923834,1.185,4.21,4.13,110.0,217.26000000000002,0.009471530280646144,True,True,True
90214A,-0.3315769249672106,0.47167740007929304,-0.7029739498043994,0.4820719839748343,-1.2560476414441148,0.5928937915096938,0.735007828715458,0.15321535066781544,59,0.2804025829624676,0.29,2.51,1.04,213.0,213.65,0.4987407737610114,False,False,False
21400,-1.3935867731976606,0.1921373617892576,-7.253075405116632,4.074131113054454e-13,-1.7701690823891478,-1.0170044640061733,-0.26024517832596983,0.4695718091030434,54,0.5904840188427922,0.12,0.85,0.42,1078.0,213.07000000000002,2.9311973847739108e-12,True,True,True
21368,-0.9059466182348831,0.221664994419534,-4.0870080573942325,4.369719490617769e-05,-1.3404020239304417,-0.4714912125393244,0.11180472483149673,0.3770418952309329,35,0.7841047746830935,0.75,5.17,0.85,201.0,212.03999999999996,9.021819539774912e-05,True,True,False
72051S,-0.918958382779046,0.5870690906956825,-1.565332594311977,0.1175049443614633,-2.069592656979262,0.2316758914211703,-1.0203304836562141,0.14533109651697063,39,0.2961382825662967,0.42,0.86,0.83,300.0,190.89000000000001,0.13241975564539896,False,False,False
90129F,0.31855077681230537,0.43924253342603276,0.7252275282351464,0.46831245739186167,-0.5423487691808496,1.1794503228054602,-0.6184100565810454,0.1270303830711924,31,0.2712017908132344,1.63,2.95,1.7,81.0,183.26,0.48505517843592144,False,False,False
90086,-3.2324776829235873,0.45075531542379493,-7.171246954424595,7.431770269374492e-13,-4.115941866994217,-2.3490134988529574,0.9634652416286252,0.5863039087329998,34,0.23543233928377114,0.85,1.66,1.63,216.0,182.79,5.112732466339751e-12,True,True,True
90214S,-0.2766069195479631,0.476092976118638,-0.5809934895553578,0.5612448413915305,-1.2097320060329815,0.6565181669370553,0.4685435066699144,0.060345715326486915,49,0.3090645032051971,0.29,2.51,0.85,184.0,181.33999999999997,0.576537616361327,False,False,False
79144B,-1.167793826334003,0.4561598711007157,-2.5600538326971014,0.010465595039302708,-2.0618507448838392,-0.2737369077841669,0.6923283555421123,0.2442910719052508,56,0.29056643766304324,0.37,0.86,0.83,350.0,181.03,0.01397142113957904,True,True,True
79144C,-1.2515589087711227,0.3629614696727377,-3.4481866901728835,0.0005643638056913162,-1.9629503171054157,-0.5401675004368298,0.512481059716986,0.21085133639019926,60,0.21753276326860535,0.37,0.86,0.83,306.0,180.14000000000001,0.0009414387378125054,True,True,True
21031,-1.419417298462721,0.37980276696643456,-3.7372484402889126,0.00018604507414091668,-2.163817042945592,-0.6750175539798502,0.5407248724102458,0.1302362494740248,30,0.3295257566437062,0.83,2.51,1.25,144.0,176.70000000000002,0.0003404805483064349,True,True,True
35916C,-1.2104832748482859,0.4807043505460361,-2.518145037533544,0.01179747299027588,-2.152646489130234,-0.26832006056633806,0.2176676362731872,0.18490414292365132,30,0.36720916114239105,0.63,1.7,1.63,157.0,167.54999999999998,0.01557299480859246,True,True,True
90214L,0.2146272550030437,0.7993260549751573,0.26851027020470913,0.7883065705596921,-1.3520230246527478,1.7812775346588352,1.133369919260782,0.21745176068137462,47,0.22511348384656552,0.29,1.25,0.85,176.0,166.05999999999997,0.7980439771777764,False,False,False
90214C,-0.6279505696350833,0.3409272578742721,-1.8418901837020623,0.0654912147747613,-1.2961557164166562,0.0402545771464895,0.7001865552991305,0.12254544516871657,43,0.3026158273539288,0.29,2.51,1.05,165.0,162.53,0.07639290832328284,False,False,False
90214J,-0.05784633798171193,0.3680534235213091,-0.15716831928439545,0.8751121955113621,-0.7792177924701449,0.6635251165067211,0.6844903745173444,0.10170963080428896,50,0.3937578458189326,0.56,2.57,0.85,157.0,161.47,0.8816603359374225,False,False,False
81952V,-0.9520192748724265,0.2585290443416754,-3.6824461146973695,0.0002310067064283291,-1.458726890739669,-0.4453116590051841,-1.7036631385343517,0.40491647780365625,32,0.7765826512159699,0.19,1.7,0.85,464.0,159.87,0.00041274657973213304,True,True,False
90214K,-0.2041754482724153,0.47426812517663147,-0.43050636851543483,0.6668273350735852,-1.133723892633947,0.7253729960891164,0.9130887571780156,0.20745892814816735,50,0.302342513392845,0.29,2.51,1.25,154.0,158.4,0.6809152365188018,False,False,False
79191D,-1.1460807331682759,0.33344030159703286,-3.437139205066249,0.0005878933735025605,-1.7996117152926336,-0.49254975104391796,-0.023046330856677705,0.14845758236534679,40,0.2951380898478723,0.85,1.7,1.255,138.0,143.87,0.00097723016671281,True,True,True
90214M,-0.0332356624219024,0.390566280104131,-0.0850960876935952,0.9321850005950877,-0.7987315050017818,0.7322601801579771,0.6469495708997113,0.08845129696974852,42,0.3163843034731603,0.29,2.57,1.045,138.0,139.81999999999996,0.9346642160222023,False,False,False
90214E,-0.5294889090589612,0.37535155896605216,-1.4106479549931739,0.15834844408116522,-1.2651644461733857,0.2061866280554635,0.38865034536943416,0.09800903912132619,42,0.3322237580896891,0.29,2.51,1.25,142.0,139.28,0.1751683198902561,False,False,False
84251G,-1.4397500802322138,0.23914504280320945,-6.02040528775239,1.739808855608227e-09,-1.908465751207794,-0.9710344092566336,-0.39399566732156543,0.46510538215313335,48,0.5702472472268819,0.19,0.86,0.43,472.0,127.55999999999999,7.940774074628348e-09,True,True,True
35916A,-1.3474242410111672,0.22978497269646975,-5.863848384859451,4.522604702402478e-09,-1.7977945116847676,-0.8970539703375668,0.02442726272634277,0.3306482099081194,30,0.41881644496709836,0.63,1.7,0.85,129.0,112.03999999999998,1.9597953710410738e-08,True,True,True
90214R,-0.29852338260990824,0.260312267802345,-1.1467895275553317,0.2514686184399778,-0.8087260522364499,0.21167928701663347,0.599651766656067,0.13251698022043956,39,0.44025371438734295,0.29,2.57,0.85,91.0,93.72999999999998,0.270558416529314,False,False,False
90214G,-0.33422484035028044,0.516672513047893,-0.6468794679605869,0.5177099551700219,-1.3468843577259517,0.678434677025391,0.8605249641277382,0.17399287987777357,34,0.3388913774648786,0.29,2.51,0.85,100.0,93.18,0.5332695439866073,False,False,False
90214D,-0.4622619555274384,0.41927209303837504,-1.1025345192367204,0.27022935995587116,-1.2840201576053802,0.35949624655050344,0.7828116216346228,0.22199139183040462,39,0.3436324839275218,0.29,2.51,0.85,100.0,90.81999999999998,0.28925743527360426,False,False,False
84251B,-0.6433200239235474,0.3038830231383033,-2.116998894113145,0.03425994164997547,-1.2389198047877739,-0.04772024305932099,-0.6177271943981255,0.12202845615343227,30,0.6629048755293379,0.19,0.85,0.19,319.0,84.84,0.042044264329559745,True,True,False
90214H,-0.2704565606608622,0.4188659808692897,-0.6456875779206815,0.5184817069824489,-1.0914187975137133,0.550505676191989,0.570891438734312,0.1318526366391649,36,0.23585253522848537,0.29,1.25,0.85,83.0,77.71,0.5337728113937281,False,False,False
90214N,-0.024665710141606026,0.3723316584122574,-0.06624660993585287,0.9471814888861585,-0.7544223509337004,0.7050909306504883,0.9013570172262966,0.18286958420276234,37,0.3777271252538664,0.56,2.51,0.85,78.0,76.39999999999998,0.949195697262312,False,False,False
90214B,-0.21837847094398494,0.748136213016203,-0.2918966722163673,0.7703656279346047,-1.6846985039859288,1.247941562097959,0.2003132301938617,0.03153747729703327,31,0.2825758170701163,0.29,1.88,0.85,75.0,72.32999999999998,0.7815603921726211,False,False,False
