stock_code,elasticity,ci_low,ci_high,n_weeks,r_squared,direction,current_price,recommended_price,price_change_pct,total_revenue,projected_revenue_change_pct,projected_revenue_delta,revenue_delta_low,revenue_delta_high,ci_agrees_on_sign
22910,-4.473286263371666,-5.700610299091927,-3.245962227651404,50,0.6728111933784132,decrease,2.95,2.66,-10.0,58652.700000000004,44.19,25917.41,15659.07,37591.85,True
48187,-4.986738524725216,-7.069714132549692,-2.9037629169007397,97,0.3450142978052235,decrease,7.95,7.16,-10.0,46405.4,52.2,24225.0,10307.25,41558.28,True
71477,-4.065571596440101,-5.689422492179556,-2.441720700700646,88,0.31311010820068363,decrease,3.25,2.92,-10.0,44680.75,38.13,17034.62,7329.62,28550.54,True
22086,-2.8011251358385607,-4.242215238912851,-1.36003503276427,84,0.37110229155484764,decrease,2.95,2.75,-6.78,117760.29000000002,13.48,15872.78,3014.44,30100.09,True
48194,-3.4617950696321236,-4.526740633443351,-2.3968495058208963,104,0.1337843901834621,decrease,7.95,7.16,-10.0,48726.56,29.61,14428.96,7725.8,21928.06,True
79321,-2.5331626784577272,-3.7900880988261525,-1.2762372580893022,97,0.24470244787357143,decrease,4.95,4.46,-10.0,80540.88,17.53,14119.89,2378.55,27523.81,True
84347,-2.6506407551011946,-4.166644923798858,-1.134636586403532,77,0.47587361397630823,decrease,2.55,2.3,-10.0,71300.4,19.0,13543.6,1018.63,28237.78,True
48184,-4.207307529395878,-6.1385942423518625,-2.2760208164398947,94,0.2702483751361586,decrease,7.95,7.16,-10.0,31142.629999999997,40.2,12520.38,4481.38,22373.47,True
47566,-2.2873096175201844,-3.3520159947965755,-1.2226032402437934,103,0.15811603602204427,decrease,4.95,4.65,-6.06,148318.27999999997,8.38,12430.63,2078.61,23495.19,True
84029E,-3.3735420931767743,-4.829671347285101,-1.9174128390684475,97,0.41692660970621054,decrease,3.75,3.38,-10.0,42994.240000000005,28.41,12215.74,4363.26,21370.26,True
21485,-4.263649952084878,-5.1422620879700345,-3.3850378161997208,100,0.3864892051210709,decrease,4.95,4.6,-7.07,37078.67,27.04,10025.87,7086.64,13160.71,True
22722,-4.215964312286926,-5.245236407488175,-3.186692217085677,43,0.12203574813260742,decrease,3.95,3.56,-10.0,24459.96,40.33,9865.01,6337.39,13796.7,True
22112,-2.460064463905341,-3.551664757490509,-1.3684641703201723,104,0.39243792923757237,decrease,4.95,4.46,-10.0,57981.94,16.63,9642.18,2295.21,17884.64,True
22952,-4.543120810093255,-6.490450169088568,-2.5957914510979414,51,0.7096531869124538,decrease,0.55,0.5,-10.0,19240.050000000003,45.25,8706.65,3522.75,15071.11,True
22734,-3.5348961683535256,-5.424188559775573,-1.6456037769314784,44,0.6972494579365489,decrease,2.89,2.6,-10.0,26763.749999999996,30.61,8193.52,1883.85,15892.9,True
48188,-3.3207374519268678,-4.257062033279969,-2.384412870573766,103,0.19920240001160983,decrease,7.95,7.16,-10.0,28639.1,27.7,7933.05,4497.4,11724.91,True
21166,-3.68863311079423,-5.018899046234333,-2.3583671753541275,96,0.36673586161695837,decrease,1.95,1.82,-6.67,38138.86,20.38,7773.31,3747.13,12186.5,True
22690,-4.7593759747499575,-6.191336531922623,-3.3274154175772925,70,0.19221239179392757,decrease,7.95,7.16,-10.0,15836.349999999999,48.6,7696.51,4400.91,11528.79,True
84406B,-3.686763108450866,-5.094509904496195,-2.2790163124055374,102,0.3200962552254686,decrease,3.25,2.92,-10.0,23080.130000000005,32.72,7552.04,3329.53,12449.67,True
22499,-3.807794875667637,-4.848869254716931,-2.766720496618343,96,0.25701825755559926,decrease,5.95,5.36,-10.0,21826.519999999997,34.42,7513.62,4465.58,10915.02,True
82582,-4.835681541802974,-6.86827521575672,-2.803087867849228,97,0.3552854125720407,decrease,2.1,1.9,-9.76,15110.98,48.29,7297.0,3074.66,12499.68,True
48111,-3.2226493164955596,-5.026172820477228,-1.4191258125138915,102,0.26476679450750196,decrease,7.95,7.16,-10.0,25970.000000000004,26.39,6852.74,1172.52,13721.68,True
22273,-3.771004263290716,-6.623548890277359,-0.9184596363040725,103,0.18909364212347302,decrease,2.95,2.66,-10.0,20150.99,33.9,6832.03,-172.38,16292.16,False
22188,-2.925211058743902,-4.262391147932762,-1.5880309695550427,97,0.21232108288061202,decrease,3.95,3.56,-10.0,28112.030000000002,22.49,6321.78,1796.77,11531.38,True
15036,-2.512131646955802,-3.7144230597746875,-1.3098402341369162,102,0.22256648435969117,decrease,0.83,0.75,-10.0,32967.03,17.27,5693.8,1093.97,10914.83,True
22111,-2.428445512011704,-3.6664632935659283,-1.19042773045748,101,0.3265892146826618,decrease,4.95,4.6,-7.07,49771.94,11.04,5496.45,699.91,10748.82,True
21955,-2.9364761451765453,-3.9791608859738536,-1.893791404379237,102,0.1720022719138431,decrease,7.95,7.16,-10.0,23734.4,22.63,5371.87,2343.7,8751.67,True
84078A,-2.0584912970840494,-3.2636668926048653,-0.8533157015632336,97,0.13988236270195786,decrease,39.95,35.96,-10.0,43844.96,11.8,5172.81,-672.4,11809.43,False
84880,-4.613471695998312,-6.398984492918781,-2.827958899077843,87,0.42974721785291836,decrease,5.95,5.36,-10.0,9894.990000000002,46.33,4584.68,2101.61,7581.71,True
48129,-2.9499492096035205,-4.352289296736927,-1.5476091224701136,101,0.14300972051519234,decrease,7.95,7.16,-10.0,19608.910000000007,22.81,4472.3,1164.64,8306.61,True
22144,-3.9198558545787723,-5.795201899756779,-2.0445098094007657,48,0.6289847551911569,decrease,2.1,1.89,-10.0,12382.470000000001,36.02,4460.26,1440.5,8139.72,True
48185,-1.8456137212532147,-2.5374991296425655,-1.153728312863864,104,0.12289899923932279,decrease,7.95,7.16,-10.0,45723.84,9.32,4260.72,746.61,8040.56,True
22605,-2.5813940944112526,-4.165695777192005,-0.9970924116304996,85,0.20042405565670718,decrease,14.95,13.46,-10.0,23426.820000000003,18.13,4247.31,-7.18,9274.68,False
22940,-3.2325530976425942,-4.483201197648855,-1.9819049976363334,48,0.5721853089273232,decrease,4.25,3.82,-10.0,15282.81,26.52,4052.86,1665.75,6776.19,True
22147,-2.8947273582434834,-5.229729810010447,-0.5597249064765197,102,0.26714867135829057,decrease,1.45,1.3,-10.0,17893.579999999998,22.1,3953.59,-811.08,10047.23,False
72760B,-3.002336939459732,-4.371584345122939,-1.6330895337965257,89,0.20400754484792705,decrease,9.95,8.96,-10.0,16409.02,23.49,3854.02,1131.85,6998.63,True
15056P,-3.553726892247405,-5.596947635880799,-1.5105061486140108,100,0.08963204177712603,decrease,5.95,5.36,-10.0,12228.92,30.87,3775.51,675.77,7619.82,True
84997A,-4.5907620350074705,-6.126080691244976,-3.0554433787699646,93,0.26149470321736934,decrease,3.75,3.57,-4.8,19400.7,19.32,3748.02,2064.15,5563.99,True
84997C,-3.169616088636738,-5.550498671942892,-0.7887335053305846,102,0.16233178292989392,decrease,3.75,3.57,-4.8,32740.36,11.26,3687.45,-338.48,8213.61,False
21481,-2.2475413500372206,-3.3065311539223794,-1.1885515461520615,100,0.29108176452934365,decrease,2.95,2.66,-10.0,25613.45,14.05,3597.95,513.92,7046.02,True
20679,-2.0519528286895614,-3.2567514917644385,-0.8471541656146846,103,0.23536966150115834,decrease,5.95,5.36,-10.0,30020.97,11.72,3518.75,-479.58,8058.25,False
22900,-2.6405316992871612,-4.251776260067528,-1.0292871385067945,63,0.2163038329860305,decrease,3.25,2.95,-9.23,19834.04,17.22,3415.49,56.34,7341.94,True
21844,-2.8815446817238075,-4.28571119487344,-1.4773781685741747,101,0.17236344484173127,decrease,2.95,2.66,-10.0,15329.440000000002,21.93,3361.07,790.74,6341.22,True
22170,-2.800172923330157,-3.467339370458267,-2.133006476202047,97,0.2519642116072939,decrease,6.75,6.08,-10.0,15645.269999999999,20.88,3267.47,1983.69,4644.74,True
22740,-3.38297066448785,-5.256229703775105,-1.509711625200595,43,0.5238948853769518,decrease,0.85,0.76,-10.0,11395.310000000001,28.54,3252.24,628.7,6448.21,True
22061,-2.463443359934111,-2.9652716534727057,-1.9616150663955159,99,0.21095609509930502,decrease,9.95,8.96,-10.0,19121.37,16.67,3187.75,2038.85,4399.04,True
20748,-2.9126398280366717,-5.1101413605406405,-0.7151382955327028,66,0.281157174423462,decrease,12.75,11.48,-10.0,14266.98,22.33,3185.2,-421.84,7731.96,False
21535,-2.817109054875384,-5.000031863772964,-0.6341862459778045,103,0.12517905213562464,decrease,2.55,2.33,-8.82,16836.999999999996,18.28,3077.16,-559.44,7526.23,False
21523,-1.6034614318129672,-3.122224844632772,-0.08469801899316276,102,0.12108904622055161,decrease,7.95,7.16,-10.0,46083.71,6.56,3025.2,-4236.6,11547.15,False
21936,-2.1698149977523378,-2.951562795769668,-1.3880671997350078,103,0.17976771241383027,decrease,2.95,2.66,-10.0,22741.310000000005,13.12,2982.97,949.09,5191.47,True
22606,-2.6792749059040926,-3.3380128055392984,-2.0205370062688868,79,0.2002627459143531,decrease,15.95,14.36,-10.0,14881.939999999999,19.35,2880.35,1689.37,4156.93,True
47599A,-3.108757200249076,-5.318990207815368,-0.8985241926827849,90,0.07376878155636113,decrease,2.1,1.89,-10.0,11180.57,24.88,2781.68,-118.9,6442.85,False
22113,-2.3882971626269516,-3.939912703243446,-0.8366816220104574,65,0.4376640938555163,decrease,3.75,3.45,-8.0,22025.93,12.27,2703.12,-297.91,6118.66,False
48116,-2.1561849322742597,-3.074376923387615,-1.2379929411609045,88,0.1642000802751692,decrease,7.95,7.16,-10.0,20712.629999999997,12.95,2683.25,525.94,5059.69,True
22978,-3.4379480177393758,-5.593298609178684,-1.2825974263000672,43,0.15135938526530246,decrease,3.75,3.39,-9.6,9564.979999999998,27.9,2668.31,276.73,5641.04,True
22365,-2.5187387485704633,-3.1414370401426943,-1.8960404569982323,98,0.3002387212485743,decrease,7.95,7.16,-10.0,15289.790000000003,17.35,2653.22,1513.8,3869.89,True
22563,-4.0542543205380595,-4.8538702664518905,-3.2546383746242284,88,0.22007858505331024,decrease,1.25,1.12,-10.0,6923.849999999999,37.96,2628.33,1856.55,3467.96,True
22751,-3.6675375811791544,-4.54570051539582,-2.7893746469624885,65,0.35172918950035537,decrease,3.75,3.39,-9.6,8445.97,30.89,2609.36,1671.7,3633.92,True
85049A,-3.6444303927770627,-4.495374495145111,-2.7934862904090143,85,0.4628919849440474,decrease,1.25,1.12,-10.0,8114.78,32.13,2607.31,1687.84,3613.01,True
72351A,-3.8599526805807445,-5.015170694724624,-2.7047346664368654,101,0.10621127263816255,decrease,2.1,1.89,-10.0,7368.679999999999,35.17,2591.2,1449.81,3880.32,True
21937,-2.8461801113331315,-4.094776724384817,-1.5975834982814459,77,0.22331215755561395,decrease,2.95,2.66,-10.0,12038.82,21.47,2584.99,782.36,4641.07,True
21165,-2.4609055609726003,-3.7536125837438297,-1.168198538201371,100,0.26354198453231226,decrease,1.69,1.52,-10.0,15167.380000000001,16.64,2523.85,271.18,5105.2,True
21704,-2.613844501670666,-4.044147815284352,-1.1835411880569806,98,0.2864448207798316,decrease,0.85,0.76,-10.0,13235.159999999998,18.53,2453.1,258.43,5004.71,True
21340,-2.1389109818027636,-3.796951681272411,-0.48087028233311635,78,0.0632963570454681,decrease,12.75,11.48,-10.0,19194.129999999997,12.75,2447.11,-1021.64,6577.98,False
21169,-2.495623889195536,-4.038561988483142,-0.9526857899079297,83,0.2607846052870121,decrease,1.69,1.52,-10.0,14262.610000000002,17.07,2434.26,-70.92,5381.66,False
21390,-3.069757474627288,-4.719233969528384,-1.420280979726193,103,0.22143861303135826,decrease,1.25,1.16,-7.6,13552.969999999998,17.77,2408.95,457.8,4631.83,True
21749,-2.827549979541069,-3.7795643754468298,-1.8755355836353083,90,0.2688533495158354,decrease,2.1,1.89,-10.0,10980.98,21.23,2331.69,1061.15,3736.28,True
21933,-3.1096591988511744,-3.7139273392192007,-2.505391058483148,97,0.4674621302084021,decrease,2.95,2.66,-10.0,9087.630000000001,24.89,2262.04,1561.98,3008.13,True
22810,-3.7293471424531655,-5.157813649372413,-2.300880635533918,38,0.4981006311396037,decrease,2.95,2.66,-10.0,6729.13,33.32,2242.0,988.5,3699.09,True
22968,-2.7333440590422016,-3.8194466780858485,-1.6472414399985547,50,0.22468792445634123,decrease,9.95,8.96,-10.0,11184.82,20.04,2241.05,789.34,3868.76,True
85048,-1.9269301548087538,-3.092819572933487,-0.7610407366840208,60,0.3462461426620891,decrease,7.95,7.16,-10.0,21201.129999999994,10.26,2175.02,-527.11,5230.33,False
21932,-3.1462661068964657,-3.708540840171045,-2.5839913736218865,94,0.49235051748985104,decrease,2.95,2.66,-10.0,8498.61,25.37,2156.44,1543.56,2806.74,True
21108,-1.7727693095360357,-2.3719485200203074,-1.173590099051764,100,0.40125754870496255,decrease,2.55,2.3,-10.0,25407.27,8.48,2155.19,468.96,3951.3,True
22085,-3.5215606002054485,-4.647993021956728,-2.3951281784541694,93,0.22601506000053018,decrease,2.95,2.66,-10.0,6883.87,30.43,2094.82,1090.02,3226.24,True
21787,-2.5285296804789583,-3.9898110206363304,-1.0672483403215864,86,0.24161504042287252,decrease,0.85,0.76,-10.0,11926.08,17.47,2083.96,84.8,4415.87,True
21156,-2.0906763006831293,-3.6765611651423264,-0.5047914362239321,103,0.3431242477550227,decrease,1.95,1.76,-10.0,17002.28,12.18,2070.49,-864.36,5539.07,False
75049L,-2.342021356098322,-3.7286587518707552,-0.9553839603258885,81,0.21738756680910554,decrease,1.25,1.12,-10.0,13153.8,15.19,1997.81,-61.69,4381.28,False
22399,-4.321935232758905,-7.0720934900433035,-1.5717769754745072,83,0.08519503311137089,decrease,1.25,1.12,-10.0,4734.6,41.91,1984.12,293.99,4242.31,True
47567B,-2.437757465145511,-3.2754579208625785,-1.6000570094284434,90,0.16144610168810458,decrease,5.95,5.36,-10.0,11683.27,16.36,1910.9,762.49,3165.27,True
21561,-3.1950886633486597,-4.012492550727181,-2.3776847759701387,102,0.3472716943874864,decrease,2.55,2.3,-10.0,7303.909999999999,26.02,1900.53,1141.0,2728.37,True
85065,-3.125050731052621,-4.872580787031034,-1.3775206750742077,46,0.20362403902490311,decrease,12.75,11.48,-10.0,7524.44,25.09,1888.19,305.32,3791.06,True
21922,-2.4562770174508417,-3.4759119790387487,-1.436642055862935,78,0.2843276004062566,decrease,7.95,7.16,-10.0,11199.18,16.58,1857.17,527.25,3337.92,True
22432,-3.284824080307315,-4.535886857018327,-2.033761303596303,89,0.23526512686373402,decrease,1.95,1.76,-10.0,6730.419999999999,27.22,1831.87,774.47,3038.25,True
84568,-2.9849668984080946,-3.7707271101836555,-2.1992066866325337,92,0.23869431204860214,decrease,0.42,0.38,-10.0,7788.670000000001,23.26,1811.75,1048.96,2640.38,True
85062,-3.3694046662744337,-5.908143993152567,-0.8306653393962997,98,0.15982773365560654,decrease,1.65,1.48,-10.0,6363.279999999999,28.36,1804.41,-112.52,4309.2,False
85068,-3.1978902535421265,-5.081165161262084,-1.3146153458221692,31,0.17990803071809935,decrease,7.95,7.16,-10.0,6647.239999999999,26.06,1732.13,224.04,3571.21,True
22582,-3.2910084072604597,-4.37649997682796,-2.2055168376929597,79,0.3072681724372449,decrease,2.55,2.3,-10.0,6324.77,27.3,1726.71,856.58,2702.26,True
22989,-2.8073813929843014,-4.0435642986188,-1.571198487349803,45,0.1617129803156071,decrease,3.25,2.95,-9.23,8999.269999999997,19.13,1721.55,511.87,3085.09,True
84050,-2.0613581256781477,-3.056002511319876,-1.0667137400364193,96,0.23834331756386862,decrease,1.65,1.48,-10.0,14525.0,11.83,1718.56,102.46,3513.22,True
21428,-2.2933324453944106,-3.1388555781344984,-1.4478093126543228,85,0.26688034021683027,decrease,4.25,3.82,-10.0,11762.93,14.6,1717.23,568.29,2973.22,True
48189,-2.7511512665686197,-3.240294485846685,-2.2620080472905544,62,0.6521266376055216,decrease,7.49,6.74,-10.0,8470.279999999999,20.26,1716.24,1204.57,2254.98,True
22601,-4.016397199319905,-5.19578676399555,-2.8370076346442596,51,0.7151005681550269,decrease,0.85,0.76,-10.0,4547.1900000000005,37.41,1701.17,971.04,2527.9,True
10002,-3.076146057616384,-5.154297100551666,-0.9979950146811025,70,0.23313588244200711,decrease,0.85,0.76,-10.0,6942.260000000001,24.45,1697.47,-1.47,3812.26,False
21098,-2.1050221795399455,-3.8548757151351083,-0.355168643944783,57,0.35226992044485816,decrease,1.25,1.12,-10.0,13263.93,12.35,1637.75,-871.22,4654.67,False
22738,-2.6992382323591326,-3.37863644430849,-2.019840020409775,45,0.7042858680217587,decrease,1.65,1.48,-10.0,8012.57,19.61,1570.94,908.92,2282.1,True
21731,-0.6681747120830912,-1.2145712234060841,-0.12177820076009838,103,0.21320515607380386,increase,1.65,1.82,10.0,48315.840000000004,3.21,1552.47,-978.06,4218.28,False
21563,-2.913437246412313,-3.4494438884259573,-2.3774306043986684,96,0.38747556976393505,decrease,2.95,2.66,-10.0,6875.710000000001,22.34,1535.75,1073.89,2024.45,True
22493,-3.9394601364307986,-4.930241524694366,-2.9486787481672314,83,0.3135430563405158,decrease,1.65,1.55,-6.06,7608.119999999999,20.17,1534.91,985.74,2119.18,True
22121,-2.756296782419974,-4.003060223304447,-1.5095333415355006,57,0.3897738354583459,decrease,5.95,5.45,-8.4,9167.609999999999,16.67,1528.03,419.32,2764.97,True
37450,-2.8607424130097625,-3.6659033158698193,-2.0555815101497057,97,0.3385512554158423,decrease,2.95,2.66,-10.0,7023.1399999999985,21.66,1521.12,826.18,2277.58,True
15044A,-2.029199620294222,-2.98991094570976,-1.068488294878684,81,0.16863453692021768,decrease,2.95,2.66,-10.0,13210.850000000004,11.45,1513.1,95.67,3081.51,True
84029G,-2.0152387563309517,-2.8781921394672336,-1.1522853731946698,101,0.2738090526405823,decrease,3.75,3.57,-4.8,29533.870000000003,5.12,1512.37,222.07,2858.62,True
84755,-1.7255102269689062,-2.32641516252857,-1.1246052914092424,104,0.1374593991374886,decrease,0.65,0.6,-7.69,25205.13,5.98,1507.04,252.65,2823.25,True
22588,-2.6592180284794336,-3.8332085060944125,-1.4852275508644546,55,0.43259282444150426,decrease,2.89,2.6,-10.0,7776.839999999999,19.1,1485.59,407.92,2705.15,True
37495,-3.183507818243635,-3.9063111409798905,-2.46070449550738,92,0.20600840354343908,decrease,3.75,3.38,-10.0,5732.599999999999,25.87,1482.85,953.76,2053.81,True
22628,-2.5482899211779158,-3.639608276184928,-1.4569715661709033,73,0.2146984115627505,decrease,4.95,4.46,-10.0,8367.8,17.72,1482.67,412.74,2682.99,True
84945,-1.7386487751420898,-1.9512326826930153,-1.5260648675911643,92,0.4386876037135585,decrease,0.85,0.76,-10.0,17746.710000000003,8.09,1436.29,1011.41,1870.8,True
23132,-3.3340830692504273,-4.516514052414711,-2.151652086086144,32,0.29340503613160607,decrease,5.75,5.18,-10.0,5138.599999999999,27.88,1432.63,662.92,2304.46,True
22534,-3.1724006139322785,-4.7502038572620044,-1.5945973706025525,89,0.2570057030088917,decrease,0.42,0.38,-10.0,5514.79,25.72,1418.39,356.54,2672.29,True
22379,-0.5791385276115038,-1.065465158320779,-0.09281189690222841,97,0.10076309746908274,increase,2.1,2.31,10.0,34640.84,4.09,1417.77,-215.47,3128.5,False
22333,-1.8232924806300481,-2.5019150726810206,-1.1446698885790758,103,0.06196006376366481,decrease,1.65,1.48,-10.0,15639.650000000001,9.06,1417.2,240.21,2681.42,True
22380,-2.200584382029007,-3.120803378365901,-1.2803653856921136,98,0.23840861418471804,decrease,2.1,1.89,-10.0,10217.66,13.48,1377.78,306.33,2558.32,True
22358,-2.4238991546731663,-3.0780219400973032,-1.7697763692490294,100,0.4877735349144411,decrease,2.95,2.66,-10.0,8393.609999999999,16.19,1358.6,709.12,2054.41,True
22089,-2.7474249312119614,-3.994828255623924,-1.5000216067999987,100,0.1770842667728284,decrease,2.95,2.75,-6.78,10303.35,13.05,1344.78,368.11,2410.84,True
21716,-2.256933963433119,-3.020766867044757,-1.4931010598214811,97,0.29230893308788397,decrease,2.55,2.3,-10.0,9397.07,14.16,1330.63,501.11,2229.66,True
22433,-3.166898843925531,-3.907656650247737,-2.4261410376033252,87,0.3795091687705533,decrease,1.95,1.76,-10.0,5186.280000000001,25.65,1330.12,840.88,1859.08,True
22073,-2.4413150642460106,-3.198658069805114,-1.6839720586869071,71,0.35934645956048084,decrease,3.75,3.39,-9.6,8457.889999999998,15.66,1324.32,604.48,2101.35,True
17003,-1.8127360202614633,-2.668595917283425,-0.9568761232395016,98,0.173692672566524,decrease,0.28,0.25,-10.0,14766.42,8.94,1320.17,-66.94,2838.17,False
22894,-3.1520412763246908,-5.810887109817337,-0.49319544283204486,55,0.141489585684606,decrease,9.95,8.96,-10.0,5160.78,25.45,1313.44,-268.34,3406.63,False
85178,-2.866939757302648,-4.214445520054223,-1.5194339945510726,93,0.20786677823150201,decrease,1.25,1.12,-10.0,6024.52,21.74,1309.62,338.9,2428.41,True
84792,-2.154114855682355,-3.015963162418816,-1.2922665489458942,103,0.19485967730237008,decrease,4.65,4.19,-10.0,10119.509999999998,12.93,1308.45,316.46,2394.74,True
22899,-2.928420931104596,-3.39009612473668,-2.4667457374725124,62,0.4165184269849117,decrease,2.1,1.89,-10.0,5769.759999999999,22.53,1299.88,964.23,1652.27,True
22946,-1.7848402185101246,-2.816144832842088,-0.7535356041781611,44,0.4360784431339716,decrease,16.95,15.26,-10.0,15060.570000000002,8.62,1298.32,-386.05,3176.02,False
22689,-2.364367685308359,-3.3327326254330987,-1.3960027451836194,47,0.45304814164311735,decrease,7.95,7.16,-10.0,8366.720000000001,15.46,1293.46,356.47,2331.1,True
22536,-3.90913522108245,-7.283612620433194,-0.5346578217317055,84,0.06493667223139987,decrease,0.42,0.38,-10.0,3586.24,35.87,1286.29,-171.59,3366.59,False
22603,-3.9054291378800126,-5.963017312172904,-1.847840963587121,48,0.6175443838965646,decrease,0.85,0.76,-10.0,3552.09,35.81,1272.15,331.91,2440.01,True
35970,-2.315232345164694,-3.4331652918359223,-1.1972993984934657,75,0.570090182383441,decrease,1.69,1.59,-5.92,15072.579999999998,8.35,1258.98,182.48,2411.43,True
47502,-2.556060368351893,-3.9729222564763793,-1.1391984802274064,31,0.28695410606083804,decrease,12.75,11.48,-10.0,6855.749999999998,17.82,1221.37,101.29,2521.78,True
22842,-2.9446258544402157,-3.9698264712186067,-1.9194252376618248,58,0.17098709234796183,decrease,6.75,6.08,-10.0,5308.58,22.74,1207.1,539.98,1950.31,True
22377,-2.524389452288761,-3.3548033316384087,-1.6939755729391133,96,0.3433800599507405,decrease,2.1,1.89,-10.0,6920.11,17.42,1205.67,524.94,1948.65,True
21107,-2.540663507594402,-3.3442440473311716,-1.737082967857632,88,0.3388845158819672,decrease,2.95,2.66,-10.0,6624.77,17.62,1167.57,534.98,1856.04,True
72802C,-2.6379460553995107,-3.193253350469168,-2.0826387603298535,87,0.3305118088118366,decrease,4.25,3.82,-10.0,6047.56,18.84,1139.12,730.71,1572.14,True
22498,-2.411328540817174,-3.2722959300242715,-1.550361151610076,91,0.24486760576515665,decrease,5.95,5.36,-10.0,6933.740000000001,16.03,1111.64,413.95,1875.57,True
11001,-2.321603968883809,-3.220201659538519,-1.4230062782290989,87,0.22778934436033305,decrease,1.69,1.52,-10.0,7408.649999999999,14.94,1106.89,337.66,1952.52,True
22504,-2.22809546595804,-2.717700949330037,-1.7384899825860427,47,0.4044767296305901,decrease,29.95,26.96,-10.0,7985.030000000001,13.81,1103.03,646.11,1584.14,True
79320,-3.1232588900527003,-4.3286554127278105,-1.9178623673775896,41,0.38074482045429103,decrease,4.95,4.46,-10.0,4357.38,25.07,1092.42,442.44,1830.42,True
21207,-2.686235554134794,-3.5864594441326183,-1.7860116641369699,94,0.14256926037844464,decrease,1.65,1.48,-10.0,5597.42,19.44,1088.26,483.28,1753.43,True
21781,-1.9607196003077303,-2.6885335594931776,-1.232905641122283,82,0.24639476088929313,decrease,14.95,13.46,-10.0,10125.720000000001,10.65,1078.61,251.55,1971.59,True
22611,-3.1061242489629874,-3.841566049143102,-2.370682448782873,58,0.20592296013626377,decrease,4.95,4.46,-10.0,4338.63,24.84,1077.93,674.07,1514.33,True
21172,-2.2645771521146854,-3.6617448455995905,-0.8674094586297803,97,0.3954271837590635,decrease,1.45,1.35,-6.9,11382.16,9.46,1076.46,-107.33,2384.54,False
22972,-3.732158428506061,-4.800811788439605,-2.6635050685725172,50,0.5472288320763733,decrease,1.65,1.48,-10.0,3219.74,33.36,1074.02,616.79,1585.74,True
21578,-2.825973932016243,-3.4824323023318726,-2.1695155617006137,93,0.4032775303813796,decrease,2.25,2.02,-10.0,5062.860000000001,21.21,1074.02,663.91,1513.5,True
22654,-1.5821972524645598,-2.4061743262743756,-0.758220178654744,72,0.24100292627786535,decrease,5.95,5.36,-10.0,16971.27,6.33,1073.62,-426.87,2710.19,False
22691,-2.765902986590416,-3.7389795558822976,-1.7928264172985346,64,0.3934064513170956,decrease,7.95,7.16,-10.0,5198.6,20.45,1063.06,452.91,1739.1,True
22367,-1.6171199436316743,-3.0287588117571005,-0.20548107550624817,100,0.23461438626407416,decrease,1.95,1.76,-10.0,15778.67,6.72,1060.02,-1267.07,3760.28,False
21875,-2.1910255469792332,-2.9385398579445963,-1.4435112360138702,99,0.2532944186612339,decrease,1.25,1.12,-10.0,7882.08,13.37,1053.84,377.06,1786.07,True
84968B,-2.601642238315432,-3.8223450967539354,-1.3809393798769283,37,0.25982918292789214,decrease,12.75,11.48,-10.0,5681.41,18.38,1044.38,232.67,1967.5,True
18097C,-3.2378783972995224,-3.840213430671989,-2.635543363927056,80,0.30067501409375685,decrease,2.55,2.3,-10.0,3924.92,26.59,1043.64,738.12,1369.18,True
23133,-2.6399647303378577,-3.5253951728136528,-1.7545342878620627,33,0.34989422536036563,decrease,8.25,7.42,-10.0,5525.400000000001,18.86,1042.17,457.19,1684.34,True
21112,-2.649353173691813,-3.198560685151547,-2.100145662232079,76,0.3661306400155029,decrease,2.95,2.66,-10.0,5484.259999999999,18.98,1040.86,674.0,1429.57,True
21201,-2.403785231030337,-3.3011700010903327,-1.5064004609703416,95,0.23880346292291477,decrease,2.55,2.3,-10.0,6517.160000000001,15.94,1038.84,357.16,1788.12,True
22274,-2.3087296502770833,-3.790201834719344,-0.8272574658348228,103,0.23497265410428392,decrease,2.95,2.75,-6.78,10770.069999999998,9.62,1036.42,-129.82,2330.49,False
22436,-4.095208057029394,-6.001707255923581,-2.188708858135207,81,0.3138581117271796,decrease,0.65,0.59,-10.0,2687.0499999999997,38.56,1036.05,358.52,1864.31,True
22185,-2.4606240138598343,-3.3108826116123495,-1.610365416107319,97,0.2632049160536739,decrease,1.65,1.48,-10.0,6224.72,16.64,1035.58,413.45,1716.0,True
21411,-2.0992719423960207,-2.728747899955658,-1.4697959848363835,100,0.2985593088559143,decrease,4.25,3.82,-10.0,8352.94,12.28,1025.69,423.86,1668.79,True
22173,-1.6107670501976556,-2.4832922061182825,-0.7382418942770287,83,0.2340925536741476,decrease,2.95,2.66,-10.0,15411.9,6.65,1024.37,-419.24,2606.98,False
15044D,-2.9155950676851994,-3.515992584256293,-2.315197551114106,83,0.4009453382171999,decrease,2.95,2.66,-10.0,4559.65,22.36,1019.71,677.7,1384.05,True
72802A,-3.213869028548445,-3.7027063688935202,-2.7250316882033694,78,0.27623873608901117,decrease,4.25,3.82,-10.0,3789.8999999999996,26.27,995.62,755.38,1248.55,True
22029,-2.2138031501395194,-3.0576092475758916,-1.3699970527031475,103,0.3953892324398335,decrease,0.42,0.38,-10.0,7280.760000000001,13.64,993.27,289.43,1762.56,True
21993,-2.6462673748432497,-3.1048908267877278,-2.1876439228987716,96,0.5805409192407675,decrease,2.51,2.26,-10.0,5216.88,18.94,988.09,695.39,1295.28,True
22179,-1.6274815143072539,-2.3168933988531455,-0.9380696297613622,100,0.3520085279330021,decrease,6.75,6.08,-10.0,14418.610000000002,6.83,985.46,-93.78,2146.0,False
20966,-2.9658870096771226,-4.248861973801082,-1.6829120455531625,72,0.3497850183116701,decrease,1.88,1.69,-10.0,4265.24,23.01,981.6,318.2,1741.01,True
22071,-2.911830463653378,-3.4930437172266546,-2.3306172100801015,82,0.23703479867761323,decrease,3.75,3.38,-10.0,4355.88,22.32,972.02,655.55,1308.49,True
71053,-1.4954597793688538,-2.5480770548678358,-0.4428425038698718,104,0.1359496092613397,decrease,3.75,3.39,-9.6,18906.77,5.13,969.46,-1033.82,3197.29,False
84949,-1.7951220746615935,-3.328125906445999,-0.262118242877188,102,0.2362548235696903,decrease,1.65,1.55,-6.06,19015.800000000003,5.1,969.19,-857.32,2979.43,False
22041,-1.4807049316673182,-2.256445103471256,-0.7049647598633808,101,0.17969487695066733,decrease,2.55,2.3,-10.0,18650.87,5.2,968.95,-570.85,2639.88,False
22456,-1.4086128506406368,-2.233003323888041,-0.5842223773932329,89,0.1584067391772569,decrease,4.95,4.46,-10.0,21583.2,4.4,949.48,-925.08,2994.15,False
21713,-2.601069376581571,-3.457091277626441,-1.7450474755367011,88,0.3332502247428637,decrease,2.1,1.89,-10.0,5145.4400000000005,18.38,945.49,420.19,1520.37,True
22660,-2.414442878352001,-3.5872736470783932,-1.2416121096256088,66,0.2583644802440086,decrease,7.95,7.16,-10.0,5839.41,16.07,938.41,150.56,1829.9,True
84598,-2.8369488448309172,-4.859965747709579,-0.8139319419522559,87,0.20864521273718328,decrease,0.42,0.38,-10.0,4350.139999999999,21.35,928.93,-84.45,2183.05,False
22688,-2.6902793554802304,-4.713452775573192,-0.6671059353872693,33,0.14664614137908705,decrease,7.95,7.16,-10.0,4756.7,19.49,927.23,-163.94,2277.65,False
84947,-1.4555685361050794,-2.8269781036832353,-0.0841589685269235,103,0.3129375742121143,decrease,1.25,1.12,-10.0,18744.170000000002,4.92,921.64,-1724.17,3978.75,False
22169,-1.4337844957606296,-2.7850939988892476,-0.08247499263201141,99,0.302992471795425,decrease,8.5,7.65,-10.0,19507.600000000002,4.68,912.26,-1797.53,4036.67,False
37448,-2.4857615741848065,-3.1272540771312514,-1.8442690712383618,97,0.20524641762498574,decrease,1.49,1.37,-8.05,6827.210000000001,13.29,907.12,501.54,1335.14,True
22692,-1.909118631222033,-2.4274954676076845,-1.3907417948363814,72,0.23530842477433256,decrease,7.95,7.49,-5.79,15965.95,5.57,889.0,376.2,1417.9,True
20967,-2.967736804458501,-3.975558483777183,-1.9599151251398188,68,0.3816218929455625,decrease,3.75,3.39,-9.6,3997.34,21.97,878.17,406.64,1400.18,True
22329,-2.578050392307304,-3.3651721136324597,-1.7909286709821486,98,0.25353950433874506,decrease,1.65,1.55,-6.06,8430.45,10.37,874.16,427.36,1343.51,True
22305,-2.5895366595771296,-3.6906514027148094,-1.4884219164394499,81,0.18347995278424933,decrease,2.55,2.3,-10.0,4711.530000000001,18.23,858.98,248.8,1544.22,True
22070,-2.3274517643398016,-3.2582638976515557,-1.3966396310280476,87,0.1844985346213598,decrease,3.75,3.38,-10.0,5701.490000000001,15.01,855.87,243.31,1531.55,True
85067,-1.938373916273824,-3.2519816795173373,-0.624766153030311,51,0.10907320815792698,decrease,18.95,17.06,-10.0,8201.99,10.39,852.35,-317.94,2196.36,False
21351,-2.9562705701953282,-3.5590553636651014,-2.353485776725555,34,0.5017779999514063,decrease,6.75,6.08,-10.0,3702.75,22.89,847.53,567.53,1145.89,True
22459,-3.116128676412607,-4.266494598743689,-1.9657627540815255,51,0.33490928340467496,decrease,2.55,2.3,-10.0,3389.7400000000002,24.98,846.64,363.08,1392.52,True
22908,-2.6095559379018507,-3.541201227583107,-1.6779106482205943,62,0.14211869256310383,decrease,0.85,0.76,-10.0,4524.0,18.48,836.09,334.95,1388.91,True
22653,-2.3150830186536733,-3.639689634437814,-0.9904764028695325,68,0.3814760609155091,decrease,1.95,1.76,-10.0,5618.21,14.86,834.96,-5.63,1801.44,False
22782,-2.921509362035043,-3.341669834086334,-2.5013488899837526,39,0.729073172182053,decrease,24.95,22.46,-10.0,3712.2999999999997,22.44,833.04,636.22,1038.78,True
82482,-1.1840485882963403,-1.9356369123545898,-0.4324602642380909,95,0.15032508059330607,decrease,2.55,2.3,-10.0,41837.60000000001,1.96,819.21,-2428.4,4334.45,False
22291,-2.6111878564122017,-3.5117992479380558,-1.7105764648863475,65,0.20538179734220552,decrease,1.45,1.3,-10.0,4412.929999999999,18.5,816.46,343.06,1336.97,True
21833,-1.6969197724070408,-3.068338613318571,-0.32550093149551107,97,0.17034051055318766,decrease,1.69,1.52,-10.0,10681.67,7.62,813.85,-732.75,2600.87,False
84796B,-2.4289004414206534,-2.99067600511598,-1.8671248777253266,48,0.39662154161066354,decrease,8.29,7.46,-10.0,4999.79,16.25,812.33,478.3,1166.73,True
22841,-2.9512620120649227,-3.870686985901642,-2.031837038228203,60,0.21403145278135494,decrease,7.95,7.45,-6.29,6002.52,13.51,811.14,416.11,1230.47,True
22183,-3.084438109154128,-4.05618163855049,-2.112694579757765,61,0.3307383072590082,decrease,5.91,5.32,-10.0,3297.25,24.56,809.81,410.12,1252.58,True
22577,-2.0045655559101823,-2.676523317756405,-1.3326077940639593,64,0.6698992995439917,decrease,0.85,0.76,-10.0,7154.530000000001,11.16,798.77,255.17,1382.26,True
22335,-2.647216273832977,-3.5304723658336488,-1.7639601818323052,102,0.3551373413269199,decrease,0.65,0.6,-7.69,5644.7699999999995,14.09,795.54,355.95,1267.34,True
84912A,-3.203024963688485,-4.8688839577033205,-1.5371659696736497,73,0.30182684973865515,decrease,3.52,3.17,-10.0,2996.44,26.13,782.85,174.48,1507.95,True
22544,-2.791540379593716,-4.200501649138571,-1.3825791100488607,86,0.2724190609454239,decrease,0.42,0.38,-10.0,3756.52,20.77,780.41,154.51,1506.47,True
22567,-2.0052082346910383,-3.62713790680957,-0.3832785625725068,80,0.0618288019585711,decrease,1.25,1.12,-10.0,6955.83,11.17,777.11,-437.61,2218.2,False
22540,-3.648410201670483,-4.952971650167738,-2.3438487531732286,77,0.3348233485102433,decrease,0.42,0.38,-10.0,2410.2900000000004,32.19,775.77,366.61,1245.21,True
22271,-1.7710456133898067,-2.558486447810438,-0.9836047789691754,99,0.3813566641574089,decrease,2.95,2.75,-6.78,13921.73,5.56,774.36,-16.01,1609.66,False
82600,-1.2883015684557506,-2.0787510639968754,-0.49785207291462585,98,0.10858279419241668,decrease,2.1,1.9,-9.76,25736.190000000002,3.01,773.55,-1293.82,3015.77,False
85184C,-2.386772007434948,-3.496477470525333,-1.2770665443445626,91,0.22382772045546928,decrease,2.95,2.66,-10.0,4891.709999999999,15.73,769.59,144.9,1471.75,True
22366,-1.4099374228682284,-2.587552152780101,-0.23232269295635555,99,0.09354284505308097,decrease,7.95,7.16,-10.0,17242.3,4.41,761.03,-1339.7,3139.27,False
21679,-3.1628010231674413,-4.412393852981833,-1.9132081933530491,96,0.3634792360827257,decrease,0.85,0.78,-7.65,4034.51,18.77,757.46,304.01,1258.3,True
21033,-1.6772077262226956,-2.7098330353314166,-0.6445824171139745,87,0.19243136585320542,decrease,2.95,2.66,-10.0,10132.110000000002,7.4,749.35,-372.4,2000.03,False
22646,-1.5425411609039958,-2.329280941950745,-0.7558013798572464,82,0.3876355060688841,decrease,1.45,1.3,-10.0,12654.710000000001,5.88,744.45,-321.44,1902.45,False
22594,-2.4836346042534387,-4.1129531455657755,-0.8543160629411017,51,0.5785530442534962,decrease,0.85,0.76,-10.0,4377.33,16.92,740.63,-66.68,1699.12,False
21249,-2.3620624977617313,-2.942112009028796,-1.7820129864946666,98,0.32822177326787316,decrease,2.95,2.66,-10.0,4770.53,15.43,736.17,409.71,1083.2,True
22110,-1.7754939851211682,-2.388163448247339,-1.1628245219949975,89,0.3562521907500068,decrease,3.45,3.11,-10.0,8563.759999999998,8.51,729.09,148.18,1348.74,True
21872,-2.229195851663829,-3.0415299967836322,-1.4168617065440259,94,0.2600579917750353,decrease,1.25,1.12,-10.0,5163.8,13.83,713.99,231.85,1239.22,True
22687,-2.1002680480237177,-3.100727368895461,-1.0998087271519748,34,0.26862148625384397,decrease,7.95,7.16,-10.0,5784.67,12.29,711.0,61.15,1433.09,True
85184D,-2.3724561377610747,-3.336956472481211,-1.4079558030409385,33,0.5489461923044208,decrease,2.95,2.66,-10.0,4546.78,15.56,707.39,199.69,1269.39,True
21259,-1.4723317190447127,-2.3896177495424746,-0.5550456885469508,104,0.1608786026238277,decrease,5.95,5.36,-10.0,13843.920000000002,5.1,706.37,-634.03,2182.79,False
84212,-1.5423152585308106,-2.7490696334365587,-0.33556088362506253,90,0.20557912370052522,decrease,0.65,0.59,-10.0,11961.490000000002,5.88,703.37,-808.73,2420.48,False
22947,-1.5094825582151943,-2.2222904832139307,-0.7966746332164577,33,0.6733092228668582,decrease,16.95,15.26,-10.0,12704.150000000001,5.51,700.59,-269.26,1746.07,False
22578,-1.9752903731264164,-2.6376385236577735,-1.3129422225950593,45,0.6942669600289498,decrease,0.85,0.76,-10.0,6419.240000000001,10.82,694.7,215.18,1208.89,True
21717,-2.505663221953541,-4.023756607819944,-0.9875698360871377,43,0.1318779202977014,decrease,2.55,2.3,-10.0,4039.63,17.19,694.46,-5.29,1515.59,False
22788,-2.537260092287873,-4.470554271484742,-0.6039659130910044,32,0.3171351496303755,decrease,9.95,8.96,-10.0,3942.62,17.58,693.19,-161.13,1740.53,False
20770,-3.5749549036168147,-4.6419378576051615,-2.507971949628468,77,0.1644934490774358,decrease,2.55,2.3,-10.0,2190.5900000000006,31.17,682.73,377.22,1024.6,True
82552,-1.6536219153948846,-3.1412393889296766,-0.16600444186009233,100,0.07539717906909782,decrease,1.45,1.3,-10.0,9527.16,7.13,679.22,-801.43,2411.1,False
21243,-1.9541477157907878,-3.2712097919621472,-0.6370856396194284,101,0.13668460694175566,decrease,1.69,1.57,-7.1,9287.7,7.28,676.18,-244.97,1691.17,False
21878,-2.8677187987811155,-4.388966887630852,-1.346470709931379,82,0.32201148188370843,decrease,0.85,0.79,-7.06,4586.4800000000005,14.65,671.97,117.81,1291.4,True
21981,-1.8535801670570664,-2.48502573260109,-1.222134601513043,93,0.24515873713789915,decrease,0.29,0.26,-10.0,7129.46,9.41,670.89,168.83,1207.5,True
21992,-1.8946099291289435,-2.458667649641791,-1.330552208616096,100,0.4022851615045502,decrease,2.51,2.26,-10.0,6744.799999999999,9.88,666.67,239.04,1120.48,True
72349B,-2.4394079724788993,-3.5892984486807964,-1.2895174962770022,93,0.17112115925112237,decrease,2.1,1.89,-10.0,4049.9900000000007,16.38,663.23,125.44,1270.28,True
84971S,-2.073836794381792,-3.01863205786564,-1.1290415308979438,103,0.1786860569532016,decrease,0.85,0.76,-10.0,5493.31,11.98,658.04,75.2,1301.88,True
22222,-1.9521566190685957,-2.707270095856761,-1.1970431422804306,101,0.2738413307718066,decrease,4.95,4.46,-10.0,6160.839999999998,10.55,650.12,129.24,1214.13,True
15044B,-2.242857946851028,-3.2713673272965957,-1.2143485664054603,69,0.1703093439108515,decrease,2.95,2.66,-10.0,4644.130000000001,13.99,649.75,106.08,1255.66,True
22293,-2.9250911476320676,-3.9268563713519877,-1.9233259239121474,71,0.3479999217138301,decrease,1.45,1.3,-10.0,2860.2,22.49,643.15,292.23,1033.14,True
22120,-1.7988776947764018,-3.0440760394608,-0.5536793500920036,81,0.1324343430857824,decrease,9.95,9.22,-7.29,10314.189999999999,6.23,642.61,-342.46,1724.99,False
22065,-1.9205652985742447,-2.492311134786285,-1.3488194623622043,60,0.6012413379044541,decrease,1.45,1.3,-10.0,6273.840000000001,10.19,639.0,234.86,1068.22,True
22364,-1.885838940753964,-2.710741962758807,-1.060935918749121,86,0.2390124207433213,decrease,2.95,2.66,-10.0,6498.609999999999,9.78,635.74,41.86,1283.54,True
21110,-1.736743322334676,-2.6297796231373463,-0.8437070215320055,88,0.2115734916988089,decrease,6.75,6.08,-10.0,7729.369999999999,8.07,623.88,-126.24,1448.01,False
21651,-3.3674289428868587,-4.6085557774057,-2.1263021083680176,50,0.3540098600814834,decrease,1.65,1.48,-10.0,2200.3600000000006,28.33,623.36,277.24,1017.83,True
22741,-1.8144510809978618,-2.6532428693303785,-0.9756592926653452,61,0.4333705728263135,decrease,0.85,0.78,-7.65,9173.030000000002,6.69,614.01,-17.75,1289.37,False
21846,-2.4076790715004517,-2.8007405642828127,-2.0146175787180907,82,0.39239772411009366,decrease,4.21,3.79,-10.0,3803.399999999999,15.99,608.08,429.11,794.6,True
21913,-2.2537760872205355,-2.880115880301117,-1.627436294139954,98,0.2886014703786979,decrease,3.75,3.38,-10.0,4302.4800000000005,14.12,607.6,294.04,942.55,True
22531,-3.144667468324411,-4.630534972140035,-1.6587999645087863,87,0.23939282373131043,decrease,0.42,0.39,-7.14,3507.7599999999998,17.23,604.26,175.51,1082.92,True
75131,-4.1358918575240375,-5.420609008048683,-2.851174706999392,46,0.2912520810495234,decrease,1.69,1.52,-10.0,1543.03,39.15,604.13,332.31,915.36,True
85174,-1.7648060265408088,-2.3982757853739667,-1.1313362677076508,91,0.3103568113929137,decrease,4.95,4.46,-10.0,7193.459999999999,8.39,603.65,100.23,1141.81,True
22723,-2.2450682090194283,-2.8367372678978873,-1.6533991501409693,51,0.3850347751481691,decrease,3.95,3.56,-10.0,4262.82,14.02,597.54,303.8,910.17,True
20982,-2.2404607999949695,-4.125137957203481,-0.3557836427864578,100,0.290066955746753,decrease,0.85,0.76,-10.0,4243.799999999999,13.96,592.52,-278.49,1654.86,False
22341,-2.5799521801587337,-3.416998794939005,-1.7429055653784626,90,0.34450359854246737,decrease,1.65,1.55,-6.06,5698.889999999999,10.38,591.67,270.94,929.64,True
22165,-1.7034572928731426,-2.3250345423403913,-1.081880043405894,88,0.36292652978474793,decrease,11.77,10.59,-10.0,7673.7300000000005,7.69,590.36,66.49,1149.69,True
20681,-2.4595777841584625,-3.4792505593692797,-1.4399050089476453,65,0.2718344829764294,decrease,3.25,3.0,-7.69,4757.150000000001,12.39,589.54,170.49,1044.22,True
21504,-3.436765571846027,-4.470412484416658,-2.4031186592753953,91,0.502084174777688,decrease,0.42,0.38,-10.0,2005.02,29.27,586.88,319.44,885.1,True
22465,-1.7351299734307222,-3.0845659204103084,-0.38569402645113593,87,0.33098071418047326,decrease,1.65,1.48,-10.0,7284.24,8.05,586.62,-456.53,1789.13,False
85132C,-1.910424351890112,-2.2415608752840033,-1.579287828496221,66,0.680748403747808,decrease,8.29,7.46,-10.0,5818.939999999999,10.07,585.82,366.22,813.21,True
22053,-2.2885755397635923,-3.788350116089193,-0.788800963437992,53,0.1976976320333501,decrease,1.25,1.12,-10.0,4020.8900000000003,14.54,584.69,-88.48,1373.1,False
23164,-2.8448900783857214,-3.757106411510396,-1.9326737452610467,30,0.3331301044940924,decrease,4.95,4.46,-10.0,2718.6500000000005,21.46,583.3,280.72,916.41,True
22304,-2.108119508343213,-3.3338096924096847,-0.8824293242767414,75,0.2028542952615089,decrease,2.55,2.3,-10.0,4689.56,12.38,580.76,-57.73,1307.26,False
21528,-1.9236292632089134,-2.640594896289953,-1.2066636301278737,96,0.13932857651906472,decrease,6.95,6.26,-10.0,5680.15,10.22,580.55,125.04,1071.8,True
21470,-2.2161591934711438,-2.885670713868561,-1.5466476730737269,94,0.15163054321935043,decrease,3.75,3.38,-10.0,4190.93,13.67,572.93,248.46,921.11,True
22898,-2.0313108562776048,-2.878516065502265,-1.1841056470529447,63,0.51240544202757,decrease,1.95,1.8,-7.69,6604.159999999999,8.61,568.3,98.04,1071.55,True
21507,-2.4400845526283685,-3.259387685221494,-1.620781420035243,104,0.4381004500142157,decrease,0.42,0.38,-10.0,3455.41,16.38,566.15,233.56,928.72,True
22452,-2.462017634940634,-3.010780904654077,-1.9132543652271914,74,0.36970456701817334,decrease,2.95,2.66,-10.0,3358.1,16.65,559.25,339.18,792.41,True
22464,-1.3988467915383633,-2.074512330911044,-0.723181252165683,92,0.21138417924924735,decrease,1.65,1.48,-10.0,12985.310000000001,4.29,557.31,-373.26,1556.53,False
21126,-3.010447389077676,-3.805629621217721,-2.215265156937631,95,0.2302433075410829,decrease,1.25,1.12,-10.0,2349.2200000000003,23.59,554.25,320.9,807.98,True
85038,-1.8870296961870037,-3.368216526491666,-0.4058428658823412,89,0.20757693986317294,decrease,2.1,1.9,-9.76,5803.58,9.54,553.63,-343.61,1598.3,False
35004B,-1.7345921617591529,-2.339755682367275,-1.1294286411510308,86,0.23936615549855256,decrease,5.45,4.9,-10.0,6809.65,8.05,547.98,93.5,1032.38,True
22299,-2.098280071593002,-2.8877626435446677,-1.3087974996413367,72,0.441518880780546,decrease,1.25,1.12,-10.0,4430.82,12.27,543.56,146.53,975.02,True
21115,-1.626215872484218,-2.1861350148067773,-1.0662967301616586,100,0.24363682342568005,decrease,6.75,6.08,-10.0,7955.840000000001,6.82,542.62,55.77,1059.05,True
72802B,-2.1380790919314014,-2.4366797168818626,-1.8394784669809403,79,0.3505974172974209,decrease,4.25,3.82,-10.0,4258.97,12.74,542.57,393.86,696.03,True
22076,-2.370810767842029,-3.016611149148498,-1.7250103865355602,98,0.3175532195310776,decrease,1.65,1.48,-10.0,3490.19,15.54,542.31,277.05,826.23,True
22107,-2.0028641439306063,-2.7648097309685324,-1.2409185568926802,88,0.42229506129229333,decrease,3.75,3.38,-10.0,4840.59,11.14,539.47,124.44,989.18,True
22186,-1.8978419669879316,-2.58232037719633,-1.2133635567795333,53,0.502683977292253,decrease,2.95,2.66,-10.0,5431.400000000001,9.92,538.88,123.48,985.35,True
10135,-2.0564463128837143,-2.8469682183039646,-1.265924407463464,94,0.23347397881819432,decrease,1.25,1.12,-10.0,4566.210000000001,11.77,537.62,129.74,980.92,True
21984,-2.0129281519299504,-2.825477236751272,-1.200379067108629,101,0.2869742690322604,decrease,0.29,0.27,-6.9,7023.95,7.51,527.27,101.3,978.7,True
21109,-2.0567856447446067,-2.7192256864302227,-1.394345603058991,76,0.39655330339584394,decrease,6.75,6.08,-10.0,4476.49,11.78,527.24,189.91,888.95,True
22533,-3.434220618670961,-4.648416915045372,-2.2200243222965503,72,0.12053516101016692,decrease,0.42,0.38,-10.0,1783.3600000000001,29.24,521.38,244.62,835.92,True
10133,-2.8822966550654385,-3.4543828988247167,-2.3102104113061603,74,0.4915135970829292,decrease,0.85,0.76,-10.0,2373.2599999999998,21.94,520.58,351.31,700.37,True
21810,-2.0655850919763545,-2.824420280129689,-1.30674990382302,43,0.669696297798983,decrease,1.25,1.12,-10.0,4374.41,11.88,519.75,143.69,927.11,True
21537,-2.8627255366253594,-3.631232222295794,-2.094218850954925,83,0.23882447989551103,decrease,4.25,4.0,-5.88,4338.71,11.96,518.69,297.58,750.36,True
21071,-1.9345673396357252,-2.8729193463641858,-0.9962153329072647,96,0.22938214051116446,decrease,1.25,1.12,-10.0,4998.32,10.35,517.21,-1.99,1090.37,False
21354,-2.518757404482185,-3.539292068486362,-1.4982227404780082,68,0.23225368411328362,decrease,1.25,1.12,-10.0,2979.46,17.35,517.03,160.58,913.94,True
21123,-2.3443761129953273,-4.071428973819787,-0.6173232521708683,89,0.15334966744178058,decrease,1.25,1.12,-10.0,3393.06,15.22,516.31,-134.08,1296.5,False
21706,-1.925440836923495,-2.3794567211037396,-1.4714249527432501,93,0.21283680916661873,decrease,4.95,4.46,-10.0,5026.210000000001,10.24,514.77,255.95,786.27,True
22300,-1.5480963825383083,-2.329287984424232,-0.766904780652385,99,0.18492042538918607,decrease,2.55,2.33,-8.82,9891.399999999998,5.19,513.69,-210.7,1292.29,False
35924,-2.1279528612947587,-3.0366625174849258,-1.2192432051045914,76,0.21978164687283663,decrease,2.1,1.89,-10.0,4049.4,12.62,511.0,94.63,969.21,True
21818,-2.730108139459759,-3.4180083136555512,-2.0422079652639664,63,0.570397979508799,decrease,0.85,0.76,-10.0,2549.4499999999994,20.0,509.78,295.9,739.74,True
22807,-2.1098615234771323,-2.8196035859511546,-1.40011946100311,59,0.5177910853685213,decrease,2.95,2.66,-10.0,4086.5600000000004,12.4,506.93,175.96,863.59,True
21811,-1.993865268730937,-2.507345195852589,-1.480385341609285,77,0.6234944298910814,decrease,1.25,1.12,-10.0,4577.18,11.04,505.29,237.63,787.83,True
22442,-1.9551556524076728,-2.935760196898319,-0.9745511079170266,58,0.2596004715463016,decrease,7.95,7.16,-10.0,4765.319999999999,10.59,504.52,-12.76,1078.11,False
18098C,-2.3757432171667414,-3.5438411728410046,-1.2076452614924782,64,0.10194793873736674,decrease,2.95,2.66,-10.0,3231.13,15.6,503.99,71.47,993.16,True
22848,-1.7467627439172309,-2.853904115111262,-0.6396213727231996,53,0.14914055904187484,decrease,16.95,15.26,-10.0,6128.600000000001,8.19,501.67,-228.34,1322.0,False
21743,-2.186042491546748,-3.387166416499112,-0.9849185665943831,55,0.47181958940440416,decrease,2.95,2.66,-10.0,3767.08,13.31,501.42,-5.98,1077.27,False
21988,-1.783993654330306,-3.2893689772011827,-0.2786183314594295,101,0.05035890872063853,decrease,0.85,0.76,-10.0,5820.100000000001,8.61,501.17,-425.96,1587.65,False
21067,-2.1580845250812857,-2.663690404589079,-1.6524786455734923,80,0.31371563168529804,decrease,1.25,1.12,-10.0,3830.67,12.98,497.12,272.6,733.91,True
22132,-2.931231671804679,-3.59804433911774,-2.264419004491618,99,0.40288435291530833,decrease,0.85,0.78,-7.65,2989.8099999999995,16.61,496.5,316.38,686.43,True
21291,-3.0332266345950343,-4.250557626808391,-1.8158956423816777,75,0.29062446974365286,decrease,0.85,0.76,-10.0,2077.93,23.89,496.41,186.53,848.7,True
21206,-2.4212983098441287,-3.0917858104322224,-1.7508108092560348,89,0.25189070583805906,decrease,1.65,1.48,-10.0,3067.9,16.15,495.6,252.55,756.44,True
22064,-1.4311126885827727,-2.283529410516747,-0.5786959666487984,103,0.20956180807235214,decrease,1.65,1.48,-10.0,10592.659999999998,4.65,492.24,-459.91,1533.86,False
21700,-0.2947591822296427,-0.5732016104409557,-0.01631675401832966,96,0.05779596374934026,increase,0.85,0.94,10.0,7028.51,6.95,488.67,291.8,690.84,True
84946,-0.8967301849486173,-1.517253658969845,-0.27620671092738946,104,0.3385764620702797,increase,1.25,1.38,10.0,49210.4,0.99,486.75,-2367.22,3514.61,False
22736,-2.612215362095747,-3.648825811987911,-1.5756049122035831,46,0.6765868272509665,decrease,1.65,1.55,-6.06,4538.280000000001,10.61,481.29,166.29,817.38,True
22327,-1.4478032800252083,-1.9623123218686558,-0.9332942381817608,99,0.26615107683861616,decrease,2.95,2.66,-10.0,9943.550000000001,4.83,480.39,-69.64,1061.06,False
21096,-2.544527657357665,-3.288225372744713,-1.8008299419706175,59,0.5525850783703818,decrease,0.83,0.75,-10.0,2711.709999999999,17.67,479.22,238.73,739.3,True
22675,-2.521595624608175,-3.5645318700408186,-1.4786593791755311,67,0.2752032171808467,decrease,1.25,1.12,-10.0,2754.9500000000003,17.39,479.04,142.5,854.66,True
21467,-2.294267735045083,-3.904036069345561,-0.6844994007446052,84,0.11883854395733862,decrease,3.75,3.38,-10.0,3263.75,14.61,476.83,-106.71,1168.24,False
21730,-1.7779446756578,-2.8954485495664084,-0.6604408017491912,70,0.16049070500906382,decrease,4.95,4.46,-10.0,5534.169999999999,8.54,472.71,-194.49,1223.29,False
22839,-1.6710044550748635,-2.245474398329701,-1.096534511820026,60,0.22317190131936038,decrease,14.95,13.85,-7.36,8971.17,5.26,472.06,66.43,895.9,True
22356,-0.7655118174573419,-1.3511451614634096,-0.17987847345127428,104,0.31638414852537844,increase,0.85,0.94,10.0,20871.9,2.26,471.72,-686.97,1696.93,False
22321,-2.7359907917593116,-3.5438984208791586,-1.9280831626394646,96,0.42077341254021483,decrease,1.24,1.12,-10.0,2339.95,20.07,469.63,240.37,719.26,True
17096,-4.330094239662643,-5.27093910475253,-3.389249374572757,53,0.5241078014390079,decrease,0.32,0.29,-10.0,1117.0900000000001,42.03,469.5,319.77,634.84,True
84968C,-1.5641182030201914,-2.4283268314202813,-0.6999095746201015,76,0.23372669695646442,decrease,12.75,11.48,-10.0,7629.250000000001,6.12,467.2,-237.45,1239.01,False
21897,-2.5347746794068984,-3.982610954276696,-1.0869384045371007,43,0.07195316635142512,decrease,2.95,2.66,-10.0,2641.3599999999997,17.55,463.59,24.31,975.27,True
22644,-1.600666189364329,-2.0068982497220156,-1.1944341290066425,81,0.39075738893171863,decrease,1.45,1.3,-10.0,7069.88,6.53,461.89,146.32,791.25,True
85061W,-1.7651080435385753,-2.9612996292244427,-0.568916457852708,100,0.21866540483173347,decrease,0.85,0.76,-10.0,5451.49,8.4,457.65,-242.06,1251.36,False
22215,-1.4803808069109472,-2.159032083853206,-0.8017295299686883,95,0.11514342656793852,decrease,8.5,7.65,-10.0,8809.93,5.19,457.38,-182.13,1144.28,False
22378,-1.6119060713395141,-2.285362627000915,-0.9384495156781134,94,0.24154353047033317,decrease,2.1,1.89,-10.0,6826.509999999998,6.66,454.61,-44.13,990.01,False
85132A,-1.8017199258682601,-2.2047177315865683,-1.3987221201499518,60,0.4695105896043086,decrease,8.47,7.62,-10.0,5152.07,8.81,454.1,221.05,697.27,True
21785,-3.4878397110151713,-4.626494671365389,-2.3491847506649535,44,0.2754391522308697,decrease,0.85,0.76,-10.0,1514.6299999999999,29.97,453.91,231.36,704.82,True
21610,-3.4396419968389043,-6.008436422928375,-0.8708475707494339,43,0.11424123423480714,decrease,2.95,2.66,-10.0,1543.6700000000003,29.31,452.45,-20.86,1072.87,False
21903,-2.0304262811917306,-3.3607312709546724,-0.7001212914287891,100,0.08774141338126573,decrease,2.1,1.98,-5.95,6908.869999999999,6.53,451.0,-125.98,1077.06,False
22023,-2.8640405012733736,-3.5227704627752097,-2.2053105397715376,100,0.5000343296035736,decrease,0.42,0.38,-10.0,2076.77,21.7,450.68,281.21,632.32,True
22843,-2.04033125489048,-3.211270594314166,-0.8693919154667937,54,0.07201960213632452,decrease,6.75,6.08,-10.0,3858.5099999999998,11.58,446.98,-52.73,1012.31,False
21313,-1.7079045165161129,-2.443099111183079,-0.9727099218491468,97,0.18674188109630796,decrease,0.85,0.76,-10.0,5771.11,7.74,446.9,-16.57,947.69,False
22075,-1.8670763084065536,-2.5823602290980965,-1.1517923877150107,68,0.3633249252207945,decrease,1.65,1.48,-10.0,4660.6900000000005,9.57,445.83,75.14,845.55,True
22354,-1.507431047715317,-2.294728212179577,-0.7201338832510568,89,0.2099134440980719,decrease,3.75,3.39,-9.6,8454.559999999998,5.25,444.26,-235.46,1180.2,False
21509,-2.106722420670773,-2.9553627690351263,-1.2580820723064197,103,0.3535191599579556,decrease,0.42,0.38,-10.0,3587.2200000000003,12.37,443.65,98.88,820.67,True
22175,-1.7528303450838,-2.480964405755617,-1.0246962844119831,97,0.24330013279699314,decrease,2.95,2.66,-10.0,5278.3099999999995,8.25,435.72,13.75,891.33,True
21703,-1.9881860330376346,-2.9945615615835743,-0.9818105044916952,103,0.17261436313811962,decrease,0.42,0.39,-7.14,5646.470000000001,7.6,429.02,-7.61,899.46,False
21564,-1.8560602151597123,-3.052183394855164,-0.6599370354642604,97,0.1503857330159265,decrease,2.95,2.66,-10.0,4524.5,9.44,427.06,-159.24,1092.1,False
84507B,-3.0520877583435757,-4.539265438980937,-1.5649100777062146,57,0.3623733473170493,decrease,2.55,2.3,-10.0,1764.0299999999997,24.14,425.77,108.18,797.23,True
22939,-2.0823555153117574,-2.915165533859395,-1.2495454967641202,55,0.4201971392065075,decrease,4.95,4.46,-10.0,3502.5400000000004,12.08,423.09,93.31,783.11,True
22509,-1.7489852382809399,-2.0670538676734598,-1.43091660888842,71,0.25536280735533246,decrease,16.95,15.26,-10.0,5130.359999999999,8.21,421.26,238.3,610.45,True
22539,-2.61508667962947,-3.710685827316097,-1.5194875319428427,80,0.26366683884436193,decrease,0.42,0.38,-10.0,2268.13,18.55,420.74,127.6,749.75,True
21211,-2.117479518917988,-2.867665262791207,-1.3672937750447687,91,0.16281028362155636,decrease,1.45,1.3,-10.0,3365.64,12.49,420.54,132.8,731.94,True
84968E,-1.8408558520227583,-2.7284209384598244,-0.9532907655856924,54,0.1543047988175762,decrease,12.75,11.48,-10.0,4490.4800000000005,9.26,415.98,-22.04,896.94,False
84968D,-1.704125232790205,-3.0197998792761545,-0.38845058630425555,46,0.14807695289872502,decrease,12.75,11.48,-10.0,5393.71,7.7,415.36,-336.57,1279.1,False
22357,-1.7139420851028442,-2.4087844485710734,-1.019099721634615,97,0.17414269449265996,decrease,4.25,4.0,-5.88,9352.41,4.42,413.68,10.84,833.86,True
21949,-2.1655682979236466,-3.2752978463383493,-1.0558387495089439,84,0.2545235616589736,decrease,1.25,1.12,-10.0,3164.1800000000003,13.07,413.44,18.67,857.18,True
84828,-2.484435637009754,-3.4750885050533133,-1.493782768966194,90,0.2943668567538509,decrease,1.25,1.16,-7.6,3315.18,12.45,412.73,131.95,716.37,True
22931,-3.063849133687798,-4.446965312757449,-1.6807329546181473,41,0.27411544233755936,decrease,2.55,2.33,-8.82,1963.3000000000002,21.0,412.35,127.42,736.11,True
22532,-4.008397331200887,-4.859670432399987,-3.157124230001786,67,0.13430308760671794,decrease,0.42,0.38,-10.0,1101.1000000000001,37.3,410.66,280.97,552.52,True
21794,-2.0371806987358574,-2.5663220295820284,-1.5080393678896864,70,0.4448541993306919,decrease,6.75,6.08,-10.0,3552.0900000000006,11.55,410.17,195.31,637.34,True
21469,-2.0518298416863052,-3.327326645365601,-0.7763330380070095,79,0.19971281827728382,decrease,3.75,3.38,-10.0,3482.01,11.72,408.08,-81.1,967.61,False
21786,-2.1892660393799708,-2.9764086445525857,-1.4021234342073559,99,0.2318823387491874,decrease,0.615,0.55,-10.0,3049.03,13.35,407.02,131.96,705.86,True
84031A,-1.8275785753108678,-3.0763639320086287,-0.5787932186131068,74,0.2677762703390152,decrease,4.43,3.99,-10.0,4404.0199999999995,9.11,401.24,-191.17,1076.96,False
21125,-2.5766854405119495,-4.046638394474663,-1.1067324865492356,90,0.11802733949786859,decrease,1.25,1.12,-10.0,2211.38,18.07,399.63,25.01,837.01,True
22133,-2.5356041116292607,-3.262234383842081,-1.8089738394164403,100,0.33590967724331655,decrease,1.255,1.13,-10.0,2258.61,17.56,396.65,200.95,607.91,True
21204,-2.3015699630791784,-2.937056352756135,-1.6660835734022217,87,0.28688235987851696,decrease,1.65,1.48,-10.0,2682.9900000000007,14.7,394.35,195.05,607.45,True
22902,-2.036392679698155,-3.191687411046301,-0.8810979483500085,59,0.25301417969496764,decrease,2.1,1.9,-9.76,3506.56,11.23,393.89,-42.57,885.34,False
22445,-1.9018147360880073,-2.796241021229118,-1.0073884509468962,77,0.22318262464557204,decrease,2.95,2.66,-10.0,3948.86,9.97,393.61,3.08,822.73,True
21715,-2.190798814152058,-2.9701735003211005,-1.411424127983015,99,0.28252788795839556,decrease,2.55,2.46,-3.53,8987.239999999998,4.37,392.89,133.85,659.29,True
21924,-2.390882312743639,-3.640424599846064,-1.1413400256412143,35,0.1682802064329707,decrease,7.95,7.16,-10.0,2486.6599999999994,15.78,392.46,37.31,797.59,True
22530,-2.1883033346620198,-3.7998554487771243,-0.5767512205469152,87,0.24173588788421052,decrease,0.42,0.39,-7.14,4257.09,9.21,391.89,-131.46,981.63,False
22059,-1.5439185004569311,-2.1328504541605597,-0.9549865467533024,99,0.17143867168315463,decrease,1.49,1.34,-10.0,6639.030000000001,5.9,391.58,-31.41,841.65,False
90167,-2.852691728704714,-4.671616967043578,-1.03376649036585,40,0.3339142224526157,decrease,0.85,0.76,-10.0,1801.1699999999998,21.56,388.25,6.42,850.74,True
70006,-1.8489696373548614,-2.836984969472055,-0.8609543052376681,61,0.16789836548255488,decrease,1.65,1.48,-10.0,4139.56,9.36,387.34,-60.2,883.98,False
20992,-2.076824080030747,-2.463265039985589,-1.6903831200759054,97,0.5279056852774817,decrease,0.85,0.76,-10.0,3220.3999999999996,12.01,386.9,242.98,536.81,True
22072,-1.3893462955050424,-1.950632985532193,-0.8280596054778917,97,0.11600107154053707,decrease,3.75,3.38,-10.0,9231.009999999998,4.19,386.55,-165.72,972.46,False
22537,-2.392975123756752,-3.3799548383794953,-1.4059954091340086,84,0.1111921905494907,decrease,0.42,0.38,-10.0,2420.9100000000003,15.81,382.7,105.8,689.94,True
22735,-2.3276767256196718,-3.1593797235232364,-1.4959737277161071,38,0.5914900892013406,decrease,1.65,1.48,-10.0,2541.38,15.01,381.57,136.33,649.26,True
22220,-1.5101003428697097,-2.475542729975383,-0.5446579557640361,89,0.11920573852760352,decrease,9.95,8.96,-10.0,6885.4400000000005,5.52,380.18,-322.53,1158.13,False
21482,-2.452638150924147,-3.4942568344868503,-1.4110194673614436,34,0.23701889024410605,decrease,2.95,2.66,-10.0,2296.7600000000007,16.54,379.85,101.65,690.32,True
22325,-2.0836903128950897,-2.9621327715715284,-1.2052478542186509,81,0.23760039431878122,decrease,4.95,4.46,-10.0,3139.9900000000002,12.1,379.79,68.64,721.11,True
85053,-1.7884860191014644,-2.735047984835131,-0.8419240533677979,72,0.14670584960198207,decrease,2.1,1.89,-10.0,4363.28,8.66,377.96,-72.07,875.19,False
21707,-1.8204194586976896,-2.6272492802056346,-1.0135896371897446,72,0.1912687618212503,decrease,4.95,4.46,-10.0,4184.950000000001,9.03,377.84,6.0,782.68,True
22468,-1.305643397373594,-2.26415685048753,-0.34712994425965804,86,0.23425629449716268,decrease,6.75,6.08,-10.0,11542.599999999999,3.27,377.75,-767.29,1644.47,False
51014C,-2.2201817224658393,-2.965348290590897,-1.4750151543407815,87,0.5211417179432856,decrease,0.85,0.76,-10.0,2751.4999999999995,13.72,377.47,141.21,633.03,True
22579,-1.8957358809134015,-2.4308411768427387,-1.3606305849840643,43,0.6592979071475595,decrease,0.85,0.76,-10.0,3797.2799999999997,9.9,375.82,147.06,617.86,True
22671,-3.002350972995962,-3.8862400720120522,-2.1184618739798715,64,0.483076616983227,decrease,1.65,1.55,-6.06,2811.34,13.34,374.92,203.62,555.96,True
72799F,-2.569907150027629,-3.2300612790326957,-1.9097530210225626,49,0.3576170684380745,decrease,2.95,2.66,-10.0,2082.7400000000002,17.99,374.63,209.52,551.63,True
21171,-2.2761127227045304,-3.313010981219254,-1.2392144641898066,76,0.14752596652773708,decrease,1.45,1.3,-10.0,2578.27,14.39,371.04,65.81,711.5,True
21348,-2.590477669366247,-3.6329498626520147,-1.548005476080479,47,0.15331581025604202,decrease,2.95,2.66,-10.0,2030.8400000000001,18.24,370.49,120.71,649.27,True
22360,-1.681168996198717,-2.502602836592229,-0.8597351558052054,88,0.19028992961610225,decrease,2.95,2.75,-6.78,7535.5,4.9,369.11,-73.84,838.35,False
20981,-2.0850524987990102,-3.582855027392244,-0.5872499702057765,101,0.21686982187537518,decrease,0.85,0.78,-7.65,4069.1600000000008,9.02,366.85,-131.44,928.2,False
72799E,-2.2523362312020265,-3.2022170498735534,-1.3024554125305,67,0.3496568528294489,decrease,2.95,2.66,-10.0,2600.64,14.1,366.81,84.21,679.17,True
22406,-2.041657153322263,-2.8390310386089044,-1.244283268035622,72,0.22866617617752316,decrease,1.25,1.12,-10.0,3149.35,11.6,365.32,82.11,673.35,True
22101,-2.1663101970209477,-2.694977814017082,-1.6376425800248136,64,0.28652460376160127,decrease,2.46,2.21,-10.0,2790.2700000000004,13.08,364.83,193.9,545.56,True
22320,-2.1151900375137562,-2.9709996596116617,-1.2593804154158508,81,0.06844847278347943,decrease,5.95,5.45,-8.4,3545.02,10.28,364.56,81.64,669.56,True
21694,-2.9532688859525456,-3.7174967276455937,-2.1890410442594974,47,0.4499945477930172,decrease,2.95,2.66,-10.0,1593.1599999999999,22.85,364.04,212.63,528.16,True
21829,-2.433016104860437,-3.422246361935163,-1.4437858477857113,96,0.48516315914633734,decrease,0.21,0.2,-7.14,3242.1800000000003,11.2,363.26,108.4,637.5,True
20674,-2.014927702187236,-2.858037880625619,-1.1718175237488533,103,0.22297204621450417,decrease,1.25,1.16,-7.6,4348.52,8.35,363.23,59.46,687.93,True
37447,-1.730174621375068,-2.4659267025771525,-0.9944225401729831,98,0.2479797228698447,decrease,1.49,1.34,-10.0,4540.849999999999,8.0,363.12,-2.67,758.4,False
22181,-3.3511667108120937,-4.362238722712499,-2.340094698911688,62,0.43311435116100305,decrease,0.85,0.76,-10.0,1291.38,28.11,363.01,195.83,548.98,True
10125,-2.820747328850364,-3.6299998101459625,-2.011494847554766,71,0.2729561927740619,decrease,0.85,0.76,-10.0,1715.78,21.15,362.84,192.95,547.84,True
21421,-2.4832911184597397,-3.1191938406125708,-1.8473883963069089,48,0.3023940115285082,decrease,1.25,1.12,-10.0,2144.48,16.92,362.75,200.27,536.48,True
51014A,-1.7257990920569979,-2.367072109622397,-1.084526074491599,93,0.4011209289501102,decrease,0.85,0.76,-10.0,4556.499999999998,7.95,362.11,40.76,705.92,True
84031B,-1.998416696362176,-2.812511457049676,-1.1843219356746757,74,0.30811561516828745,decrease,4.39,3.95,-10.0,3263.0299999999997,11.09,361.95,63.99,686.61,True
21058,-2.5383956415405304,-3.607616163660369,-1.469175119420692,94,0.20909954722680435,decrease,0.85,0.76,-10.0,2055.5899999999997,17.6,361.7,104.17,649.95,True
77101A,-3.401620613675165,-4.513416639412968,-2.289824587937362,44,0.364734673179951,decrease,1.25,1.12,-10.0,1255.97,28.79,361.63,182.82,562.66,True
22221,-1.4983550804148509,-2.0154689310753025,-0.9812412297543992,80,0.1173967832231454,decrease,9.95,8.96,-10.0,6702.33,5.39,361.32,-13.23,756.85,False
22334,-2.5488243811694535,-3.960049753789757,-1.13759900854915,94,0.08941735192088596,decrease,1.65,1.55,-6.06,3552.3599999999997,10.17,361.19,30.69,722.18,True
22626,-1.9537885875943473,-2.9421915227050595,-0.965385652483635,82,0.13814784703017113,decrease,8.5,8.07,-5.0,7167.48,5.01,359.37,-12.71,750.81,False
22813,-1.567484058378338,-2.912303606677883,-0.22266451007879295,64,0.33630554067683904,decrease,1.95,1.8,-7.69,7663.83,4.65,356.14,-462.31,1267.61,False
22473,-2.0408361953269223,-2.6370941134274553,-1.4445782772263893,71,0.3986918077722562,decrease,4.95,4.46,-10.0,3070.92,11.59,355.93,147.27,578.11,True
21680,-2.2682496627547457,-3.131873694334562,-1.4046256311749292,89,0.2784299935256057,decrease,0.85,0.76,-10.0,2483.68,14.3,355.07,108.17,625.49,True
21788,-2.16244966625044,-3.8546546328106603,-0.4702446996902201,85,0.07803128733852882,decrease,0.85,0.76,-10.0,2725.09,13.03,355.06,-147.93,956.22,False
22789,-2.2968187317034294,-3.7785282673933627,-0.8151091960134962,53,0.21521143127069364,decrease,1.95,1.76,-10.0,2419.54,14.64,354.24,-46.68,822.9,False
22715,-3.579123222098249,-4.902892768010658,-2.25535367618584,67,0.5206951822103176,decrease,0.42,0.38,-10.0,1133.9299999999998,31.22,354.06,160.35,576.77,True
21626,-2.052814246849571,-2.9947036667403646,-1.1109248269587777,74,0.2271996552561254,decrease,1.95,1.76,-10.0,3017.07,11.73,353.94,35.47,705.63,True
84459B,-2.333231896186331,-2.991619326365014,-1.674844466007648,54,0.3334479195862087,decrease,1.49,1.34,-10.0,2341.77,15.08,353.17,172.57,546.75,True
22984,-3.1755667982856393,-4.294147040966045,-2.056986555605233,63,0.4142527573049226,decrease,0.42,0.38,-10.0,1370.7299999999998,25.76,353.12,161.48,568.74,True
22187,-1.476577443491246,-2.1849218110101796,-0.7682330759723125,47,0.4424560652403603,decrease,4.25,3.82,-10.0,6820.7,5.15,351.23,-164.54,906.96,False
22109,-1.2490352006610705,-2.01514067469087,-0.4829297266312709,103,0.2116411126826766,decrease,3.75,3.39,-9.6,13750.109999999997,2.55,349.98,-699.16,1483.45,False
22412,-2.0723847525704784,-3.2731235611277096,-0.8716459440132469,90,0.14429600738726545,decrease,2.1,1.98,-5.95,5140.820000000001,6.8,349.7,-40.33,769.57,False
21068,-1.751955814279218,-2.707335185061176,-0.7965764434972598,97,0.22230277884971283,decrease,1.25,1.12,-10.0,4224.63,8.24,348.32,-89.58,832.59,False
22203,-1.5834283591593115,-2.2378585575212044,-0.9289981607974187,98,0.17730218118670005,decrease,3.75,3.38,-10.0,5469.51,6.34,346.76,-40.76,761.95,False
21902,-1.9977889706715521,-2.6106364240670903,-1.3849415172760142,101,0.28464164142209936,decrease,0.65,0.59,-9.23,3408.0299999999997,10.15,345.78,129.45,575.32,True
22713,-2.1778865030840513,-3.3692955284205888,-0.9864774777475138,80,0.26879922713560345,decrease,0.42,0.38,-10.0,2616.12,13.21,345.67,-3.72,741.8,False
84968A,-1.486079663422311,-2.3472897354748494,-0.6248695913697726,81,0.1670776039150732,decrease,12.75,11.48,-10.0,6538.08,5.25,343.56,-253.37,997.19,False
20772,-2.6164614042982386,-3.1665099586413543,-2.066412849955123,68,0.30654980306002433,decrease,2.55,2.3,-10.0,1848.73,18.57,343.26,219.84,474.05,True
85035C,-2.13504776759876,-2.566446769231042,-1.7036487659664776,64,0.5147705340795891,decrease,4.25,3.82,-10.0,2693.85,12.7,342.21,207.3,483.39,True
22663,-1.4552141421742457,-2.265290912711653,-0.6451373716368384,72,0.1419820046347412,decrease,2.08,1.95,-6.25,11465.29,2.98,341.83,-259.6,975.55,False
22483,-1.862810262227887,-3.0729995426705323,-0.6526209817852417,91,0.21042230404107065,decrease,2.95,2.75,-6.78,5440.51,6.24,339.73,-131.08,852.29,False
22261,-2.4663104301494334,-3.371671308448427,-1.56094955185044,66,0.2679818968040909,decrease,1.2475,1.12,-10.0,2024.35,16.71,338.2,123.25,574.66,True
20677,-1.426159312579749,-2.1803375012244635,-0.6719811239350345,104,0.16562839631831716,decrease,1.25,1.16,-7.6,9798.060000000001,3.43,335.67,-250.78,958.14,False
22251,-2.280862797053902,-2.888946820184919,-1.6727787739228852,82,0.3019425140869295,decrease,1.25,1.12,-10.0,2317.64,14.45,334.86,170.25,510.36,True
72817,-2.7262218072303543,-3.4991317615184405,-1.9533118529422684,42,0.6710334719103795,decrease,1.44,1.3,-10.0,1671.28,19.95,333.36,176.59,503.44,True
21620,-2.3321914633693765,-2.788193647765455,-1.8761892789732977,67,0.5362867710321244,decrease,3.75,3.38,-10.0,2206.73,15.07,332.53,213.42,457.5,True
82551,-1.3809122431297038,-2.4872391189928025,-0.2745853672666052,102,0.07065793617851479,decrease,1.45,1.3,-10.0,8081.140000000001,4.09,330.92,-594.63,1370.89,False
22990,-2.017512124418235,-2.9784904190702868,-1.0565338297661828,45,0.2588652820627273,decrease,4.95,4.46,-10.0,2917.43,11.32,330.15,17.43,676.18,True
22700,-1.9415160266002278,-2.4079030941944035,-1.4751289590060523,44,0.23042134335376319,decrease,2.95,2.66,-10.0,3155.399999999999,10.43,329.06,161.98,504.56,True
22026,-2.6618541081037317,-3.4370345166025214,-1.8866736996049422,99,0.4765938635441407,decrease,0.42,0.38,-10.0,1717.4700000000003,19.14,328.65,168.18,502.78,True
20665,-1.7056094306900533,-2.6130155578717718,-0.7982033035083348,95,0.21884732944642105,decrease,2.95,2.66,-10.0,4256.34,7.72,328.49,-89.54,788.46,False
21051,-2.8814349623614737,-3.379037023839728,-2.3838329008832195,60,0.3128175352741157,decrease,2.1,1.89,-10.0,1486.1599999999999,21.92,325.83,233.28,423.36,True
72586,-3.6458643754486757,-4.708087300176975,-2.5836414507203767,61,0.48223661146857333,decrease,0.635,0.57,-10.0,1010.1000000000001,32.15,324.75,183.41,482.82,True
21747,-2.5684477330283757,-3.763382136676996,-1.3735133293797557,68,0.2631378406974587,decrease,1.25,1.16,-7.6,2452.3500000000004,13.2,323.68,73.48,598.66,True
22309,-1.964875221772564,-2.850175372999745,-1.079575070545383,90,0.24244565364223203,decrease,2.55,2.33,-8.82,3459.08,9.32,322.46,25.52,644.7,True
20711,-0.8695706327164638,-1.4873205009232808,-0.25182076450964685,103,0.19303692112398174,increase,1.95,2.14,10.0,25719.13,1.25,321.72,-1167.25,1900.98,False
21187,-2.271243605597534,-2.975848051013589,-1.566639160181479,58,0.31707194741684497,decrease,1.65,1.48,-10.0,2243.78,14.33,321.59,138.04,519.28,True
22453,-2.283708815351327,-2.9745942714571125,-1.5928233592455419,59,0.16336472511732425,decrease,2.95,2.66,-10.0,2212.9199999999996,14.48,320.49,142.63,511.78,True
21619,-2.3608728506231325,-2.783859738867174,-1.9378859623790907,58,0.6511672797269581,decrease,3.75,3.38,-10.0,2069.02,15.42,318.98,214.9,427.81,True
22702,-1.9127900545863412,-2.5562526463054844,-1.269327462867198,51,0.23498434351452757,decrease,2.1,1.89,-10.0,3156.3199999999997,10.09,318.63,90.85,562.38,True
22757,-1.9369976666792637,-2.9830048896708528,-0.8909904436876745,65,0.2862895326229905,decrease,1.25,1.12,-10.0,3070.18,10.38,318.56,-35.06,713.38,False
22714,-2.3007313716391877,-3.2221290398694302,-1.3793337034089452,79,0.3673446800921393,decrease,0.42,0.38,-10.0,2157.9099999999994,14.69,316.96,87.99,569.26,True
20757,-3.885446905488327,-7.232584548045487,-0.538309262931167,40,0.23339579535022392,decrease,0.85,0.76,-10.0,890.7,35.53,316.45,-42.29,826.89,False
22446,-2.5733460927963705,-3.120085073489312,-2.026607112103429,57,0.48733825902128713,decrease,3.35,3.02,-10.0,1751.9299999999998,18.03,315.87,200.12,438.49,True
20984,-2.429128656553603,-2.8750975852671306,-1.9831597278400754,73,0.5952233232077027,decrease,0.85,0.76,-10.0,1940.9599999999996,16.25,315.41,211.84,423.96,True
22371,-1.473535439374178,-2.2210565210210773,-0.7260143577272785,92,0.34497810918473515,decrease,4.25,3.95,-7.06,8936.800000000001,3.53,315.22,-177.46,835.61,False
22083,-0.9186141521913194,-1.6382781472526091,-0.19895015713002961,104,0.21711427292676255,increase,2.95,3.25,10.0,40412.82000000001,0.78,314.7,-2385.2,3206.29,False
22163,-2.248710009387242,-2.665129875194003,-1.8322901435804813,65,0.5024745558477431,decrease,2.95,2.66,-10.0,2235.12,14.06,314.28,204.85,428.63,True
20760,-3.0135281162024357,-3.4733176085310773,-2.553738623873794,44,0.4578537617529589,decrease,0.85,0.76,-10.0,1313.6599999999999,23.63,310.46,233.65,391.07,True
21708,-2.18367082573986,-2.8049513615462045,-1.5623902899335151,65,0.3369883118780662,decrease,4.95,4.46,-10.0,2336.48,13.28,310.34,142.63,489.39,True
21111,-1.8780582363723932,-2.565714935108475,-1.1904015376363113,71,0.3268516498680707,decrease,2.95,2.66,-10.0,3187.1599999999994,9.69,308.92,64.58,571.62,True
85180A,-2.6412353784110634,-3.026538486093396,-2.2559322707287306,37,0.7053135034682881,decrease,4.65,4.19,-10.0,1636.4200000000005,18.88,308.91,231.52,389.51,True
22426,-1.548705469035241,-1.9430560514432509,-1.1543548866272313,80,0.1942374220015567,decrease,3.75,3.38,-10.0,5133.3,5.95,305.51,84.16,536.25,True
21218,-0.8478132728976853,-1.3125702903243661,-0.3830562554710044,104,0.13145353768937884,increase,3.75,4.12,10.0,20800.309999999998,1.46,303.91,-610.53,1259.75,False
21355,-1.6598827160843161,-3.0675297050542056,-0.2522357271144269,77,0.04394898828782179,decrease,1.25,1.12,-10.0,4218.05,7.2,303.7,-319.56,1026.6,False
20762,-2.9310875299228605,-5.197848339299929,-0.6643267205457919,65,0.19769360848425865,decrease,3.75,3.38,-10.0,1343.79,22.56,303.21,-46.69,747.5,False
21710,-2.2055853702199575,-3.719255581219897,-0.6919151592200179,63,0.3051242838192235,decrease,4.95,4.46,-10.0,2235.0099999999998,13.54,302.71,-71.38,741.49,False
21615,-2.1692502852416222,-2.655760400625603,-1.6827401698576416,51,0.5064936109940757,decrease,3.75,3.38,-10.0,2308.67,13.11,302.67,172.19,440.02,True
20733,-2.793446745455765,-3.4168332080785655,-2.1700602828329645,81,0.29237316726147644,decrease,0.83,0.75,-10.0,1452.2,20.8,302.04,190.53,421.13,True
85194L,-2.67551440867099,-4.301519429928722,-1.0495093874132586,38,0.38309528287989714,decrease,0.85,0.76,-10.0,1560.63,19.31,301.32,8.16,649.25,True
21876,-0.5789390976356696,-0.9972527510950724,-0.1606254441762669,103,0.10500420828321633,increase,1.25,1.38,10.0,7351.249999999999,4.09,301.02,1.93,612.27,True
84884A,-1.6373977828304842,-2.6307565809530287,-0.6440389847079397,91,0.09504996619128325,decrease,3.95,3.67,-7.09,6248.28,4.8,299.79,-161.41,795.93,False
21531,-1.3142588335623104,-2.253926153092001,-0.3745915140326198,102,0.10666010315745533,decrease,2.55,2.33,-8.82,10174.119999999997,2.95,299.67,-571.11,1249.42,False
21200,-2.2843575955068287,-3.0538608501289035,-1.5148543408847537,71,0.3328781923785006,decrease,1.65,1.48,-10.0,2065.16,14.49,299.25,115.12,498.93,True
21773,-2.382076005495337,-3.208686648676512,-1.555465362314162,97,0.33259453229550295,decrease,2.46,2.21,-10.0,1899.4,15.68,297.74,114.48,497.67,True
85034C,-2.0252133930016623,-2.3507213987416287,-1.6997053872616956,55,0.6246296254050436,decrease,4.25,3.82,-10.0,2604.1499999999996,11.41,297.05,199.24,398.27,True
82615,-2.606280398661588,-3.9058254284142437,-1.3067353689089325,33,0.34787015780814634,decrease,2.95,2.66,-10.0,1603.97,18.44,295.78,52.68,574.54,True
22036,-4.3536163462096855,-5.741544639703399,-2.965688052715972,36,0.6381290125392882,decrease,0.42,0.38,-10.0,695.11,42.38,294.6,159.95,450.44,True
21888,-1.4234771992935538,-2.437568401660034,-0.40938599692707345,104,0.19397382280999498,decrease,3.75,3.57,-4.8,13862.170000000002,2.1,291.79,-396.94,1015.74,False
20768,-2.6514941632575,-3.8248409460236816,-1.4781473804913186,70,0.12263277332317657,decrease,2.55,2.3,-10.0,1534.19,19.01,291.59,79.27,531.84,True
22316,-2.7492756502639457,-3.616164566731937,-1.8823867337959546,69,0.1733045733910158,decrease,1.25,1.12,-10.0,1432.8200000000002,20.24,289.98,139.6,454.74,True
21082,-2.298692471249087,-3.120509746735279,-1.4768751957628945,65,0.35296796384625595,decrease,0.85,0.76,-10.0,1960.45,14.66,287.47,101.02,490.79,True
22820,-3.7748761741852697,-5.24818399405975,-2.301568354310789,46,0.42495748095892427,decrease,0.65,0.59,-10.0,845.1299999999999,33.96,287.0,124.22,477.11,True
85106,-2.128292693463568,-3.6227799109092196,-0.6338054760179164,34,0.25107980034521404,decrease,2.55,2.3,-10.0,2271.24,12.62,286.7,-85.96,722.92,False
22559,-2.2790588507772305,-3.435842509737176,-1.1222751918172849,72,0.2731308777999175,decrease,1.25,1.12,-10.0,1986.87,14.43,286.64,25.76,581.32,True
22821,-3.287159096151645,-3.8726047095246594,-2.70171348277863,57,0.6219722100811362,decrease,0.65,0.59,-10.0,1047.4499999999998,27.25,285.42,205.69,370.22,True
84968F,-1.728604917828048,-2.4865153648565617,-0.9706944707995342,58,0.24470864963960115,decrease,12.75,11.48,-10.0,3571.77,7.98,284.99,-11.01,605.6,False
84659A,-2.6773953946080438,-3.5077873035779095,-1.847003485638178,72,0.15700522872279732,decrease,2.51,2.26,-10.0,1469.51,19.33,284.07,137.17,444.4,True
21792,-2.0043333773516085,-3.3492954243442066,-0.6593713303590103,60,0.3350201899301497,decrease,6.75,6.08,-10.0,2517.8799999999997,11.16,281.04,-88.76,707.14,False
22587,-2.7844227719939036,-4.233176944960868,-1.3356685990269395,79,0.30321246167114724,decrease,0.85,0.78,-7.65,1841.1899999999998,15.25,280.83,49.83,540.05,True
84509A,-1.4408835375442437,-2.0176500670814383,-0.8641170080070492,103,0.1693873321403193,decrease,3.75,3.38,-10.0,5897.790000000001,4.75,280.43,-83.84,667.51,False
22410,-2.475029927099621,-3.4311455017338446,-1.518914352465398,71,0.2260621302637258,decrease,1.25,1.12,-10.0,1667.4600000000003,16.81,280.36,93.7,486.8,True
72818,-2.87028801216779,-3.500333041508709,-2.240242982826871,34,0.718432547924754,decrease,0.85,0.76,-10.0,1283.13,21.78,279.48,179.12,386.73,True
22117,-1.4924694420124496,-2.131450125926702,-0.8534887580981972,85,0.09846227410323594,decrease,2.95,2.66,-10.0,5207.73,5.33,277.35,-79.77,659.33,False
21812,-1.6440107886201265,-2.3199064228892636,-0.9681151543509894,65,0.46643955467391507,decrease,4.95,4.46,-10.0,3917.49,7.02,275.04,-13.14,584.49,False
22414,-1.3545905264655667,-2.1069534902437375,-0.6022275626873957,89,0.10402987156769905,decrease,7.95,7.16,-10.0,7203.570000000001,3.81,274.21,-295.66,891.1,False
84596B,-1.61213285246692,-1.845162464433274,-1.379103240500566,100,0.5285149706299852,decrease,1.25,1.12,-10.0,4074.6699999999996,6.66,271.45,166.05,379.48,True
85035B,-1.9637997880830613,-3.04464653132428,-0.882953044841843,52,0.3309041581015256,decrease,4.25,3.82,-10.0,2539.29,10.69,271.4,-31.12,610.42,False
22224,-1.3351897466330527,-1.9836019788376023,-0.6867775144285031,101,0.10502212667001198,decrease,2.95,2.66,-10.0,7527.9400000000005,3.59,270.61,-244.38,822.0,False
22778,-1.6454079609402232,-2.512911262420078,-0.7779046594603685,53,0.1959934345303349,decrease,3.95,3.56,-10.0,3844.46,7.04,270.52,-88.92,664.35,False
21471,-1.4908912051342815,-2.223218175658058,-0.7585642346105053,94,0.06302765720886161,decrease,3.75,3.38,-10.0,5095.629999999998,5.31,270.48,-127.99,700.92,False
22472,-1.48459230174777,-2.311722294584337,-0.6574623089112029,73,0.11715602688448057,decrease,4.95,4.46,-10.0,5160.320000000001,5.24,270.31,-182.92,764.81,False
22359,-1.9177867749196456,-2.8835866475184813,-0.9519869023208097,74,0.1552891615188824,decrease,2.95,2.75,-6.78,4052.179999999999,6.66,269.69,-13.64,572.89,False
22250,-2.6893287568965145,-3.7317173955008114,-1.6469401182922179,81,0.3853790255858902,decrease,1.255,1.13,-10.0,1382.9599999999998,19.48,269.42,97.55,461.23,True
21631,-2.5012050112082154,-3.114076622198175,-1.8883334002182557,33,0.5435031981337615,decrease,12.75,11.48,-10.0,1571.75,17.14,269.34,154.21,392.15,True
84789,-2.5098364690327135,-3.119912717142369,-1.899760220923058,55,0.1818585689438058,decrease,3.75,3.38,-10.0,1558.39,17.24,268.71,154.96,390.01,True
22025,-2.4363538078661766,-3.2814151048735556,-1.5912925108587976,93,0.3716160474696536,decrease,0.42,0.38,-10.0,1641.6399999999999,16.34,268.22,105.53,446.07,True
40001,-2.2338151690750294,-3.070249961549319,-1.3973803766007402,70,0.21434016484644458,decrease,0.85,0.76,-10.0,1911.6499999999999,13.88,265.38,81.74,465.94,True
21558,-1.2299107737438237,-1.9976542390589276,-0.4621673084287198,88,0.12200475577798497,decrease,2.55,2.3,-10.0,10810.66,2.45,265.07,-595.57,1198.22,False
22485,-1.1678444380600566,-1.7818721881647401,-0.5538166879553729,91,0.10162661909890325,decrease,12.75,11.48,-10.0,14677.84,1.78,261.87,-674.04,1260.34,False
22546,-2.310630818233384,-3.467806962487385,-1.153454673979383,68,0.14769567535525496,decrease,0.42,0.38,-10.0,1760.7999999999997,14.81,260.73,28.7,522.86,True
21069,-1.44689712532315,-2.728032749245668,-0.16576150140063217,79,0.09549286468075535,decrease,1.25,1.12,-10.0,5404.36,4.82,260.55,-454.74,1079.22,False
18007,-3.1158012758774074,-4.130644849651987,-2.1009577021028276,43,0.43298589099243867,decrease,0.18,0.16,-10.0,1043.2199999999998,24.97,260.52,128.31,407.64,True
20731,-2.779839102240718,-3.5430120735297566,-2.0166661309516796,42,0.46392015234376094,decrease,1.25,1.12,-10.0,1252.92,20.63,258.43,141.66,384.97,True
22597,-1.8392214417866863,-2.563899496427961,-1.1145433871454116,54,0.5434055087627214,decrease,0.85,0.76,-10.0,2766.08,9.24,255.72,33.58,495.48,True
22184,-1.805211854306553,-2.3145348119676368,-1.2958888966454691,47,0.37877599924643224,decrease,8.5,7.65,-10.0,2887.0700000000006,8.85,255.62,91.42,428.87,True
21577,-1.414906538753685,-2.6120293958192917,-0.21778368168807805,99,0.11674072838268879,decrease,2.25,2.02,-10.0,5716.52,4.47,255.44,-452.23,1058.24,False
22425,-1.7810302590313607,-2.709370833625139,-0.8526896844375823,80,0.1422544973926576,decrease,4.95,4.6,-7.07,4321.5199999999995,5.89,254.74,-46.43,577.12,False
79302M,-2.271723919546271,-3.1393397185446945,-1.4041081205478472,63,0.32981114118251775,decrease,2.95,2.66,-10.0,1774.1799999999998,14.34,254.38,77.17,448.56,True
84012,-1.8757841076250101,-2.2529625474764,-1.4986056677736204,67,0.43865092980407305,decrease,2.55,2.3,-10.0,2628.4699999999993,9.67,254.08,141.77,370.94,True
21422,-2.162165435588358,-3.440207316164239,-0.8841235550124775,74,0.20212701973659186,decrease,0.85,0.78,-7.65,2619.17,9.69,253.7,-24.03,561.15,False
21508,-1.8202942814833485,-2.460294613817043,-1.1802939491496538,102,0.3092640707808303,decrease,0.42,0.38,-10.0,2808.62,9.03,253.54,53.86,467.14,True
21695,-2.1495743649862984,-2.976638703208219,-1.3225100267643777,61,0.3882031771132257,decrease,2.95,2.66,-10.0,1952.1799999999998,12.88,251.36,67.47,451.99,True
21851,-2.4775669563252745,-3.168809539733801,-1.7863243729167477,61,0.4371442716785473,decrease,4.21,3.79,-10.0,1473.5599999999997,16.84,248.22,127.28,378.3,True
22317,-2.207392311841242,-2.829183616749517,-1.5856010069329678,76,0.3693271997851143,decrease,2.95,2.66,-10.0,1827.64,13.57,247.93,116.32,388.46,True
21990,-1.502034825078508,-2.5267249627755337,-0.4773446873814824,93,0.3919180161435818,decrease,2.51,2.26,-10.0,4530.540000000001,5.43,246.09,-242.74,790.65,False
22806,-2.8255902711325187,-3.3254846883468776,-2.32569585391816,33,0.5793134308843477,decrease,2.95,2.66,-10.0,1149.02,21.21,243.69,172.24,319.01,True
22805,-1.7382269948675073,-2.4937965354688205,-0.982657454266194,60,0.26111512735767195,decrease,1.25,1.12,-10.0,3008.82,8.09,243.37,-5.49,512.85,False
22074,-1.9850287383833694,-2.805348733399696,-1.1647087433670427,87,0.37647638121023586,decrease,1.65,1.48,-10.0,2216.3399999999997,10.94,242.38,38.8,464.34,True
22543,-2.6435173433028774,-3.7840381310043973,-1.5029965556013574,64,0.22523344019573743,decrease,0.42,0.38,-10.0,1281.49,18.91,242.28,69.75,436.84,True
22338,-2.0046540150045913,-2.6186188301532893,-1.3906891998558932,51,0.6594705494975045,decrease,0.65,0.59,-10.0,2151.99,11.17,240.28,90.43,400.15,True
21066,-2.411379305342725,-2.7980607836834404,-2.0246978270020097,71,0.49007540402454675,decrease,1.25,1.12,-10.0,1494.67,16.03,239.64,170.4,311.76,True
47503A,-2.4933497876957413,-2.863959866833537,-2.122739708557946,62,0.6413717554257002,decrease,0.9475,0.85,-10.0,1405.5099999999995,17.04,239.49,176.49,304.99,True
21774,-2.0097292832667195,-2.927166771930129,-1.0922917946033102,100,0.19106726169805888,decrease,2.46,2.21,-10.0,2129.81,11.23,239.07,20.81,479.48,True
21675,-2.3208335219875997,-3.3061623927018653,-1.3355046512733342,88,0.2844743157043703,decrease,0.85,0.76,-10.0,1576.84,14.93,235.44,56.74,433.7,True
85107,-1.9345301162288158,-2.8003334020966903,-1.0687268303609412,43,0.26279924139718835,decrease,2.55,2.3,-10.0,2274.79,10.35,235.38,16.53,475.13,True
22753,-2.097585705853209,-3.354532532813153,-0.8406388788932646,65,0.3291293227226354,decrease,0.85,0.76,-10.0,1915.21,12.26,234.79,-31.89,539.24,False
22581,-1.7486453214525932,-3.0701297967969885,-0.42716084610819793,44,0.40979269235205196,decrease,0.85,0.76,-10.0,2852.63,8.21,234.12,-167.08,695.25,False
84086C,-3.214947758607833,-4.562652889304848,-1.8672426279108174,49,0.2875766196242504,decrease,2.95,2.66,-10.0,884.7499999999999,26.28,232.55,84.65,403.02,True
21677,-2.471970360744044,-3.446528313832167,-1.4974124076559214,86,0.30665538660117764,decrease,0.85,0.78,-7.65,1859.3799999999999,12.42,230.99,75.05,399.5,True
21283,-2.254789621318107,-3.1438866796654197,-1.365692562970794,42,0.28092541962944895,decrease,3.25,2.92,-10.0,1629.1999999999998,14.13,230.28,64.0,412.88,True
21289,-2.313925265194567,-2.7825189729013227,-1.8453315574878115,65,0.24278042288101376,decrease,1.25,1.12,-10.0,1549.31,14.85,230.04,144.32,320.09,True
22529,-3.826898934663451,-4.587759198043998,-3.0660386712829037,65,0.2653156195555044,decrease,0.42,0.39,-7.14,984.03,23.31,229.33,162.81,299.72,True
22337,-2.324493486798125,-3.8466045584426425,-0.802382415153607,36,0.1749424744857262,decrease,0.65,0.59,-10.0,1522.52,14.98,228.01,-31.37,532.5,False
84854,-1.985582525618719,-3.5272903917924716,-0.4438746594449663,39,0.16890131879402281,decrease,6.71,6.04,-10.0,2079.47,10.94,227.55,-118.34,634.44,False
85034B,-1.7910090485185877,-2.1137465400564874,-1.4682715569806877,47,0.6306325984861623,decrease,4.25,3.82,-10.0,2606.64,8.69,226.55,131.83,324.55,True
21519,-1.6590861224695026,-2.207869965321234,-1.1103022796177708,100,0.21728324957034262,decrease,0.42,0.38,-10.0,3149.93,7.19,226.51,36.82,427.49,True
22136,-2.05193715864266,-2.9728894260363137,-1.1309848912490064,88,0.17317680661521184,decrease,1.65,1.55,-6.06,3322.22,6.8,225.84,27.32,436.13,True
22119,-1.3789264456891754,-1.8025104512611847,-0.9553424401171662,83,0.3394838673266486,decrease,6.95,6.26,-10.0,5543.870000000001,4.07,225.81,-26.02,489.14,False
21534,-1.4374455509013822,-2.238600613434553,-0.6362904883682114,101,0.090337258203673,decrease,4.95,4.46,-10.0,4768.64,4.72,224.93,-179.28,664.74,False
85186A,-3.6882896416456976,-4.869182610192703,-2.5073966730986923,39,0.4198045190361266,decrease,0.625,0.56,-10.0,685.87,32.74,224.57,118.06,345.19,True
22913,-1.9513176314969807,-3.0195565051273405,-0.883078757866621,46,0.12904790951371636,decrease,4.95,4.46,-10.0,2107.85,10.54,222.22,-25.81,499.8,False
22911,-2.2288969763843127,-3.055548857355538,-1.4022450954130874,55,0.2256811462381968,decrease,2.95,2.75,-6.78,2454.3499999999995,9.01,221.15,70.3,381.01,True
22207,-1.156235334957825,-1.913007895641254,-0.399462774274396,100,0.1917247394345657,decrease,4.25,3.82,-10.0,13298.57,1.66,220.72,-815.37,1342.81,False
72807B,-1.4403613108008897,-2.3523263413762314,-0.528396280225548,86,0.2185698556215322,decrease,4.25,3.82,-10.0,4645.870000000001,4.75,220.63,-225.2,711.43,False
22288,-2.2798755146660037,-3.500750850851131,-1.0590001784808767,43,0.30316234434915423,decrease,1.25,1.12,-10.0,1525.9899999999998,14.44,220.3,9.52,460.01,True
85054,-1.80240566216342,-2.2504609318030804,-1.3543503925237597,89,0.37380522377280523,decrease,2.95,2.66,-10.0,2495.0199999999995,8.82,220.11,94.91,351.35,True
22526,-1.3048642527349634,-2.0657801864339085,-0.5439483190360184,74,0.03924165740889063,decrease,12.75,11.48,-10.0,6689.670000000001,3.26,218.36,-313.84,794.99,False
22814,-2.651965563916253,-3.4477590501661624,-1.8561720776663437,61,0.5585216580851282,decrease,0.42,0.38,-10.0,1147.77,19.01,218.21,108.35,337.68,True
22336,-1.8828259419502946,-2.567105821797381,-1.1985460621032082,61,0.48661643022128476,decrease,0.65,0.59,-10.0,2234.9599999999996,9.75,217.86,47.25,401.23,True
22518,-2.1744159116839135,-3.309416594412202,-1.0394152289556253,54,0.21481818117912255,decrease,2.1,1.98,-5.95,2899.7999999999997,7.47,216.71,7.02,441.53,True
22516,-2.1379668754195906,-3.0993266498352297,-1.1766071010039518,56,0.20174313850032788,decrease,2.1,1.89,-10.0,1700.6000000000001,12.74,216.62,31.94,420.99,True
21064,-1.4527190297381638,-1.7443854029324715,-1.1610526565438561,60,0.4122488622075072,decrease,5.95,5.36,-10.0,4432.919999999999,4.89,216.57,75.86,361.67,True
15058A,-1.6303703812120007,-2.468628954337709,-0.7921118080862922,54,0.22847360865098,decrease,7.95,7.16,-10.0,3153.73,6.87,216.57,-68.33,527.77,False
85036C,-2.1842757583784156,-2.924739822997247,-1.4438116937595842,53,0.4883137515344047,decrease,4.25,3.82,-10.0,1629.02,13.29,216.49,77.98,366.23,True
21494,-0.6555709098690683,-1.219497494619319,-0.09164432511881782,90,0.24040640517080059,increase,2.46,2.71,10.0,6449.000000000001,3.34,215.22,-133.51,583.21,False
22461,-1.545726667248557,-1.8194398395387237,-1.2720134949583903,59,0.48189292718311083,decrease,12.75,11.48,-10.0,3607.81,5.92,213.52,104.89,325.33,True
22342,-1.7691134665317252,-2.3698983418348893,-1.1683285912285608,93,0.39269560377141477,decrease,1.65,1.48,-10.0,2521.25,8.44,212.81,45.11,391.47,True
21106,-1.7968998205496685,-2.4988213346683192,-1.0949783064310177,74,0.28253198023299186,decrease,2.95,2.66,-10.0,2419.68,8.76,211.93,24.34,413.93,True
21802,-1.9925605727874978,-3.5761330078368445,-0.4089881377381508,65,0.4226630504467035,decrease,0.42,0.38,-10.0,1917.2,11.02,211.35,-115.74,597.84,False
22845,-1.2916224172293802,-1.8016621988055839,-0.7815826356531766,60,0.13313510821065555,decrease,6.35,5.72,-10.0,6764.599999999999,3.12,211.07,-153.89,596.19,False
79066K,-2.5235006180262385,-3.085421720324426,-1.961579515728051,89,0.37638485350285,decrease,0.85,0.76,-10.0,1200.25,17.41,208.98,127.97,294.94,True
20771,-2.5211498984071206,-3.583224613212338,-1.4590751836019027,67,0.12275798912519098,decrease,2.55,2.3,-10.0,1201.6799999999998,17.38,208.88,59.55,375.9,True
84748,-2.0502897596444978,-2.421695726690891,-1.6788837925981044,41,0.6574129472002046,decrease,3.75,3.38,-10.0,1781.12,11.7,208.42,132.07,287.81,True
84596F,-1.5988420634550153,-1.8799429054557943,-1.3177412214542363,100,0.5187627530089318,decrease,1.25,1.12,-10.0,3196.43,6.51,208.17,108.82,310.52,True
21280,-2.0309555922569706,-2.7310745532164087,-1.3308366312975326,48,0.40106126670073583,decrease,2.55,2.3,-10.0,1800.44,11.47,206.58,63.86,360.23,True
22405,-1.9356262132629694,-2.6628802143723984,-1.2083722121535405,71,0.13834707121602696,decrease,1.25,1.12,-10.0,1993.38,10.36,206.52,44.25,381.71,True
85039B,-1.858617205077329,-2.5826275324205277,-1.1346068777341307,78,0.20892989632530823,decrease,1.65,1.48,-10.0,2178.5199999999995,9.47,206.27,31.12,395.3,True
22758,-1.7155855038204666,-2.328130496261696,-1.1030405113792372,64,0.24547094456209884,decrease,1.25,1.12,-10.0,2618.3500000000004,7.83,205.04,28.58,393.27,True
40018F,-2.349682704768436,-3.633824239518632,-1.06554117001824,36,0.21872263848933038,decrease,1.95,1.82,-6.67,2100.33,9.76,204.97,9.52,418.54,True
21849,-2.2272073365210465,-2.4283903618224256,-2.0260243112196674,61,0.6203054156594463,decrease,4.54,4.09,-10.0,1483.51,13.8,204.77,169.36,240.94,True
21775,-2.3555422950904785,-2.9706383245437964,-1.7404462656371604,92,0.37002427625085965,decrease,2.46,2.21,-10.0,1326.2900000000004,15.35,203.62,107.61,306.05,True
21215,-1.7314687391307342,-2.7078451654504274,-0.7550923128110407,97,0.20228184371100955,decrease,0.55,0.5,-10.0,2533.88,8.01,203.0,-64.55,499.54,False
21043,-1.9433244072757354,-2.350148411662107,-1.5365004028893638,49,0.5533008250035982,decrease,5.95,5.36,-10.0,1921.03,10.45,200.74,111.72,293.66,True
22212,-0.7590766448090936,-1.2499816523164573,-0.26817163730173005,104,0.10888160950090953,increase,2.1,2.31,10.0,8642.3,2.32,200.74,-203.48,624.33,False
21579,-2.148113373919822,-2.6836877917386763,-1.612538956100968,70,0.3474756624775073,decrease,2.25,2.02,-10.0,1560.85,12.86,200.7,104.05,302.96,True
22799,-1.8981654132238865,-2.2709013042821944,-1.5254295221655787,45,0.1469864045441972,decrease,8.5,7.65,-10.0,2020.8400000000001,9.93,200.58,115.03,289.55,True
20738,-2.3591406341957537,-4.584977328524703,-0.133303939866805,37,0.14516909188956895,decrease,0.85,0.76,-10.0,1301.72,15.4,200.41,-113.6,597.42,False
21616,-1.7404891390693342,-2.595427140176084,-0.8855511379625844,60,0.3682559415689941,decrease,3.75,3.38,-10.0,2458.5800000000004,8.11,199.5,-29.47,450.04,False
15044C,-1.6047990109908317,-2.287852557963106,-0.9217454640185572,84,0.20285260577831643,decrease,2.95,2.66,-10.0,3027.2599999999998,6.58,199.18,-24.86,439.94,False
20765,-2.384064783794161,-3.1300995837799057,-1.6380299838084165,67,0.3423077701425533,decrease,3.75,3.38,-10.0,1265.0600000000004,15.7,198.61,87.96,318.3,True
22496,-1.8995238752350931,-2.5572606238405853,-1.241787126629601,80,0.18041096602364493,decrease,2.95,2.66,-10.0,1996.0900000000001,9.94,198.43,51.5,355.91,True
84670,-1.8452067687990432,-2.792527183054263,-0.8978863545438232,46,0.24289493770416093,decrease,0.42,0.38,-10.0,2128.7200000000003,9.31,198.26,-22.78,442.51,False
22363,-1.7806523911744083,-2.5499919346526596,-1.011312847696157,77,0.1752570255024759,decrease,2.95,2.66,-10.0,2303.39,8.57,197.46,2.75,408.62,True
22897,-1.623598258594737,-3.02234443991887,-0.22485207727060397,63,0.2170114103539127,decrease,1.45,1.3,-10.0,2894.7500000000005,6.79,196.58,-227.02,687.44,False
20985,-1.7903849577447,-2.918645218058658,-0.662124697430742,91,0.14114602653666442,decrease,1.25,1.16,-7.6,3047.9900000000002,6.45,196.5,-80.32,499.14,False
22811,-1.623702221024215,-2.5135354223689896,-0.7338690196794404,48,0.24260488229975619,decrease,2.95,2.66,-10.0,2884.13,6.79,195.89,-79.75,498.62,False
21241,-2.2506619387238316,-4.125231719745899,-0.3760921577017644,44,0.23844824307419143,decrease,0.85,0.78,-7.65,1869.07,10.46,195.53,-90.5,527.55,False
20933,-2.299706705239694,-3.855534567934365,-0.7438788425450225,32,0.29470633733155005,decrease,3.75,3.38,-10.0,1329.49,14.68,195.11,-35.4,466.68,False
85031C,-2.663258242228296,-3.5600768961947327,-1.7664395882618593,38,0.44208606341821466,decrease,3.36,3.02,-10.0,1017.4800000000001,19.15,194.88,85.57,315.02,True
35953,-1.8791968062238893,-2.3615840210387713,-1.3968095914090073,35,0.6851201119799173,decrease,1.25,1.12,-10.0,2007.2199999999998,9.71,194.82,85.7,309.63,True
47585A,-1.6812084957712683,-2.1035878522879474,-1.2588291392545892,65,0.5445921870762527,decrease,3.75,3.38,-10.0,2612.88,7.44,194.43,72.23,322.18,True
72803A,-2.116361351365889,-2.286744800826474,-1.9459779019053043,63,0.34178826697615694,decrease,4.25,3.82,-10.0,1553.5,12.48,193.9,162.81,225.56,True
35971,-1.8979494456944161,-2.5348012928730057,-1.2610975985158266,88,0.282495948435579,decrease,1.855,1.67,-10.0,1947.7399999999998,9.92,193.27,54.32,341.86,True
21808,-1.6515270134935645,-2.6776005570353782,-0.6254534699517507,37,0.32035127617657844,decrease,3.75,3.38,-10.0,2715.53,7.11,192.96,-105.07,525.01,False
85035A,-1.7501472265259523,-2.060853780357232,-1.439440672694673,67,0.3536114330959821,decrease,4.25,3.82,-10.0,2344.8999999999996,8.22,192.85,111.12,277.3,True
85040A,-1.8228142455864038,-2.536746733877591,-1.1088817572952165,99,0.18656229065734098,decrease,1.65,1.55,-6.06,3639.8900000000003,5.28,192.15,24.86,367.06,True
21065,-2.171012512289713,-2.450828585111709,-1.8911964394677174,54,0.7105725745972048,decrease,5.95,5.36,-10.0,1455.3600000000004,13.13,191.11,143.28,240.37,True
85039A,-2.032606064638497,-2.331809051792486,-1.7334030774845082,76,0.34966783653585887,decrease,1.64,1.48,-10.0,1661.3700000000003,11.49,190.95,133.47,250.27,True
17129F,-2.013728602941812,-2.7660214457361914,-1.2614357601474326,81,0.26971983510929176,decrease,1.63,1.47,-10.0,1684.58,11.27,189.88,47.05,344.51,True
22258,-2.2924796819738913,-3.0667700875564194,-1.5181892763913631,40,0.3264366876244972,decrease,1.25,1.12,-10.0,1291.0500000000002,14.59,188.34,72.45,314.09,True
85034A,-1.72229703294773,-2.0849224353626155,-1.3596716305328447,57,0.4508424434632109,decrease,4.25,3.82,-10.0,2364.8199999999997,7.91,186.99,91.33,286.37,True
21056,-1.642649262401499,-2.8847814811700063,-0.4005170436329919,80,0.11783895801942246,decrease,8.95,8.45,-5.59,4961.33,3.76,186.72,-168.07,567.77,False
47504K,-1.554700635558202,-2.137563280156828,-0.971837990959576,90,0.2586187884063307,decrease,1.95,1.76,-10.0,3096.08,6.02,186.34,-9.17,394.23,False
84813,-1.5167433455644725,-2.0939010471353354,-0.9395856439936099,51,0.4327669874101012,decrease,12.75,11.48,-10.0,3300.76,5.6,184.69,-20.94,403.22,False
22219,-0.793504147921184,-1.1948213545671837,-0.3921869412751842,103,0.1706019107666792,increase,0.85,0.94,10.0,9270.48,1.99,184.26,-170.55,552.91,False
84796A,-1.8071969563364079,-2.70464331836624,-0.9097505943065756,46,0.32802540753343057,decrease,8.47,7.62,-10.0,2072.95,8.88,184.01,-19.62,407.83,False
21426,-2.001913945034575,-2.459640036990911,-1.5441878530782391,69,0.49234953650367885,decrease,2.1,1.89,-10.0,1647.07,11.13,183.38,97.2,273.82,True
21349,-1.7278000548347918,-3.143416409474895,-0.3121837001946888,30,0.14515541865419024,decrease,6.75,6.35,-5.93,4010.7299999999996,4.55,182.34,-165.03,561.08,False
21329,-1.4490514978039002,-1.845770833071768,-1.0523321625360325,100,0.3882190082855964,decrease,1.65,1.48,-10.0,3760.66,4.84,182.2,20.79,350.5,True
21809,-1.6864065758119178,-2.3398668419243895,-1.0329463096994458,45,0.5200306722506374,decrease,1.25,1.12,-10.0,2427.8900000000003,7.5,182.09,8.44,368.12,True
85049H,-1.790310929567502,-2.59627738745287,-0.9843444716821339,90,0.22944743910042764,decrease,1.25,1.12,-10.0,2067.18,8.68,179.5,-3.41,378.61,False
21352,-1.5316156113700368,-2.32509213736152,-0.7381390853785534,44,0.49511456968224354,decrease,5.91,5.32,-10.0,3110.28,5.76,179.18,-84.64,466.01,False
84819,-2.166370568054456,-2.7473576085515017,-1.5853835275574104,48,0.715736695646418,decrease,4.25,3.82,-10.0,1368.26,13.08,178.91,87.05,276.58,True
22517,-2.009026315466053,-3.2967120420229374,-0.7213405889091682,60,0.15886310882512755,decrease,2.1,1.89,-10.0,1589.41,11.22,178.28,-45.99,435.14,False
20777,-2.2515001029385373,-2.736971981709715,-1.7660282241673595,68,0.46431450875012215,decrease,1.65,1.48,-10.0,1262.6999999999998,14.09,177.97,106.14,253.58,True
22042,-3.366835395770608,-4.8753863853000965,-1.8582844062411195,38,0.43039511621781634,decrease,0.42,0.38,-10.0,627.19,28.32,177.63,59.36,316.28,True
21648,-1.4153840793800312,-2.453785406730712,-0.3769827520293505,77,0.1316562846261854,decrease,1.785,1.61,-10.0,3956.4800000000005,4.47,177.0,-251.37,654.9,False
21793,-1.974804783787411,-2.8294879577870655,-1.1201216097877564,54,0.267487596192833,decrease,6.35,5.72,-10.0,1627.36,10.82,176.02,20.73,345.95,True
22105,-2.2080427646632583,-3.6599377601895835,-0.7561477691369332,40,0.46361285950578335,decrease,4.23,3.81,-10.0,1294.7,13.57,175.74,-32.84,418.79,False
22264,-2.3435967357153844,-2.9671496452581816,-1.7200438261725872,54,0.4264693548986017,decrease,0.85,0.76,-10.0,1152.2200000000005,15.21,175.22,90.81,265.36,True
22673,-2.261989315945355,-3.2930844935418784,-1.2308941383488317,61,0.2662065613786563,decrease,1.25,1.16,-7.6,1667.5,10.49,174.91,30.71,331.36,True
21617,-1.7451320533998373,-2.2021857426972935,-1.288078364102381,69,0.3129277724615509,decrease,3.75,3.38,-10.0,2135.01,8.17,174.37,65.8,288.3,True
21281,-1.9170671574189004,-2.8568934408765068,-0.9772408739612941,41,0.3034109743611023,decrease,2.655,2.39,-10.0,1716.8,10.14,174.16,-4.11,370.99,False
21850,-2.4224855727646584,-2.813469590470781,-2.0315015550585356,49,0.704228950235822,decrease,4.95,4.46,-10.0,1072.9799999999998,16.17,173.49,123.18,225.91,True
22313,-1.508749273788828,-2.2246249976934056,-0.7928735498842502,64,0.2446498059693405,decrease,2.95,2.66,-10.0,3146.0699999999997,5.51,173.24,-67.91,433.28,False
22199,-1.2163963764009216,-1.9204852151206477,-0.5123075376811955,97,0.10766069020136293,decrease,4.25,3.82,-10.0,7480.3499999999985,2.31,172.51,-374.66,761.81,False
85015,-1.5773666815316156,-1.8457826765685064,-1.308950686494725,88,0.44584420100446365,decrease,2.51,2.26,-10.0,2750.0,6.27,172.48,90.99,256.31,True
21063,-2.6105412976054723,-3.3222279933441268,-1.8988546018668175,91,0.16830379353212954,decrease,0.85,0.78,-7.65,1256.27,13.67,171.72,93.12,254.9,True
22214,-2.1945093582963433,-2.6042992118187573,-1.7847195047739293,52,0.44720567249220233,decrease,2.55,2.3,-10.0,1279.7900000000002,13.41,171.64,110.31,235.68,True
21285,-2.120770238075664,-2.6249413225669587,-1.616599153584369,49,0.5929547681990339,decrease,2.1,1.89,-10.0,1362.62,12.53,170.79,91.46,254.45,True
15058C,-1.5710036307925948,-2.3185376890685925,-0.8234695725165972,51,0.35818176675949487,decrease,7.95,7.16,-10.0,2753.72,6.2,170.75,-50.74,410.4,False
84569D,-2.1684686355727076,-2.6775956088387005,-1.6593416623067148,80,0.36129811926421995,decrease,1.25,1.12,-10.0,1287.54,13.1,168.68,92.62,248.93,True
85036A,-1.6460509623715627,-2.0886215946885858,-1.2034803300545396,80,0.2131852891393211,decrease,4.25,3.82,-10.0,2389.21,7.04,168.29,51.77,290.37,True
22955,-1.5363015544463314,-2.8160532346811418,-0.2565498742115211,48,0.22855176353714135,decrease,2.1,1.89,-10.0,2885.26,5.81,167.73,-217.38,608.42,False
21070,-1.7297166054987054,-2.414212095710339,-1.045221115287072,93,0.1839349058512636,decrease,1.25,1.12,-10.0,2083.46,7.99,166.5,9.95,334.76,True
22223,-1.4588517294403525,-2.3909671429470936,-0.5267363159336113,78,0.1948804157537336,decrease,4.95,4.46,-10.0,3359.66,4.95,166.41,-163.42,530.28,False
22686,-1.8139607701723677,-2.594401303401935,-1.0335202369428,65,0.20110895986848354,decrease,1.855,1.67,-10.0,1857.3899999999999,8.95,166.32,6.57,339.76,True
22471,-1.5940630267485476,-2.4017661367878667,-0.7863599167092288,70,0.16648383510697418,decrease,4.95,4.46,-10.0,2568.7599999999998,6.46,165.92,-57.17,408.83,False
16235,-2.108257040504239,-2.988487866565239,-1.2280262144432394,93,0.30761934142012826,decrease,0.315,0.28,-10.0,1333.9499999999998,12.39,165.22,32.44,310.91,True
85173,-1.8191236155369443,-2.285082836128048,-1.3531643949458405,74,0.295569957722437,decrease,2.55,2.3,-10.0,1826.0700000000002,9.01,164.6,69.23,264.76,True
21199,-1.990705536906003,-2.420382375581307,-1.561028698230699,71,0.4899448680444384,decrease,1.65,1.48,-10.0,1495.6999999999998,11.0,164.56,91.08,241.45,True
47480,-1.5549322347315822,-2.563343355383026,-0.5465211140801387,73,0.14604181887627488,decrease,1.65,1.48,-10.0,2713.98,6.02,163.41,-126.62,485.96,False
22438,-1.7762744408344457,-2.213836611970697,-1.3387122696981943,64,0.3121719222236048,decrease,1.95,1.76,-10.0,1913.2199999999998,8.52,163.06,69.51,261.02,True
22216,-2.1831629931054444,-2.7783867064249743,-1.5879392797859144,65,0.3588353857782415,decrease,1.24,1.12,-10.0,1215.83,13.28,161.42,77.7,250.55,True
22545,-2.020485727458111,-3.0428058188493727,-0.9981656360668492,77,0.15577062858712065,decrease,0.42,0.38,-10.0,1421.0600000000002,11.35,161.31,-0.27,341.27,False
21417,-2.387469106758815,-2.7596159995027025,-2.0153222140149274,67,0.6175799092951826,decrease,3.155,2.84,-10.0,1023.8999999999999,15.74,161.17,115.6,208.56,True
21275,-1.850563029235254,-2.3631423136835084,-1.3379837447869996,32,0.7214193494106356,decrease,16.95,15.26,-10.0,1714.48,9.38,160.74,62.15,264.8,True
21328,-1.324603924462507,-2.0321117335660874,-0.6170961153589267,101,0.2949430463375775,decrease,1.65,1.48,-10.0,4612.63,3.48,160.48,-182.38,529.88,False
21687,-1.81467802979635,-2.8638863001568646,-0.7654697594358353,37,0.17571720841841598,decrease,3.75,3.39,-9.6,1871.23,8.57,160.36,-43.77,387.29,False
21676,-2.5659324604814677,-2.964478867656487,-2.1673860533064486,77,0.5987077379534682,decrease,0.85,0.76,-10.0,893.7199999999999,17.94,160.31,116.97,205.52,True
22104,-2.4521998143408323,-3.0255034973832684,-1.878896131298396,65,0.3992516707156246,decrease,1.555,1.4,-10.0,968.0799999999999,16.53,160.05,93.93,230.3,True
20764,-1.6831456701375216,-2.281093083852207,-1.085198256422836,79,0.19505001308322456,decrease,3.75,3.38,-10.0,2134.76,7.46,159.32,19.25,308.49,True
21720,-2.985817592210383,-4.407516747098057,-1.5641184373227088,45,0.4152260496608453,decrease,0.85,0.78,-7.65,929.8100000000002,17.11,159.13,42.68,289.52,True
17084N,-3.1040255054858528,-3.6696365337805608,-2.5384144771911448,82,0.4669932174098256,decrease,0.42,0.38,-10.0,640.26,24.82,158.9,112.66,207.97,True
85132B,-1.5292039604501433,-1.93505253932517,-1.1233553815751165,39,0.534539701105851,decrease,8.29,7.46,-10.0,2767.53,5.73,158.69,36.2,286.53,True
84674,-2.198741042087175,-2.5127623257114657,-1.8847197584628845,69,0.39012886756222587,decrease,2.95,2.66,-10.0,1175.9299999999998,13.46,158.31,114.89,203.19,True
72800D,-2.361496207542427,-3.4627611417267756,-1.2602312733580783,56,0.2786428946093713,decrease,2.55,2.3,-10.0,1020.21,15.42,157.36,28.36,302.24,True
22024,-1.6350497391342445,-2.2257247793440404,-1.0443746989244485,97,0.23939016059021623,decrease,0.42,0.38,-10.0,2257.0,6.92,156.18,10.58,311.13,True
22249,-2.4104933589790685,-3.335141750819646,-1.4858449671384908,61,0.29841091832734357,decrease,0.85,0.79,-7.06,1434.6600000000003,10.88,156.05,51.94,267.45,True
21986,-1.3032992693154153,-1.9041270101780032,-0.7024715284528275,102,0.1558160817350568,decrease,0.29,0.26,-10.0,4786.13,3.25,155.41,-147.71,478.35,False
72819,-2.172693003048419,-2.3343133819189656,-2.0110726241778725,58,0.6022452429477221,decrease,2.55,2.3,-10.0,1174.0100000000002,13.15,154.4,131.97,177.21,True
21446,-1.8386659339369844,-2.4821313864104306,-1.1952004814635384,92,0.21305308692161906,decrease,1.25,1.12,-10.0,1669.83,9.24,154.27,34.7,282.22,True
22519,-1.8231220070140244,-3.2793766245304243,-0.36686738949762443,56,0.1096304407862344,decrease,2.1,1.98,-5.95,2968.7699999999995,5.18,153.82,-113.14,445.73,False
20658,-1.626860030585176,-2.290823872148919,-0.9628961890214331,87,0.2211582199416381,decrease,1.25,1.12,-10.0,2251.3599999999997,6.83,153.71,-8.78,327.99,False
21972,-1.885553421607903,-2.9532362079853893,-0.8178706352304168,85,0.11677441739045713,decrease,1.45,1.3,-10.0,1560.8200000000002,9.78,152.64,-29.67,356.65,False
21458,-2.5675222620212437,-3.5679237574868132,-1.567120766555674,31,0.5043238163649864,decrease,1.25,1.12,-10.0,849.2399999999999,17.96,152.5,52.29,263.85,True
22514,-2.0903370367538,-3.549224398733982,-0.6314496747736178,72,0.1465386347728671,decrease,2.1,1.98,-5.95,2202.92,6.92,152.45,-49.27,373.05,False
20996,-1.8193055882409963,-2.349051741847114,-1.2895594346348784,90,0.34741732298226635,decrease,0.42,0.38,-10.0,1686.79,9.02,152.08,52.25,257.63,True
22476,-1.2718747058869486,-2.1179680340955396,-0.42578137767835755,81,0.20734587033822682,decrease,4.95,4.46,-10.0,5218.610000000001,2.91,151.65,-306.36,652.37,False
21613,-1.742638033121724,-2.6998464731013634,-0.7854295931420847,72,0.11872365737530444,decrease,2.95,2.66,-10.0,1861.45,8.14,151.5,-41.61,365.1,False
22343,-1.6914438404626164,-2.32829012528293,-1.0545975556423033,80,0.37973993769880066,decrease,0.85,0.76,-10.0,1985.74,7.56,150.06,11.46,298.29,True
22277,-1.472470735591485,-2.64401984905325,-0.3009216221297202,87,0.09560873061634922,decrease,2.1,1.89,-10.0,2927.49,5.1,149.42,-207.88,553.65,False
85183A,-1.5976310924650878,-2.043986693573267,-1.1512754913569085,68,0.3576175776613505,decrease,2.5,2.25,-10.0,2275.75,6.5,147.9,36.56,264.61,True
21198,-1.9083520138100083,-2.375899758428897,-1.4408042691911196,66,0.37327415729742286,decrease,1.65,1.48,-10.0,1472.3,10.04,147.87,69.99,229.68,True
21286,-1.823835538177036,-2.2301745420659573,-1.4174965342881145,49,0.470042615577426,decrease,2.55,2.3,-10.0,1623.01,9.07,147.17,72.99,224.6,True
21906,-0.8810604043769318,-1.6224195190799637,-0.13970128967389994,94,0.07281904321844301,increase,6.75,7.43,10.0,12879.460000000001,1.14,146.83,-741.83,1100.56,False
21219,-2.0121379275379168,-2.756954588409013,-1.2673212666668205,76,0.2906747104385631,decrease,1.25,1.12,-10.0,1303.27,11.25,146.66,37.23,265.03,True
22194,-1.4192812393242527,-2.0333732352936313,-0.805189243354874,71,0.286577814140082,decrease,8.5,7.65,-10.0,3212.1000000000004,4.52,145.08,-65.26,369.47,False
72807C,-1.1606074766928205,-1.8310886676557188,-0.49012628572992223,88,0.27892397557467197,decrease,4.25,3.82,-10.0,8489.17,1.71,144.87,-444.01,776.86,False
85176,-1.8339115059588937,-2.575515753676667,-1.0923072582411206,93,0.26161871721766605,decrease,0.85,0.79,-7.06,2292.9999999999995,6.29,144.34,15.55,280.31,True
22503,-1.421009614203037,-1.9253630825800436,-0.9166561458260306,36,0.35874963482893396,decrease,29.95,26.96,-10.0,3178.02,4.54,144.14,-27.78,325.45,False
22421,-1.561043930149879,-2.1985925241076645,-0.9234953361920937,80,0.29424265171065855,decrease,0.42,0.38,-10.0,2351.8599999999997,6.09,143.21,-18.88,316.57,False
21634,-1.8594513584775356,-2.6161066203794907,-1.1027960965755805,46,0.5391430674439958,decrease,1.25,1.12,-10.0,1507.7399999999998,9.48,142.9,16.42,279.88,True
21466,-1.3801479025729022,-2.2034193890827374,-0.5568764160630671,90,0.02657999128780275,decrease,3.75,3.38,-10.0,3479.79,4.09,142.2,-158.73,470.4,False
20798,-1.9782704678451206,-2.7995135796678126,-1.1570273560224287,42,0.35128929110144047,decrease,3.155,2.84,-10.0,1308.15,10.86,142.03,21.82,273.09,True
22137,-1.8506146477372596,-3.0628407797179786,-0.6383885157565408,32,0.20572142553019657,decrease,2.95,2.66,-10.0,1508.28,9.38,141.42,-56.38,366.16,False
20716,-1.6722182646479407,-2.790565600076893,-0.5538709292189885,73,0.17244610563414875,decrease,1.25,1.12,-10.0,1925.04,7.34,141.29,-88.39,399.68,False
22106,-1.8028880604520048,-2.6115442775430027,-0.9942318433610069,51,0.39232210187115424,decrease,5.06,4.55,-10.0,1589.9799999999998,8.83,140.35,-0.97,294.24,False
21154,-0.8753263956215562,-1.4759916619065898,-0.27466112933652265,104,0.2482220649524538,increase,1.25,1.38,10.0,11694.949999999999,1.2,139.8,-518.71,837.1,False
22322,-1.8228807880122577,-2.5639279485821973,-1.0818336274423184,85,0.208011465222952,decrease,1.255,1.13,-10.0,1528.2100000000003,9.06,138.41,13.23,273.75,True
85186C,-2.806414850677328,-3.953372728781539,-1.6594569725731165,39,0.36731210581847784,decrease,0.625,0.56,-10.0,658.1899999999999,20.96,137.98,47.36,240.25,True
82616B,-2.2459454677613473,-2.874254077864443,-1.6176368576582516,55,0.48676019157852013,decrease,2.51,2.26,-10.0,977.5500000000001,14.03,137.13,65.73,213.42,True
21739,-1.854024849432504,-2.6297288464815116,-1.0783208523834966,62,0.31764028673382383,decrease,2.95,2.66,-10.0,1451.85,9.42,136.7,12.03,271.98,True
79164,-0.5655421127867044,-0.8622616023267781,-0.26882262324663075,47,0.21701884274319538,increase,1.65,1.82,10.0,3196.01,4.23,135.12,42.23,230.67,True
22246,-1.5417825305627848,-2.3494967017995054,-0.7340683593260642,73,0.21481443083862328,decrease,1.95,1.76,-10.0,2287.95,5.87,134.4,-63.22,349.57,False
22449,-1.2861780006603911,-2.088272942815215,-0.484083058505567,76,0.20097744521217886,decrease,3.35,3.02,-10.0,4374.450000000001,3.06,133.91,-231.44,531.47,False
72800C,-2.276889429262697,-2.6290024021032945,-1.9247764564220997,49,0.5311257432247964,decrease,2.55,2.3,-10.0,924.84,14.4,133.18,94.65,173.17,True
21883,-1.9984660657964448,-2.7992835980163324,-1.197648533576557,79,0.3235672055013896,decrease,0.65,0.59,-10.0,1199.4800000000002,11.09,133.06,25.24,250.37,True
84279B,-1.86065671836025,-2.639047933752346,-1.0822655029681543,49,0.25609356601059385,decrease,3.75,3.57,-4.8,3076.92,4.32,133.06,12.48,258.35,True
72801G,-2.464731764050481,-3.018778023446906,-1.9106855046540563,40,0.35958766554104193,decrease,1.25,1.12,-10.0,796.1199999999999,16.69,132.85,80.17,188.69,True
22717,-2.6538904558569327,-3.5592303743624347,-1.748550537351431,72,0.4048000141581751,decrease,0.42,0.39,-7.14,1018.4200000000001,13.04,132.8,58.09,212.68,True
72800E,-1.4689657655063588,-1.8603060060018701,-1.0776255250108475,88,0.3630834903751391,decrease,2.55,2.3,-10.0,2613.8199999999997,5.07,132.39,21.47,247.99,True
22339,-1.8639317738741232,-2.539477338248586,-1.1883862094996607,40,0.5260776357030248,decrease,0.65,0.59,-10.0,1385.46,9.53,132.03,27.77,243.97,True
20801,-1.8395147597597332,-2.082698423210899,-1.5963310963085675,45,0.611599468729107,decrease,2.55,2.3,-10.0,1421.9999999999998,9.25,131.51,92.21,171.83,True
21991,-1.6261598640783386,-2.1581935449043,-1.094126183252377,76,0.42295350812826493,decrease,2.46,2.21,-10.0,1927.5400000000002,6.82,131.45,19.21,250.17,True
22134,-2.125540604270528,-3.035684195316776,-1.2153970132242795,96,0.25825424551522735,decrease,0.83,0.75,-10.0,1043.58,12.59,131.39,23.95,249.64,True
22094,-1.459223494380239,-1.835060448372167,-1.0833865403883107,93,0.557768223494591,decrease,1.25,1.12,-10.0,2649.0499999999993,4.96,131.32,23.38,243.63,True
84596G,-1.8247184682944049,-2.2391469674838835,-1.4102899691049262,90,0.5063912116094775,decrease,1.25,1.12,-10.0,1440.76,9.08,130.79,63.65,200.93,True
84609,-1.9164962856351886,-2.471378161059925,-1.3616144102104522,32,0.6487605189397427,decrease,8.5,7.65,-10.0,1289.24,10.14,130.7,50.07,216.19,True
21948,-1.413497954042808,-2.1308213395058577,-0.6961745685797583,95,0.13217613556505048,decrease,1.88,1.69,-10.0,2921.3600000000006,4.45,130.09,-92.04,369.65,False
21424,-1.421920519327919,-2.131774596253223,-0.7120664424026149,71,0.22474062589935917,decrease,4.86,4.37,-10.0,2861.6399999999994,4.55,130.08,-85.51,362.41,False
85131A,-1.7327591783491223,-2.2693170156596265,-1.1962013410386179,66,0.3878678237074157,decrease,0.85,0.76,-10.0,1619.23,8.03,129.96,33.82,231.7,True
22278,-1.2030298230219372,-1.7023533470337135,-0.7037062990101608,100,0.31090998785689794,decrease,4.95,4.46,-10.0,5959.530000000001,2.16,128.86,-183.17,457.73,False
21090,-1.6783352907831763,-2.176935499596414,-1.1797350819699388,77,0.2663974563156717,decrease,0.83,0.75,-10.0,1729.0899999999997,7.41,128.1,33.06,228.27,True
85170A,-1.7360404876097641,-2.837534676693309,-0.6345462985262194,43,0.20517964099648722,decrease,2.1,1.89,-10.0,1585.06,8.06,127.81,-59.87,338.59,False
21581,-1.6195262404583857,-2.3006810084899274,-0.938371472426844,74,0.14711225682250673,decrease,2.25,2.02,-10.0,1890.7399999999998,6.75,127.53,-12.24,277.7,False
85087,-1.8315624457301225,-2.2560138822324003,-1.4071110092278447,49,0.4302571852768048,decrease,3.29,2.96,-10.0,1392.6399999999999,9.16,127.52,61.03,197.04,True
21389,-3.5858232389383318,-4.69188972839934,-2.479756749477324,84,0.47256128986305634,decrease,0.85,0.83,-2.35,2008.09,6.35,127.52,72.01,184.51,True
22721,-1.2553612198999162,-2.2068172021192853,-0.303905237680547,50,0.09853268294730855,decrease,4.95,4.46,-10.0,4671.8099999999995,2.73,127.4,-330.37,633.44,False
21890,-0.8730989898337161,-1.5987405613909906,-0.14745741827644165,101,0.1772879703164595,increase,2.95,3.25,10.0,10451.599999999999,1.22,127.18,-579.73,884.71,False
21709,-1.4099899131965585,-2.1427392015620774,-0.6772406248310396,68,0.14793610634296162,decrease,4.95,4.46,-10.0,2876.7200000000007,4.41,126.99,-96.18,368.07,False
22217,-1.4186938690717463,-2.2149864852646317,-0.622401252878861,83,0.1625755685397774,decrease,1.25,1.12,-10.0,2814.81,4.51,126.95,-109.79,384.41,False
21905,-1.5465267843087593,-2.01153685684613,-1.0815167117713889,89,0.2522481628020914,decrease,2.1,1.89,-10.0,2141.07,5.93,126.91,18.47,240.79,True
22103,-1.6590294085089061,-2.5480916250695143,-0.7699671919482979,51,0.24739823070952927,decrease,1.65,1.48,-10.0,1760.64,7.19,126.6,-42.16,311.92,False
21167,-2.8519921773562684,-3.7656198029645562,-1.9383645517479808,67,0.37951591388091577,decrease,0.32,0.29,-10.0,587.52,21.55,126.59,61.05,198.75,True
84678,-2.026000673998649,-2.626744689794842,-1.425256658202456,47,0.39018202634231824,decrease,2.55,2.3,-10.0,1108.28,11.42,126.52,50.79,207.2,True
21399,-1.7406234442068313,-2.0351998995655007,-1.446046988848162,53,0.7142042244471699,decrease,2.1,1.89,-10.0,1550.44,8.12,125.83,74.6,178.67,True
22744,-1.2766126551534724,-1.854407427989679,-0.6988178823172658,63,0.3299089920284166,decrease,2.95,2.66,-10.0,4245.17,2.96,125.54,-132.6,399.88,False
22701,-1.8616268527670439,-2.2122510790413417,-1.5110026264927459,58,0.35688544995887206,decrease,2.95,2.66,-10.0,1320.5700000000002,9.5,125.49,73.05,179.91,True
21179,-1.332415643671434,-1.7016949337056966,-0.9631363536371715,87,0.3078195960532638,decrease,1.25,1.12,-10.0,3517.8999999999996,3.56,125.39,-13.64,269.94,False
21292,-1.7985745433994653,-2.271044401706414,-1.3261046850925164,56,0.5049022202862131,decrease,0.85,0.76,-10.0,1427.11,8.78,125.27,49.89,204.5,True
21684,-1.8359980360282222,-2.298404724275168,-1.3735913477812765,63,0.24751613876529266,decrease,0.85,0.76,-10.0,1357.6100000000001,9.21,125.0,54.5,199.02,True
21741,-1.7546092104007531,-2.73680596025873,-0.7724124605427763,63,0.21313897479617006,decrease,2.95,2.75,-6.78,2293.7500000000005,5.44,124.79,-36.36,297.45,False
16046,-1.9129388024123442,-2.4579580316190324,-1.3679195732056562,42,0.5805197197499625,decrease,0.85,0.76,-10.0,1223.4999999999998,10.1,123.53,48.36,203.15,True
22210,-1.5980945637375645,-2.073653939114646,-1.122535188360483,81,0.48636375140134824,decrease,1.65,1.48,-10.0,1898.4199999999998,6.5,123.48,24.67,227.37,True
22182,-1.5265733447875003,-2.0524425644719577,-1.0007041251030429,69,0.18767286911781855,decrease,4.21,3.79,-10.0,2156.45,5.7,123.02,0.16,252.88,True
22785,-1.5146527680644621,-1.8435561196608967,-1.1857494164680276,38,0.21991970998485222,decrease,6.75,6.08,-10.0,2207.11,5.57,122.98,43.62,205.14,True
21547,-1.6106157207177771,-2.6784595276507788,-0.5427719137847755,53,0.14002234426263616,decrease,2.95,2.66,-10.0,1848.47,6.64,122.83,-86.94,357.58,False
20766,-1.72431743708002,-2.573090557801352,-0.8755443163586883,71,0.1406199269124383,decrease,3.75,3.38,-10.0,1548.4700000000003,7.93,122.8,-20.17,279.14,False
22102,-1.9255559862781246,-2.9151860029223924,-0.9359259696338567,44,0.5162453815298227,decrease,1.65,1.48,-10.0,1191.6900000000003,10.24,122.07,-8.02,266.44,False
84507C,-2.6680792307230314,-3.771273337039778,-1.5648851244062847,51,0.46762976222745023,decrease,2.55,2.3,-10.0,634.64,19.21,121.94,38.92,215.19,True
37500,-0.8135790611779821,-1.2649734678767306,-0.3621846544792335,88,0.15238570544648344,increase,9.95,10.94,10.0,6787.459999999999,1.79,121.68,-169.27,425.41,False
84509B,-1.4588151172840336,-2.10064023790705,-0.816989996661017,87,0.17134902101170413,decrease,3.75,3.38,-10.0,2452.67,4.95,121.48,-46.84,301.57,False
21407,-1.1932223855424102,-1.8992952862833248,-0.48714948480149567,96,0.1277105872919213,decrease,4.25,3.82,-10.0,5883.33,2.06,121.0,-309.46,584.71,False
85180B,-2.057586765007836,-2.7018959849954856,-1.4132775450201862,37,0.5311100952977719,decrease,4.65,4.19,-10.0,1022.16,11.79,120.49,45.49,200.75,True
84356,-1.29639510904833,-2.2887617942594374,-0.30402842383722295,67,0.13649664784232307,decrease,6.95,6.26,-10.0,3771.0399999999995,3.17,119.62,-266.63,548.44,False
21062,-2.2143865412178436,-2.9604138792094488,-1.4683592032262385,73,0.11055656207793696,decrease,0.85,0.76,-10.0,875.8700000000001,13.65,119.55,44.31,200.95,True
22754,-1.3638148392441762,-2.4864414684332856,-0.24118821005506685,67,0.3997869163290827,decrease,0.85,0.76,-10.0,3044.8600000000006,3.91,118.98,-233.96,516.23,False
82616C,-2.042127484213819,-3.1564275140736298,-0.9278274543540082,56,0.36647865707331817,decrease,2.51,2.26,-10.0,1024.1,11.61,118.85,-7.76,261.23,False
20657,-2.4379568345009623,-3.7393188616476203,-1.1365948073543044,61,0.29896490135707143,decrease,1.25,1.12,-10.0,726.4700000000001,16.36,118.84,10.53,243.06,True
84247G,-2.7041773557570226,-3.7955628881494716,-1.6127918233645735,57,0.3748196850532939,decrease,0.42,0.38,-10.0,602.67,19.67,118.53,40.19,206.42,True
35915C,-2.314169041819791,-2.6655072843754946,-1.9628307992640874,30,0.6489222040246714,decrease,1.65,1.48,-10.0,793.32,14.85,117.81,84.7,152.17,True
21666,-1.961079132840629,-2.8252913050224753,-1.0968669606587826,56,0.28162407912619014,decrease,0.65,0.59,-10.0,1105.15,10.66,117.77,11.34,234.35,True
22538,-2.6694109747642782,-3.6342612197305395,-1.704560729798017,55,0.28297812483373574,decrease,0.42,0.38,-10.0,610.4300000000001,19.23,117.39,47.04,195.27,True
21398,-1.4836090071233246,-1.9344280053361984,-1.0327900089104507,54,0.43198765778973236,decrease,2.1,1.89,-10.0,2231.9,5.23,116.67,7.72,230.92,True
22599,-1.5413464563836397,-2.5446411894407444,-0.538051723326535,35,0.5021767217641986,decrease,0.85,0.76,-10.0,1976.8799999999999,5.87,116.03,-93.91,349.39,False
84032B,-1.1417390298175851,-2.0656129948851616,-0.21786506475000889,91,0.2545609807002748,decrease,2.95,2.66,-10.0,7699.250000000001,1.5,115.84,-609.03,914.82,False
85167B,-1.7401067155857577,-2.5780091650123325,-0.9022042661591828,34,0.4445931143188766,decrease,4.25,3.82,-10.0,1426.3400000000001,8.11,115.67,-14.62,258.0,False
85059,-1.444458185070724,-1.98466174185578,-0.9042546282856684,87,0.23697953224869817,decrease,3.75,3.38,-10.0,2399.8900000000003,4.79,115.06,-24.09,262.35,False
21202,-1.940856995347029,-2.7910972161985725,-1.0906167744954856,50,0.2674381960771215,decrease,1.65,1.48,-10.0,1103.48,10.42,114.99,10.59,229.18,True
85208,-2.220513540186807,-3.2546910576666033,-1.1863360227070106,49,0.169964616529793,decrease,2.1,1.89,-10.0,836.94,13.72,114.85,16.59,224.42,True
22260,-1.6588168218568744,-2.460532952809011,-0.8571006909047377,72,0.13354943096574456,decrease,1.63,1.47,-10.0,1594.77,7.19,114.63,-23.83,265.3,False
22129,-0.6207554117466919,-1.0816516466786859,-0.15985917681469797,72,0.2107676985854523,increase,0.85,0.94,10.0,3095.12,3.68,113.92,-23.99,258.03,False
22956,-1.218067588998825,-1.9797945766046186,-0.45634060139303156,55,0.050068083599282276,decrease,2.1,1.89,-10.0,4878.900000000001,2.32,113.39,-271.61,530.57,False
37342,-1.6011670642119635,-1.8754842945217152,-1.326849833902212,48,0.5928482277506895,decrease,2.46,2.21,-10.0,1731.4,6.54,113.21,60.66,167.3,True
21284,-1.6228703516024887,-2.0726467954293892,-1.1730939077755882,62,0.5142261996168394,decrease,1.69,1.52,-10.0,1668.7199999999998,6.78,113.18,30.71,199.66,True
20717,-1.1358391648299042,-1.8017651168459516,-0.4699132128138568,104,0.13570311468123153,decrease,1.25,1.12,-10.0,7767.4800000000005,1.44,111.97,-421.92,684.66,False
21738,-2.1552808803031125,-3.172688140910795,-1.1378736196954298,44,0.18876740778716106,decrease,2.95,2.75,-6.78,1322.63,8.45,111.74,12.86,217.94,True
85203,-2.4667846120482855,-3.1812051631688156,-1.7523640609277555,86,0.3640767214599546,decrease,0.425,0.38,-10.0,665.9100000000002,16.71,111.29,54.93,172.05,True
22422,-1.581546880968676,-2.5160359478971994,-0.6470578140401522,73,0.35230454170473624,decrease,1.25,1.12,-10.0,1760.9399999999998,6.32,111.27,-64.28,304.99,False
22289,-2.2096783141691665,-3.5336050906332894,-0.8857515377050436,42,0.22751660638188753,decrease,1.25,1.12,-10.0,817.48,13.59,111.12,-9.78,250.12,False
22263,-2.5420356543734877,-3.4327984330554457,-1.6512728756915296,57,0.32912016149177603,decrease,1.255,1.13,-10.0,627.38,17.64,110.68,44.56,183.3,True
35004G,-1.7115352925532434,-2.3781315886127046,-1.0449389964937823,50,0.45309030349129376,decrease,6.35,5.72,-10.0,1419.51,7.78,110.51,6.74,221.83,True
21320,-2.0835045525295173,-2.72820899439443,-1.4388001106646047,35,0.4526072901048557,decrease,2.55,2.3,-10.0,913.34,12.09,110.45,43.22,182.41,True
85169A,-1.7253383462977703,-2.7079840517098197,-0.742692640885721,68,0.15957037827075382,decrease,1.25,1.12,-10.0,1385.82,7.94,110.06,-37.06,273.23,False
21641,-2.0411861023095534,-2.4853467152566253,-1.5970254893624818,59,0.4458376801712265,decrease,1.255,1.13,-10.0,946.31,11.59,109.72,61.44,160.31,True
51014L,-1.4563717668779048,-1.9996569895059624,-0.9130865442498471,81,0.309757020812781,decrease,0.85,0.76,-10.0,2222.3500000000004,4.93,109.47,-20.26,246.84,False
22647,-2.0665531484559967,-2.4814065922296056,-1.6516997046823878,45,0.5462289894398447,decrease,1.45,1.3,-10.0,919.6299999999999,11.89,109.37,65.36,155.35,True
21828,-1.9515720861554384,-2.887025001965826,-1.0161191703450507,81,0.27584477219759496,decrease,1.25,1.16,-7.6,1396.6200000000001,7.81,109.1,1.78,224.65,True
20932,-1.8627140180682473,-2.367097687266445,-1.3583303488700498,56,0.4863660555574767,decrease,3.75,3.38,-10.0,1143.97,9.52,108.85,44.01,177.23,True
21061,-1.9383794897937245,-2.8671528598847082,-1.0096061197027406,82,0.2304713849052824,decrease,0.85,0.76,-10.0,1046.56,10.39,108.76,1.06,227.53,True
85131D,-1.8989419277484774,-2.3569122373298192,-1.4409716181671353,72,0.31952132585794657,decrease,0.83,0.75,-10.0,1092.71,9.93,108.55,51.97,167.94,True
84637,-1.6830201056181426,-2.112576587614061,-1.2534636236222239,52,0.6286342047694262,decrease,4.96,4.46,-10.0,1454.4899999999998,7.46,108.53,39.37,180.89,True
22716,-1.6451004891372176,-2.2241241377091887,-1.0660768405652465,77,0.3478547200040726,decrease,0.42,0.39,-7.14,2211.4100000000003,4.9,108.29,10.86,209.99,True
85183B,-1.3683455276434533,-1.7476877382993585,-0.9890033169875482,73,0.3779817455171762,decrease,3.75,3.38,-10.0,2731.76,3.96,108.1,-3.16,223.9,False
21894,-1.5427707795189585,-2.4256117956498207,-0.6599297633880963,86,0.15587957592637003,decrease,1.25,1.12,-10.0,1836.1399999999999,5.89,108.06,-64.62,297.58,False
21468,-1.4243006621014869,-2.1043051916292117,-0.744296132573762,76,0.11195289457607405,decrease,3.75,3.38,-10.0,2361.3900000000003,4.57,107.96,-62.77,291.37,False
20866,-1.717862890034895,-2.6820023225160248,-0.753723457553765,70,0.23173516303176622,decrease,1.25,1.12,-10.0,1368.91,7.86,107.55,-35.06,265.42,False
72800B,-1.7652212099501745,-2.679930817821355,-0.8505116020789943,52,0.3385700563909838,decrease,2.55,2.3,-10.0,1276.7799999999997,8.4,107.2,-19.95,247.22,False
21518,-2.9496979514964377,-3.898498212237067,-2.0008976907558083,56,0.5645525954875066,decrease,0.42,0.38,-10.0,469.28,22.8,107.02,52.19,167.6,True
85187,-2.166259442016619,-3.4320171509976305,-0.9005017330356073,38,0.25374226706668546,decrease,1.65,1.48,-10.0,816.4799999999999,13.07,106.75,-8.51,238.46,False
21035,-0.9402253639157594,-1.5768806585577138,-0.3035700692738049,104,0.16695748818622624,increase,3.1,3.41,10.0,18644.78,0.57,106.52,-997.47,1279.58,False
22248,-2.395676576570409,-3.2927679751169032,-1.4985851780239148,65,0.32940156784932717,decrease,0.85,0.78,-7.65,901.4999999999999,11.74,105.86,36.48,180.38,True
22209,-1.5561976159097526,-2.02034773262575,-1.0920474991937552,85,0.3456950745482571,decrease,1.65,1.48,-10.0,1753.9399999999998,6.04,105.85,17.09,199.06,True
22609,-1.4067361057379795,-1.7774319485869732,-1.0360402628889858,64,0.6464406100085817,decrease,0.85,0.76,-10.0,2414.54,4.38,105.72,9.19,206.1,True
21088,-1.5365892778036465,-2.2726286365020574,-0.8005499191052355,59,0.41137376373213863,decrease,0.65,0.59,-10.0,1816.7299999999996,5.82,105.67,-37.78,260.68,False
72807A,-1.2319944168247245,-2.2025902914024615,-0.26139854224698755,82,0.26496412635832267,decrease,4.25,3.82,-10.0,4213.54,2.47,104.26,-315.46,569.18,False
84818,-1.4064806564129486,-2.0980117877172444,-0.7149495251086528,79,0.3097344186556078,decrease,2.55,2.3,-10.0,2382.25,4.38,104.24,-70.48,292.17,False
21332,-1.5806207373509036,-2.7781861763006925,-0.38305529840111463,32,0.47839593563079463,decrease,12.75,11.48,-10.0,1644.17,6.31,103.72,-103.47,338.78,False
20769,-2.143502984804076,-3.1091672284868057,-1.177838741121346,47,0.2746854276053433,decrease,2.55,2.3,-10.0,808.8099999999998,12.8,103.56,15.3,201.27,True
21279,-1.5849165341097784,-2.6666072902913713,-0.5032257779281857,59,0.21513212447889263,decrease,2.55,2.3,-10.0,1621.8299999999997,6.36,103.09,-82.7,311.32,False
21520,-3.1164835527103403,-3.9282222739100785,-2.304744831510602,59,0.6247668024211708,decrease,0.42,0.38,-10.0,411.62999999999994,24.98,102.83,60.66,148.77,True
21934,-0.870875768094478,-1.399630202955316,-0.3421213332336399,104,0.17066959022211636,increase,1.65,1.82,10.0,8275.220000000001,1.24,102.47,-309.27,535.49,False
21360,-1.341570794983556,-1.983959156455772,-0.6991824335113401,48,0.35846463016657004,decrease,9.95,8.96,-10.0,2790.41,3.66,102.25,-87.05,304.81,False
22093,-1.6546102014926667,-2.0849342754571847,-1.224286127528149,76,0.4266086785713282,decrease,1.25,1.12,-10.0,1429.87,7.14,102.1,34.19,173.16,True
22645,-1.0969126552069994,-1.5091354633047374,-0.6846898471092616,82,0.4167807159625938,decrease,1.45,1.3,-10.0,9925.130000000001,1.03,101.86,-324.31,546.95,False
22063,-1.149862403794786,-1.6793500828028538,-0.6203747247867182,95,0.10599634264202729,decrease,2.95,2.66,-10.0,6356.059999999999,1.59,101.16,-249.21,471.62,False
37423,-2.06846867290833,-2.562327183561913,-1.5746101622547473,39,0.6041063809093157,decrease,1.66,1.49,-10.0,843.88,11.92,100.55,52.67,151.0,True
21260,-1.1080390326524447,-2.10613069226537,-0.1099473730395194,103,0.046959731476652,decrease,3.25,3.0,-7.69,11564.429999999998,0.87,100.44,-795.21,1070.58,False
20986,-1.6020233416988616,-2.498522787695344,-0.7055238957023795,78,0.2917208880750445,decrease,1.25,1.12,-10.0,1530.95,6.55,100.25,-46.77,261.84,False
21188,-1.5059899751506536,-2.39640400139072,-0.6155759489105872,70,0.11632017321970178,decrease,2.95,2.75,-6.78,2771.3399999999997,3.62,100.21,-73.79,285.45,False
21873,-1.3907295560132469,-2.0271675467923655,-0.754291565234128,82,0.13592525290378943,decrease,1.25,1.12,-10.0,2360.0099999999998,4.2,99.18,-60.31,269.74,False
21408,-1.303812217316804,-1.9730495923259141,-0.6345748423076939,86,0.2528893909630593,decrease,4.25,3.82,-10.0,3045.3099999999995,3.25,99.06,-115.02,328.77,False
21824,-1.3910101801583123,-2.3509607490707625,-0.43105961124586245,41,0.3017886487741923,decrease,1.45,1.3,-10.0,2351.46,4.21,98.9,-136.81,359.69,False
22156,-1.1679795457591282,-1.958536874340021,-0.3774222171782353,104,0.26236324882787865,decrease,0.85,0.76,-10.0,5537.57,1.79,98.88,-351.58,588.46,False
85031B,-1.9929746585896055,-2.5037457686438205,-1.4822035485353906,39,0.2726294447713947,decrease,3.36,3.02,-10.0,896.0900000000003,11.03,98.83,46.7,153.84,True
85130B,-1.963812757744297,-2.5489490793414626,-1.3786764361471315,51,0.5256774392662098,decrease,1.65,1.48,-10.0,918.3299999999999,10.69,98.15,37.38,162.79,True
16238,-2.531718998118556,-3.2176595927280784,-1.8457784035090337,86,0.41702380237080217,decrease,0.315,0.28,-10.0,559.5400000000002,17.51,97.99,52.15,147.27,True
35095B,-2.141113105364154,-3.0027064362013585,-1.2795197745269498,78,0.28035541738309455,decrease,0.595,0.54,-10.0,766.64,12.78,97.94,22.91,180.1,True
37340,-0.7385768357318803,-1.0402616055243532,-0.4368920659394074,84,0.41589440351507556,increase,0.885,0.97,10.0,3881.3300000000004,2.52,97.92,-14.87,214.0,False
85202,-2.503183417537093,-3.335498926266315,-1.6708679088078706,73,0.32754359170026814,decrease,0.605,0.54,-10.0,570.0900000000001,17.16,97.83,41.75,159.05,True
85025B,-1.8879605878698613,-2.7318156792015285,-1.0441054965381942,54,0.2704029591523537,decrease,1.65,1.48,-10.0,985.4,9.81,96.64,4.59,197.25,True
22033,-2.255349839928478,-3.9521393165324694,-0.5585603633244869,59,0.30232514479248795,decrease,0.42,0.38,-10.0,681.93,14.14,96.43,-30.99,248.8,False
20761,-1.6220966487738089,-2.901540236970978,-0.3426530605766396,72,0.16440934468574242,decrease,3.75,3.38,-10.0,1422.46,6.77,96.36,-95.18,315.54,False
21847,-2.261005949399011,-2.852712594437885,-1.6692993043601367,40,0.42719441347771825,decrease,4.21,3.79,-10.0,675.3699999999999,14.21,95.96,49.34,145.58,True
20705,-1.8707536248572638,-2.3862744429485128,-1.3552328067660147,40,0.6359421039092414,decrease,6.95,6.26,-10.0,996.19,9.61,95.72,37.99,156.66,True
21557,-1.2790554768820452,-1.8149610424241147,-0.7431499113399759,94,0.18107553509350327,decrease,4.345,3.91,-10.0,3169.3900000000003,2.98,94.57,-84.62,284.16,False
72131,-2.2127170859409793,-2.6539807073237007,-1.771453464558258,34,0.4411866131092639,decrease,1.95,1.76,-10.0,692.28,13.63,94.35,58.62,131.79,True
21719,-2.033046737047194,-2.7866948490299492,-1.279398625064439,76,0.205180014494599,decrease,0.85,0.76,-10.0,813.1399999999999,11.5,93.5,24.29,168.43,True
22650,-0.6463388642332236,-1.2656147474550057,-0.027062981011441667,78,0.18751100182731228,increase,1.45,1.6,10.0,2717.879999999999,3.43,93.17,-67.94,264.09,False
21248,-1.6560458270533844,-2.3674395166240223,-0.9446521374827465,76,0.1771526241760455,decrease,1.45,1.3,-10.0,1299.55,7.16,93.0,-7.56,201.39,False
21250,-1.8440632267714743,-3.070069076494987,-0.6180573770479616,41,0.16099002438163823,decrease,2.95,2.66,-10.0,997.55,9.3,92.78,-39.35,243.12,False
21462,-1.3557457237804873,-1.9041663177791142,-0.8073251297818603,82,0.17775594180991094,decrease,6.75,6.08,-10.0,2425.41,3.82,92.63,-48.74,242.42,False
22944,-1.2425098766421423,-1.4393134018643168,-1.0457063514199678,30,0.7637181798701126,decrease,1.25,1.12,-10.0,3577.9900000000007,2.59,92.6,17.27,169.5,True
21618,-1.4694969418064845,-1.8550298630947974,-1.0839640205181715,64,0.279117808713233,decrease,3.75,3.38,-10.0,1823.7399999999998,5.07,92.48,16.21,171.92,True
22390,-1.5855440948733404,-2.097711759334749,-1.0733764304119318,50,0.36834123877102587,decrease,2.55,2.3,-10.0,1448.52,6.36,92.18,11.24,177.6,True
22055,-1.106088887095625,-1.5856885752680308,-0.6264891989232192,99,0.09095177758267936,decrease,1.65,1.48,-10.0,8179.1900000000005,1.12,91.94,-315.63,520.62,False
85131B,-2.1154858458108956,-2.3396193650336574,-1.8913523265881338,66,0.31859675388692255,decrease,0.83,0.75,-10.0,730.74,12.47,91.13,71.95,110.77,True
22500,-1.3179097341801491,-2.0038315688269117,-0.6319878995333864,82,0.14453559140089411,decrease,4.95,4.46,-10.0,2647.3099999999995,3.41,90.17,-100.68,295.33,False
84459A,-1.408017798355875,-2.0802664853348185,-0.7357691113769314,70,0.2214980898322363,decrease,1.94,1.75,-10.0,2041.6900000000003,4.39,89.68,-56.06,246.12,False
22447,-2.0086527584880827,-2.3709450421727323,-1.646360474803433,44,0.45208001076301396,decrease,3.35,3.02,-10.0,796.34,11.21,89.29,56.12,123.75,True
21318,-1.892955040309693,-2.1650814094159627,-1.6208286712034234,47,0.5349123844368229,decrease,1.65,1.48,-10.0,900.42,9.87,88.83,60.87,117.6,True
84683,-2.496535748193819,-2.832564913983876,-2.160506582403762,33,0.497636609276781,decrease,1.25,1.12,-10.0,516.85,17.08,88.27,67.22,110.08,True
22123,-1.4780245371429492,-1.85469948082462,-1.1013495934612785,75,0.5063556891708788,decrease,4.13,3.72,-10.0,1700.14,5.17,87.82,18.25,160.21,True
72128,-2.7136004279896726,-3.7624900555686533,-1.6647108004106916,57,0.29016012954586357,decrease,0.85,0.76,-10.0,442.23999999999995,19.79,87.51,32.08,149.41,True
20832,-1.7109552261919205,-2.3632624159816293,-1.0586480364022115,63,0.3636830641297789,decrease,0.85,0.76,-10.0,1122.6499999999999,7.78,87.32,6.96,173.41,True
84596E,-1.6983662287856474,-2.2536510215918497,-1.1430814359794448,55,0.24533933152890852,decrease,1.25,1.12,-10.0,1137.8400000000001,7.64,86.88,17.28,160.67,True
21912,-1.0584933096610034,-1.9006888111758395,-0.21629780814616728,104,0.21379226542820096,decrease,3.75,3.39,-9.6,14651.330000000002,0.59,86.75,-1114.21,1394.26,False
85124A,-1.869422734045843,-2.5232504240895195,-1.2155950440021663,33,0.2631210357498268,decrease,2.55,2.33,-8.82,1037.13,8.36,86.73,20.86,156.7,True
84976,-2.0674026580299256,-2.4439965617693504,-1.6908087542905008,38,0.6442827514615016,decrease,1.69,1.52,-10.0,722.7599999999999,11.9,86.03,54.57,118.77,True
22211,-1.3944065104120373,-2.0340282334676374,-0.7547847873564372,87,0.30942541856646,decrease,1.65,1.48,-10.0,2022.35,4.24,85.81,-51.58,232.78,False
84687,-1.649557391925147,-2.2386958007987134,-1.0604189830515804,47,0.47669302025712834,decrease,5.95,5.36,-10.0,1208.06,7.08,85.57,7.71,168.41,True
21015,-1.9961286102597446,-2.337793859972855,-1.6544633605466341,43,0.7403308366585653,decrease,0.85,0.76,-10.0,771.73,11.07,85.4,55.09,116.82,True
85031A,-1.8202689564776464,-2.2480984704181672,-1.3924394425371258,44,0.3449565098545595,decrease,3.36,3.02,-10.0,943.4400000000002,9.03,85.16,39.83,132.59,True
22420,-2.086223851173466,-3.1628516071658686,-1.0095960951810632,69,0.31814189960878136,decrease,0.42,0.39,-7.14,1014.75,8.38,85.06,0.72,176.41,True
20704,-1.570920096917391,-1.9947143509059237,-1.1471258429288584,47,0.5780404893808995,decrease,6.95,6.26,-10.0,1371.4200000000005,6.2,85.03,21.42,151.53,True
85103,-1.3655659250915277,-2.148179663573376,-0.5829521866096795,47,0.1979672275266008,decrease,6.75,6.08,-10.0,2153.4300000000003,3.93,84.56,-92.57,276.92,False
22615,-1.9930471919792314,-2.745481506493456,-1.2406128774650071,74,0.33641668611772146,decrease,0.29,0.27,-6.9,1145.8799999999999,7.35,84.27,19.87,152.22,True
79190B,-2.239933700692841,-3.028214884363849,-1.4516525170218328,75,0.248097917559565,decrease,0.42,0.38,-10.0,603.08,13.96,84.16,29.39,143.68,True
84595E,-2.0423804471936293,-2.842848584110023,-1.2419123102772356,34,0.4089783943220209,decrease,3.52,3.17,-10.0,723.5699999999999,11.61,83.99,18.68,155.06,True
20686,-1.3896403397027135,-2.233950355764571,-0.5453303236408561,84,0.15933729296063348,decrease,3.25,2.92,-10.0,2002.84,4.19,83.93,-93.68,278.07,False
21316,-1.669877255054288,-2.008794761866392,-1.3309597482421835,31,0.5330499980319431,decrease,2.95,2.66,-10.0,1146.1100000000001,7.31,83.81,40.67,128.53,True
22481,-1.5851166504777412,-2.1756521771850634,-0.9945811237704192,74,0.19979843279193943,decrease,1.25,1.12,-10.0,1309.81,6.36,83.29,-0.75,172.72,False
21822,-1.5689804310148234,-2.2519498156054123,-0.8860110464242347,33,0.4685015180272184,decrease,1.95,1.76,-10.0,1343.7,6.18,83.02,-16.04,189.46,False
84688,-1.580551195684259,-2.3816608893525535,-0.7794415020159644,45,0.2899800780525631,decrease,6.36,5.72,-10.0,1313.52,6.31,82.85,-30.17,205.83,False
84559A,-1.9100537354842149,-2.7234920921015937,-1.096615378866836,85,0.3329600578769356,decrease,0.85,0.79,-7.06,1190.17,6.89,81.99,8.45,160.04,True
22608,-1.4816499278795134,-1.9080122627151934,-1.0552875930438335,56,0.588008356384472,decrease,0.42,0.38,-10.0,1573.81,5.21,81.93,9.19,158.0,True
84795B,-1.5203419133640648,-2.5063230269345023,-0.5343607997936274,48,0.14970777783772238,decrease,7.95,7.45,-6.29,2379.09,3.44,81.79,-70.88,244.56,False
20652,-1.726024364231121,-2.446640367267939,-1.0054083611943032,75,0.3014950785304925,decrease,1.25,1.12,-10.0,1027.29,7.95,81.67,0.59,169.14,True
21251,-1.4492469519551525,-2.5275615943237075,-0.3709323095865975,71,0.13646766509347086,decrease,2.95,2.66,-10.0,1683.9299999999998,4.85,81.62,-107.99,294.05,False
22541,-2.424028984539945,-3.8873455263342587,-0.9607124427456313,46,0.19572794469137522,decrease,0.42,0.38,-10.0,503.92,16.19,81.57,-2.08,179.17,False
21158,-1.4219895835018614,-1.722081199444693,-1.12189796755903,90,0.38424631364233464,decrease,1.45,1.3,-10.0,1792.6599999999999,4.55,81.5,23.17,141.71,True
21845,-1.2034744406768307,-1.6095782836850103,-0.7973705976686511,78,0.4088946059962201,decrease,2.95,2.66,-10.0,3758.41,2.17,81.44,-79.39,249.31,False
40003,-1.595438269774924,-2.4786807831807813,-0.7121957563690671,42,0.1756105964862259,decrease,1.25,1.12,-10.0,1257.02,6.47,81.39,-37.54,211.92,False
72801C,-2.345973983887613,-2.8801346635806544,-1.8118133041945716,38,0.4167964937859884,decrease,1.25,1.12,-10.0,531.36,15.24,80.96,47.45,116.41,True
21721,-1.7456539215215432,-2.8788590077043246,-0.612448835338762,58,0.24000974318144785,decrease,0.85,0.76,-10.0,990.4999999999999,8.17,80.95,-39.63,216.83,False
22340,-1.4937189478389672,-1.9127618189152913,-1.074676076762643,36,0.7629849797539356,decrease,1.65,1.48,-10.0,1511.05,5.34,80.68,11.94,152.53,True
84843,-1.4316567839442824,-2.1192627960102404,-0.7440507718783246,68,0.20160989552428155,decrease,5.95,5.36,-10.0,1731.0600000000002,4.65,80.55,-46.06,216.66,False
21391,-1.4128267321664136,-2.3282044217542968,-0.4974490425785306,75,0.33347641372652903,decrease,2.1,1.89,-10.0,1811.8899999999999,4.45,80.55,-93.44,272.16,False
35809A,-1.447389890304593,-1.8182521622838972,-1.0765276183252888,68,0.34179045741683267,decrease,2.1,1.89,-10.0,1666.78,4.83,80.45,13.49,150.07,True
20707,-1.5905505041979726,-2.456200147562672,-0.7249008608332735,74,0.307950013543822,decrease,1.25,1.12,-10.0,1243.68,6.42,79.84,-35.53,206.23,False
22589,-1.2045621476534445,-2.1226754630478366,-0.28644883225905227,38,0.18845334040539818,decrease,2.55,2.3,-10.0,3626.7799999999997,2.18,79.02,-262.66,455.4,False
20694,-2.130442455546649,-2.6119539149507833,-1.6489309961425143,37,0.6744968561267872,decrease,3.75,3.38,-10.0,622.33,12.65,78.72,44.04,115.2,True
22703,-1.7760403080847391,-2.610431361754731,-0.9416492544147474,57,0.2580673418526651,decrease,2.1,1.89,-10.0,921.8100000000001,8.52,78.54,-5.65,170.46,False
35810A,-1.4511358043140656,-1.7414216324973844,-1.160849976130747,77,0.4784893144674397,decrease,2.1,1.89,-10.0,1604.7400000000002,4.87,78.12,27.43,130.38,True
21014,-1.7620543769558386,-2.6028870341688526,-0.9212217197428243,45,0.5985928822612343,decrease,0.85,0.76,-10.0,928.09,8.36,77.59,-7.67,170.75,False
84686,-1.6818795146901362,-2.41208202310444,-0.9516770062758326,38,0.5619925449596319,decrease,6.36,5.72,-10.0,1027.7900000000002,7.45,76.56,-5.22,164.87,False
21892,-0.9213568346197751,-1.759690806088745,-0.08302286315080509,102,0.30972050464141343,increase,1.25,1.38,10.0,10151.279999999999,0.75,76.37,-709.04,927.12,False
22762,-1.2185788109981033,-1.7650019324953712,-0.6721556895008354,51,0.15894262809658444,decrease,14.95,13.46,-10.0,3276.62,2.33,76.33,-111.25,275.03,False
84509G,-1.3462343255476497,-2.2042965819310885,-0.4881720691642111,72,0.17127397195516725,decrease,3.75,3.38,-10.0,2045.4499999999998,3.72,75.99,-107.38,276.72,False
21944,-1.628310158418518,-2.497567107920272,-0.7590532089167641,68,0.14015791420698764,decrease,1.1400000000000001,1.03,-10.0,1106.0100000000002,6.84,75.69,-27.72,189.03,False
20871,-1.3551707220245914,-2.4414082966527184,-0.26893314739646423,36,0.20003720439439943,decrease,2.1,1.89,-10.0,1978.0500000000002,3.81,75.42,-146.64,324.41,False
16168M,-2.302435127000965,-2.696308027367724,-1.908562226634206,64,0.43657384523503273,decrease,0.625,0.56,-10.0,512.38,14.71,75.36,51.47,100.27,True
22127,-0.8133164304874925,-1.3248932491776972,-0.3017396117972877,58,0.1650308584190795,increase,1.25,1.38,10.0,4153.11,1.8,74.56,-126.63,285.8,False
47593B,-1.5207357069043397,-2.255647649022083,-0.7858237647865967,90,0.17669884027396643,decrease,0.85,0.76,-10.0,1320.99,5.64,74.5,-29.48,186.85,False
21441,-2.0208309388939334,-2.6174179754265903,-1.4242439023612765,69,0.3549946329615057,decrease,0.85,0.76,-10.0,655.4599999999999,11.36,74.43,29.96,121.78,True
22031,-2.8792001058458863,-3.560489338183898,-2.1979108735078747,67,0.5646111999587229,decrease,0.42,0.39,-7.14,493.99000000000007,14.94,73.82,45.86,103.22,True
20794,-2.115811015336464,-2.5867026356978298,-1.6449193949750982,41,0.7021240155949643,decrease,2.55,2.3,-10.0,591.02,12.48,73.73,41.56,107.54,True
22128,-1.1458548167150142,-1.9117713045856854,-0.3799383288443431,78,0.14232099911261842,decrease,1.25,1.12,-10.0,4759.589999999999,1.55,73.71,-301.0,479.91,False
22247,-1.9425415007895024,-3.2149638876468485,-0.6701191139321563,47,0.20601915845808771,decrease,0.85,0.79,-7.06,1022.79,7.14,73.06,-24.4,180.04,False
21650,-1.5733621599378296,-1.8558431491767569,-1.2908811706989023,70,0.43174119093592644,decrease,0.65,0.59,-10.0,1163.8,6.23,72.47,36.22,109.82,True
22547,-1.7784117903725312,-2.568124277615558,-0.988699303129504,76,0.15100863789730623,decrease,0.42,0.38,-10.0,846.8199999999999,8.55,72.38,-1.01,152.13,False
21377,-1.8789204860953308,-2.6080590456966983,-1.1497819264939633,62,0.5130859566729041,decrease,2.915,2.62,-10.0,742.5599999999998,9.7,72.05,11.81,137.09,True
35811A,-1.8559057936265013,-2.2628333543599517,-1.448978232893051,36,0.49833698529993786,decrease,3.155,2.84,-10.0,762.97,9.44,72.0,36.96,108.58,True
35965,-0.48232686231920485,-0.7945688893669485,-0.17008483527146118,72,0.13093785619864473,increase,2.95,3.25,10.0,1423.63,5.06,72.0,28.15,117.18,True
22763,-0.8619604984884154,-1.6198347528971946,-0.10408624407963618,55,0.07585070778213587,increase,9.95,10.94,10.0,5430.59,1.32,71.92,-311.53,484.09,False
20802,-1.4175576016244908,-1.8018389910731734,-1.0332762121758083,72,0.2593696436191062,decrease,1.65,1.48,-10.0,1596.81,4.5,71.82,5.61,140.76,True
84375,-0.9523618764825538,-1.602056396644245,-0.3026673563208626,96,0.03035578025345509,increase,2.1,2.31,10.0,15753.18,0.46,71.69,-878.5,1082.58,False
22161,-1.2452200417918067,-1.6764561160235874,-0.813983967560026,92,0.412198625267154,decrease,0.79,0.71,-10.0,2738.28,2.62,71.67,-53.14,202.29,False
21222,-1.809633963093677,-2.3887897451388036,-1.2304781810485506,68,0.2502526214258287,decrease,1.25,1.12,-10.0,804.6499999999999,8.9,71.65,19.78,126.79,True
84596L,-1.6468280897245762,-2.1761322478025145,-1.1175239316466379,70,0.3987010872625709,decrease,1.25,1.12,-10.0,1013.96,7.05,71.51,12.63,133.76,True
21678,-2.477569974358705,-2.9251825929194415,-2.029957355797969,54,0.5618060107384455,decrease,0.85,0.76,-10.0,422.99999999999994,16.84,71.25,48.49,95.12,True
22915,-0.5076565805892543,-0.8458087637848745,-0.1695043973936342,49,0.2884231657383821,increase,0.42,0.46,10.0,1474.52,4.8,70.84,21.83,121.46,True
21544,-1.1320480824067194,-1.8752982291982065,-0.38879793561523224,102,0.12040040824188791,decrease,0.85,0.76,-10.0,5052.21,1.4,70.78,-315.09,488.08,False
22640,-1.8371185386893436,-2.2027903841614025,-1.4714466932172847,51,0.2340118825284344,decrease,2.55,2.3,-10.0,765.39,9.22,70.57,38.98,103.41,True
21946,-2.6944363011531953,-3.6951444020062283,-1.6937282003001626,41,0.40106525446790486,decrease,0.85,0.76,-10.0,358.96999999999997,19.55,70.16,27.22,117.88,True
22610,-1.1284667073373247,-1.4615075446962709,-0.7954258699783785,78,0.38625450104601977,decrease,0.85,0.76,-10.0,5107.540000000001,1.36,69.6,-108.91,254.49,False
35653,-1.649062062194515,-2.4450773669030927,-0.8530467574859372,52,0.3014686277209957,decrease,2.95,2.66,-10.0,982.5300000000001,7.08,69.54,-15.1,161.58,False
21392,-1.4360860528527113,-2.285196346693487,-0.5869757590119359,36,0.4946421969386696,decrease,2.1,1.89,-10.0,1478.1299999999999,4.7,69.5,-62.94,214.34,False
82613B,-1.6414641628808968,-2.394451808441553,-0.8884765173202407,89,0.28197080699694066,decrease,1.855,1.67,-10.0,985.5699999999999,6.99,68.91,-11.51,155.98,False
20936,-1.7417694842747729,-2.3329409821860203,-1.1505979863635254,53,0.328015447998969,decrease,2.95,2.66,-10.0,843.39,8.13,68.56,13.49,127.17,True
20886,-1.1817787899614318,-2.132653179596686,-0.23090440032617765,91,0.06369738203492614,decrease,1.95,1.76,-10.0,3540.2200000000003,1.93,68.46,-275.56,448.72,False
21055,-0.8146486135635644,-1.5461733724693363,-0.0831238546577927,86,0.21152880595427392,increase,8.95,9.85,10.0,3839.09,1.78,68.42,-194.73,350.58,False
22755,-1.2126416609302872,-2.073632021268117,-0.3516513005924574,68,0.25871023653969394,decrease,0.85,0.76,-10.0,2997.63,2.27,67.92,-197.93,359.01,False
21943,-2.1428117705723544,-2.9725106599447857,-1.3131128811999233,66,0.3277623025815931,decrease,0.85,0.76,-10.0,529.16,12.8,67.71,17.75,122.23,True
21556,-1.4398324047920759,-2.5946670216970613,-0.2849977878870902,78,0.09342579654713645,decrease,2.55,2.46,-3.53,4244.410000000001,1.59,67.61,-107.66,250.31,False
84638,-1.5653898599740865,-2.331936406314885,-0.798843313633288,41,0.5145055333772833,decrease,6.95,6.26,-10.0,1101.55,6.14,67.61,-23.1,165.96,False
21879,-1.9180014094075455,-2.4904268391834483,-1.3455759796316427,55,0.4642131056495784,decrease,0.65,0.59,-10.0,664.8399999999997,10.16,67.52,24.65,113.04,True
84931B,-1.8843732508078708,-2.484655337764929,-1.2840911638508128,53,0.3146451304432871,decrease,2.55,2.3,-10.0,688.73,9.77,67.26,20.93,116.62,True
35095A,-1.8412843299294241,-2.8365990198225073,-0.8459696400363411,74,0.1912915311858313,decrease,0.63,0.57,-10.0,725.5600000000001,9.27,67.25,-11.68,154.9,False
21633,-1.371673048786299,-1.9218108411122259,-0.821535256460372,43,0.37521313585045923,decrease,12.75,11.48,-10.0,1663.11,3.99,66.42,-30.98,169.63,False
22043,-1.9667341915645555,-2.8541726984553146,-1.0792956846737964,40,0.3940147427399864,decrease,0.42,0.38,-10.0,619.25,10.72,66.4,5.2,133.6,True
20803,-1.6943270969556132,-1.8563739078373895,-1.532280286073837,47,0.6528102169548713,decrease,1.65,1.48,-10.0,874.46,7.59,66.37,50.44,82.57,True
20763,-1.8516277375717538,-2.5902638066389176,-1.1129916685045897,47,0.20358081883859136,decrease,3.75,3.38,-10.0,702.8600000000001,9.39,65.98,8.42,128.21,True
84660B,-1.6697926368285527,-1.9693002736658207,-1.3702849999912847,38,0.645895567479666,decrease,3.75,3.38,-10.0,899.48,7.31,65.77,35.79,96.71,True
17084P,-3.448463642088637,-4.365339676655055,-2.5315876075222197,46,0.48865412655928686,decrease,0.42,0.38,-10.0,222.74999999999994,29.43,65.56,39.01,94.8,True
21415,-1.8196186151156648,-2.3410870850534087,-1.298150145177921,59,0.349869710387383,decrease,2.1,1.89,-10.0,726.16,9.02,65.5,23.17,110.21,True
22817,-1.593570511519731,-2.234376936399403,-0.952764086640059,63,0.27406208617575245,decrease,0.42,0.39,-7.14,1434.8999999999999,4.5,64.53,-5.01,137.45,False
84685,-1.433283240983663,-2.085083741511738,-0.7814827404555885,53,0.34554587055486063,decrease,7.46,6.71,-10.0,1366.17,4.67,63.81,-31.09,165.47,False
85114A,-1.4761850541058563,-2.4138571194429588,-0.5385129887687536,55,0.09509923896897565,decrease,1.65,1.55,-6.06,2110.8999999999996,3.02,63.79,-60.03,195.09,False
85118,-1.5154015941342571,-2.106883058179675,-0.9239201300888392,39,0.3671516039463919,decrease,1.25,1.12,-10.0,1133.68,5.58,63.26,-9.05,140.23,False
21881,-2.0236889982212505,-2.469869754883788,-1.577508241558713,59,0.5409580091817489,decrease,0.65,0.59,-10.0,554.9499999999999,11.39,63.2,34.82,92.96,True
85017B,-1.421758276774459,-2.4178637963429535,-0.4256527572059644,89,0.07721390724499055,decrease,0.83,0.75,-10.0,1390.39,4.54,63.18,-81.64,224.02,False
22685,-1.8973017533446763,-3.2460783927258876,-0.548525113963465,59,0.1708456181951904,decrease,1.25,1.19,-4.8,1395.8400000000001,4.51,62.99,-30.66,163.06,False
82001S,-0.9374275019680134,-1.7516546575215335,-0.1232003464144934,84,0.023189485941793708,increase,3.75,4.12,10.0,10531.4,0.6,62.99,-728.08,917.91,False
20931,-1.2629511422358586,-1.7788348240148935,-0.7470674604568236,72,0.13702480906410697,decrease,3.75,3.38,-10.0,2238.07,2.81,62.87,-58.85,191.4,False
35471D,-1.3662315876519378,-1.634152647084648,-1.0983105282192276,89,0.5576052158310256,decrease,1.25,1.12,-10.0,1591.8600000000001,3.93,62.62,16.57,109.99,True
21465,-1.2042736956808353,-2.0044044587583376,-0.404142932603333,84,0.06217295726216154,decrease,3.75,3.38,-10.0,2875.64,2.18,62.56,-174.98,321.0,False
22922,-1.324634811754517,-1.5356533625331636,-1.1136162609758704,42,0.5243048499652139,decrease,0.85,0.76,-10.0,1789.2,3.48,62.26,21.55,103.88,True
17012D,-1.8559266502731808,-2.211666742870899,-1.5001865576754623,50,0.6399874822656355,decrease,2.46,2.21,-10.0,658.7200000000001,9.44,62.16,35.65,89.7,True
20941,-1.6358814734574687,-2.4081110069405742,-0.8636519399743634,57,0.23375789763728028,decrease,1.25,1.12,-10.0,896.28,6.93,62.11,-12.78,143.34,False
22269,-1.423581982439413,-1.773159809384489,-1.074004155494337,77,0.3825351794575266,decrease,1.25,1.12,-10.0,1357.7,4.56,61.96,10.63,115.23,True
20653,-2.049627781140722,-2.807823825012216,-1.291431737269228,46,0.5983225882097318,decrease,1.25,1.12,-10.0,528.7700000000001,11.69,61.83,16.49,110.95,True
84051,-1.9152657690311075,-3.709817518544561,-0.1207140195176537,42,0.08653623628679608,decrease,0.85,0.76,-10.0,607.98,10.12,61.55,-53.79,200.9,False
20700,-1.5054951142610329,-2.294763786235081,-0.7162264422869846,51,0.5331878870109177,decrease,4.13,3.72,-10.0,1125.05,5.47,61.54,-33.14,164.44,False
21880,-1.44174146504914,-1.9385060129691964,-0.9449769171290836,94,0.3472682710595717,decrease,0.65,0.59,-10.0,1289.8300000000002,4.76,61.45,-7.46,134.06,False
20699,-1.7001958106224402,-2.640545631516342,-0.7598459897285388,48,0.21700420937902432,decrease,2.55,2.3,-10.0,797.96,7.66,61.09,-19.94,150.56,False
21026,-1.7760860090980928,-2.622904654226014,-0.9292673639701715,52,0.29995844675407335,decrease,1.25,1.12,-10.0,716.7300000000001,8.52,61.07,-5.32,133.66,False
21040,-1.4986611696988739,-2.54256928417899,-0.454753055218758,32,0.23790064533035882,decrease,2.55,2.3,-10.0,1125.85,5.39,60.73,-62.85,198.69,False
85098B,-1.3875975910620606,-2.5220543781236398,-0.25314080400048145,44,0.15282516084741504,decrease,3.75,3.38,-10.0,1456.94,4.17,60.73,-110.25,253.42,False
22280,-1.448841161181776,-2.1817994474527884,-0.7158828749107635,67,0.20886780924555104,decrease,1.855,1.67,-10.0,1248.7399999999998,4.84,60.47,-36.83,165.58,False
35647,-1.7365613788658985,-2.970717807784214,-0.5024049499475831,36,0.2189750541183605,decrease,1.88,1.69,-10.0,748.24,8.07,60.38,-38.22,172.67,False
46776A,-1.4337265889502548,-1.777850417574138,-1.0896027603263716,62,0.19210999195254475,decrease,4.13,3.72,-10.0,1283.2300000000002,4.68,60.0,12.17,109.6,True
62094B,-1.8029052547039548,-2.1532744108854276,-1.452536098522482,38,0.5185107352980757,decrease,5.01,4.51,-10.0,677.9899999999998,8.83,59.85,33.11,87.6,True
22408,-1.6845273188372398,-2.340008412830594,-1.0290462248438859,53,0.16199518853679462,decrease,1.25,1.12,-10.0,798.67,7.48,59.73,2.45,121.11,True
22167,-1.0931048152972682,-1.820626354707895,-0.3655832758866414,94,0.1437806269166656,decrease,9.95,8.96,-10.0,6056.330000000001,0.99,59.7,-391.59,546.94,False
22515,-1.4488424887441673,-2.5273353453231344,-0.37034963216520045,68,0.11258559993897954,decrease,2.1,1.98,-5.95,2129.74,2.79,59.48,-80.73,209.28,False
84313B,-0.4813990969522777,-0.9011014944566461,-0.06169669944790934,40,0.1038772779796121,increase,4.25,4.68,10.0,1164.04,5.07,58.98,11.02,108.9,True
21442,-1.7620698077874253,-2.2903112942298973,-1.2338283213449535,71,0.3162669177989973,decrease,0.85,0.76,-10.0,704.97,8.36,58.94,17.58,102.66,True
22096,-1.5756933138352764,-2.111532447343559,-1.039854180326994,69,0.4089687586302254,decrease,1.25,1.12,-10.0,938.8599999999999,6.25,58.71,3.95,116.65,True
22614,-0.6904108703183216,-1.1402482643760437,-0.24057347626059955,78,0.09170710497641954,increase,0.29,0.32,10.0,1954.3000000000004,2.99,58.52,-25.95,146.7,False
84584,-1.7644015429827982,-2.7692367251131933,-0.759566360852403,46,0.19930355677540212,decrease,2.55,2.3,-10.0,696.7499999999999,8.39,58.44,-17.43,142.77,False
84660C,-1.5436849941537019,-2.007310513598926,-1.0800594747084777,45,0.57438966309614,decrease,3.75,3.38,-10.0,987.9799999999999,5.9,58.25,8.37,110.62,True
82613C,-1.6494979642351397,-2.6203975427109385,-0.6785983857593408,80,0.2766832861897862,decrease,1.88,1.69,-10.0,820.01,7.08,58.08,-27.3,152.66,False
22346,-1.8590832743582242,-2.4380890832858384,-1.28007746543061,49,0.4986021966989248,decrease,0.85,0.76,-10.0,612.6099999999999,9.47,58.04,18.35,100.22,True
21147,-1.6122434825462955,-2.4139699024858206,-0.8105170626067705,39,0.2663844066765909,decrease,2.1,1.89,-10.0,870.4800000000001,6.66,58.0,-17.21,139.84,False
22448,-1.2231758035717597,-1.9640413912748715,-0.48231021586864786,59,0.15044015199150085,decrease,3.35,3.02,-10.0,2426.73,2.38,57.74,-128.82,259.44,False
22345,-1.737442112076229,-2.3217513957471234,-1.1531328284053344,63,0.4261317932368939,decrease,0.85,0.76,-10.0,710.6,8.08,57.41,11.56,106.18,True
21884,-1.7836395727129437,-2.2695374428764774,-1.2977417025494098,76,0.4365752219199577,decrease,1.155,1.04,-10.0,663.61,8.61,57.12,21.15,94.97,True
84821,-1.6988534539503966,-2.255849295758985,-1.1418576121418085,52,0.5180319839418435,decrease,0.85,0.76,-10.0,742.5000000000001,7.64,56.73,11.18,105.04,True
21317,-1.3633571068193089,-2.0453065154311596,-0.6814076982074582,52,0.23371390038724305,decrease,5.45,4.9,-10.0,1453.3999999999999,3.9,56.72,-47.98,169.22,False
84596J,-1.8255985418760945,-2.2434845934248964,-1.4077124903272926,56,0.5445165425423018,decrease,1.25,1.12,-10.0,621.74,9.09,56.5,27.29,87.03,True
35598D,-1.398842150960356,-2.0734527305244126,-0.7242315713962991,44,0.5522836100001207,decrease,1.415,1.27,-10.0,1312.1999999999998,4.29,56.32,-37.58,157.13,False
84682,-1.8529111751522298,-2.447351795428041,-1.2584705548764186,32,0.2767266934395415,decrease,2.95,2.66,-10.0,596.9399999999999,9.4,56.13,16.48,98.34,True
84519B,-0.6940677799328051,-1.0837648296703795,-0.3043707301952308,87,0.19021319323297325,increase,2.95,3.25,10.0,1895.37,2.96,56.08,-15.07,129.92,False
85032A,-1.393049553111581,-1.7580382337415301,-1.0280608724816318,56,0.38331766845392223,decrease,1.63,1.47,-10.0,1323.51,4.23,55.96,3.92,110.04,True
85169C,-1.886299688266124,-2.856079788460113,-0.9165195880721352,46,0.22236140156211925,decrease,1.25,1.12,-10.0,566.82,9.79,55.48,-4.96,122.43,False
21135,-0.9324337361341907,-1.3032613331744165,-0.561606139093965,103,0.20141551419063974,increase,1.69,1.86,10.0,8567.240000000002,0.65,55.35,-244.08,365.55,False
17012C,-1.537048858734081,-2.3647278084980545,-0.7093699089701073,60,0.3587352170208895,decrease,2.46,2.21,-10.0,950.4000000000001,5.82,55.33,-28.66,146.97,False
16236,-1.843905956936942,-2.547534453507537,-1.1402774603663473,90,0.24380902117802783,decrease,0.21,0.19,-10.0,593.29,9.3,55.17,8.83,105.07,True
20846,-1.263837797230764,-2.2384730250409066,-0.28920256942062117,78,0.15163585489034148,decrease,1.25,1.12,-10.0,1956.8099999999997,2.82,55.16,-141.19,272.74,False
84820,-1.5645221511709737,-1.8164020797420837,-1.3126422225998637,39,0.7141312660976655,decrease,5.95,5.36,-10.0,899.3699999999999,6.13,55.12,30.12,80.79,True
37327,-0.46465219531499846,-0.8372132613759958,-0.09209112925400109,39,0.10949303596922855,increase,0.68,0.75,10.0,1051.6899999999998,5.23,55.05,16.44,95.06,True
84631,-1.4609188353060416,-1.8390715089199434,-1.0827661616921398,30,0.4194060105064277,decrease,7.95,7.16,-10.0,1106.1599999999999,4.98,55.04,9.69,102.24,True
21262,-0.7590448545094692,-1.1473187870098716,-0.3707709220090669,48,0.3836144201796091,increase,2.95,3.25,10.0,2366.02,2.32,54.97,-32.99,146.24,False
22664,-1.1747698763422763,-1.9520996646209086,-0.39744008806364406,70,0.19512060725377167,decrease,2.1,1.89,-10.0,2954.19,1.86,54.9,-181.72,311.72,False
17091A,-1.396581786084416,-2.004495457728045,-0.7886681144407869,59,0.22509635702061526,decrease,1.25,1.12,-10.0,1285.8899999999999,4.27,54.87,-28.32,143.55,False
21376,-1.5891099473898322,-2.0278913615315814,-1.150328533248083,35,0.35952580212265983,decrease,5.45,4.9,-10.0,849.91,6.4,54.42,13.57,97.21,True
20831,-1.53739221063764,-2.34397939831813,-0.7308050229571501,53,0.31465765327728656,decrease,2.1,1.89,-10.0,927.9599999999999,5.83,54.06,-25.95,141.16,False
85169D,-1.804417888060256,-2.492437285782799,-1.1163984903377129,55,0.32013898033733224,decrease,1.25,1.12,-10.0,603.98,8.84,53.42,7.45,102.85,True
22118,-0.8554441243157878,-1.1801663906575033,-0.5307218579740722,72,0.3179258284078281,increase,4.95,5.44,10.0,3842.07,1.39,53.3,-65.41,175.75,False
15058B,-0.8335086416809256,-1.5789861402041159,-0.08803114315773553,55,0.12561837713994173,increase,7.95,8.75,10.0,3327.6699999999996,1.6,53.23,-178.66,302.18,False
46776B,-1.3614727732839274,-1.7245840064417741,-0.9983615401260806,69,0.20659685396611527,decrease,4.21,3.79,-10.0,1369.2300000000002,3.88,53.15,-0.24,108.62,False
85170C,-1.4933150109856046,-2.1517113314569354,-0.8349186905142739,60,0.22534485393831383,decrease,2.46,2.21,-10.0,993.03,5.34,52.98,-17.12,128.12,False
21288,-1.1945271109574676,-2.0732659944139,-0.3157882275010354,85,0.05653922993564642,decrease,2.95,2.66,-10.0,2557.4700000000003,2.07,52.96,-177.88,306.18,False
84916,-1.745501801109221,-2.4870778357505916,-1.0039257664678505,35,0.500624336865499,decrease,4.21,3.79,-10.0,646.43,8.17,52.82,0.27,109.65,True
21192,-1.1277491881560597,-2.109940566703343,-0.1455578096087765,67,0.11923884752680913,decrease,1.65,1.48,-10.0,3885.640000000001,1.36,52.65,-334.52,482.04,False
85170D,-1.3760210114305345,-1.9758153268400895,-0.7762266960209793,75,0.16907808938241964,decrease,2.51,2.26,-10.0,1296.3600000000001,4.04,52.39,-30.21,140.37,False
22419,-1.2151579268276307,-2.1443441686649254,-0.2859716849903361,82,0.24280605213082596,decrease,0.42,0.39,-7.14,3242.59,1.61,52.12,-167.12,286.98,False
22742,-1.1968644251233627,-1.7368630833322602,-0.6568657669144652,59,0.21776490411823757,decrease,2.95,2.66,-10.0,2475.3,2.1,51.88,-87.89,199.83,False
21427,-1.479541828772521,-2.054897261026211,-0.904186396518831,62,0.3923647718318697,decrease,2.1,1.89,-10.0,999.0600000000001,5.18,51.77,-10.03,117.45,False
22028,-1.2586149764609966,-2.1452470643050705,-0.37198288861692286,95,0.1710849292534743,decrease,0.42,0.39,-7.14,2665.13,1.94,51.57,-121.2,236.07,False
17012A,-1.5852610968747345,-2.1057602576442283,-1.0647619361052407,53,0.4697297984902188,decrease,2.46,2.21,-10.0,806.16,6.36,51.28,5.52,99.61,True
22393,-1.3275148740709661,-1.7761726986780708,-0.8788570494638616,61,0.38122240658806317,decrease,2.55,2.3,-10.0,1459.3700000000001,3.51,51.24,-18.51,124.36,False
21327,-1.1416345958612415,-1.7810674071842794,-0.5022017845382036,103,0.36644294991620363,decrease,1.65,1.48,-10.0,3378.5099999999993,1.5,50.79,-172.63,289.79,False
22344,-1.5731495008820435,-2.2394242134160773,-0.9068747883480097,62,0.37245793745256717,decrease,0.85,0.76,-10.0,807.32,6.22,50.25,-7.88,112.62,False
22115,-0.9085064629684814,-1.136224969208688,-0.6807879567282746,101,0.37113678000314243,increase,2.95,3.25,10.0,5695.099999999999,0.88,49.88,-73.47,175.93,False
21131,-1.4192807305877255,-1.910179011125181,-0.9283824500502701,40,0.3951318180162302,decrease,4.25,3.82,-10.0,1098.8600000000001,4.52,49.63,-8.26,110.6,False
21724,-1.7384450795638755,-2.743733299732492,-0.7331568593952589,76,0.17888941209851095,decrease,0.85,0.79,-7.06,888.34,5.55,49.34,-17.18,120.95,False
21723,-1.849233177910298,-2.895308147440167,-0.8031582083804287,71,0.1778176063437995,decrease,0.85,0.79,-7.06,769.1300000000002,6.41,49.33,-11.0,114.47,False
37464,-2.0269324966252187,-3.227421247360957,-0.8264437458894802,34,0.34213719766027095,decrease,1.25,1.12,-10.0,431.18,11.43,49.27,-7.81,114.05,False
22893,-1.3505420149910279,-2.3694217614123065,-0.33166226856974923,55,0.12275824268138125,decrease,0.625,0.56,-10.0,1306.0899999999997,3.76,49.14,-88.81,202.72,False
21656,-1.417992407219135,-2.1520930380992556,-0.6838917763390145,65,0.24572762323310016,decrease,1.45,1.35,-6.9,1614.5400000000002,3.03,48.95,-36.06,138.55,False
22279,-1.2162965635806677,-1.9613370684021025,-0.47125605875923304,78,0.17574610452372563,decrease,1.855,1.67,-10.0,2104.62,2.31,48.51,-114.04,224.34,False
90086,-3.2324776829235873,-4.115941866994217,-2.3490134988529574,34,0.5863039087329998,decrease,1.63,1.47,-10.0,182.79,26.52,48.47,27.92,71.03,True
85088,-1.6133543630328409,-2.5559968123798145,-0.670711913685867,49,0.19577703661604262,decrease,2.1,1.89,-10.0,723.85,6.68,48.32,-24.68,128.95,False
72127,-1.972279490439729,-3.7392707000632206,-0.2052882808162373,44,0.0445841724039403,decrease,1.25,1.12,-10.0,445.94000000000005,10.79,48.1,-35.82,149.2,False
84569A,-1.6258769940683138,-2.4767221505885844,-0.7750318375480433,61,0.1705709414176444,decrease,1.25,1.12,-10.0,702.42,6.82,47.88,-16.45,118.25,False
22091,-1.1797521415790506,-1.5835629861004703,-0.775941297057631,88,0.29749163989786587,decrease,1.25,1.12,-10.0,2485.86,1.91,47.53,-58.0,157.64,False
85159B,-1.2948594773931572,-1.4537793627290159,-1.1359395920572986,60,0.7212217105211562,decrease,1.95,1.76,-10.0,1503.5,3.16,47.44,21.69,73.63,True
20819,-1.682729784033215,-2.4293400281592192,-0.9361195399072105,43,0.292673501590883,decrease,3.75,3.38,-10.0,631.49,7.46,47.1,-4.24,102.63,False
22323,-0.7118348308579311,-1.3678552924604648,-0.05581436925539751,43,0.07993033959126139,increase,1.95,2.14,10.0,1683.31,2.78,46.87,-57.99,158.51,False
17012B,-1.4980634667787116,-2.1793436525024443,-0.8167832810549788,58,0.35280217808507275,decrease,2.46,2.21,-10.0,867.45,5.39,46.74,-16.58,114.77,False
22057,-0.8784929101984629,-1.4696532335806833,-0.2873325868162423,81,0.1265633367605249,increase,1.49,1.64,10.0,4011.73,1.16,46.73,-175.62,281.96,False
22511,-1.4137201734089129,-1.9273927498497914,-0.9000475969680344,51,0.3853152295904537,decrease,3.75,3.38,-10.0,1046.66,4.46,46.63,-10.96,107.43,False
37475,-0.5901898449005204,-0.918161947252967,-0.26221774254807384,47,0.07633249628227912,increase,9.95,10.94,10.0,1160.56,3.98,46.23,9.09,84.55,True
21378,-1.5817225033645586,-2.353792353281936,-0.8096526534471812,53,0.2961130823442297,decrease,1.65,1.48,-10.0,728.9699999999998,6.32,46.08,-14.47,111.76,False
20670,-2.0814046382788747,-3.5115479301950216,-0.6512613463627275,32,0.3494001384676818,decrease,2.62,2.36,-10.0,378.85,12.07,45.72,-13.67,114.77,False
20615,-0.5647445102321434,-0.9538478257030814,-0.1756411947612055,80,0.05926839187531485,increase,2.1,2.31,10.0,1077.81,4.24,45.65,4.75,88.1,True
20840,-1.2988544731531433,-1.5696018413987674,-1.0281071049075192,45,0.4931529988763086,decrease,2.95,2.66,-10.0,1419.0900000000001,3.2,45.39,4.21,87.77,True
22638,-1.567724247018378,-2.351757152761012,-0.7836913412757442,35,0.272656725084379,decrease,2.55,2.3,-10.0,735.23,6.16,45.32,-16.57,112.54,False
21084,-1.414916509598543,-1.831464734296213,-0.998368284900873,72,0.3280655525624798,decrease,0.65,0.59,-10.0,1008.81,4.47,45.08,-0.17,92.36,False
22307,-1.234099591926357,-1.6643968670517757,-0.8038023168009384,40,0.5201698788174747,decrease,1.95,1.76,-10.0,1804.11,2.5,45.05,-36.91,130.82,False
72816,-1.2519638448257406,-2.381908227727191,-0.12201946192429003,40,0.5593685802730008,decrease,1.7925,1.61,-10.0,1671.52,2.69,44.97,-147.69,261.98,False
47504H,-1.3674612825993377,-1.694514622881978,-1.0404079423166974,54,0.49505277560162253,decrease,1.95,1.76,-10.0,1113.07,3.95,43.94,4.75,84.5,True
16048,-1.7461182480015913,-2.041304439602647,-1.450932056400536,58,0.6037996067441733,decrease,0.42,0.38,-10.0,537.0600000000001,8.18,43.92,26.13,62.28,True
21028,-1.9326131881141142,-2.414155768812404,-1.4510706074158244,53,0.3878518656994593,decrease,1.25,1.12,-10.0,423.9,10.33,43.77,20.63,68.11,True
16225,-1.3194720988989719,-1.9431234323011637,-0.69582076549678,61,0.292713199321328,decrease,1.25,1.12,-10.0,1271.6599999999996,3.42,43.53,-40.11,132.85,False
22550,-1.1146090785297136,-2.0554598614263107,-0.1737582956331163,87,0.10325989600160934,decrease,3.75,3.57,-4.8,7669.64,0.57,43.36,-305.47,408.71,False
85163A,-1.3807668739534726,-2.1853055719038954,-0.5762281760030501,39,0.3283096352331172,decrease,12.75,11.48,-10.0,1058.17,4.09,43.31,-46.21,140.76,False
20663,-2.0399281533224833,-2.3392548700847287,-1.7406014365602378,30,0.7625469858925965,decrease,2.51,2.26,-10.0,369.4099999999999,11.58,42.78,29.98,55.98,True
47591B,-2.6162088551680176,-3.168214868248514,-2.0642028420875214,57,0.3114867299197791,decrease,1.655,1.63,-1.51,1696.05,2.49,42.24,27.7,56.91,True
84905,-1.3813489459261188,-1.5077824290402353,-1.2549154628120023,44,0.2590946320048586,decrease,5.06,4.55,-10.0,1007.91,4.1,41.32,27.44,55.39,True
21726,-1.5437705178838161,-2.9032081319670553,-0.18433290380057676,63,0.06630648112800153,decrease,0.85,0.78,-7.65,930.9900000000001,4.42,41.16,-58.49,152.19,False
40016,-0.9217815717236997,-1.1312232790950745,-0.7123398643523249,86,0.40091657309750917,increase,0.42,0.46,10.0,5487.3099999999995,0.75,41.06,-68.2,152.53,False
22407,-1.7180150553219307,-2.0036842511533237,-1.4323458594905374,48,0.13932983915854413,decrease,1.25,1.12,-10.0,521.12,7.86,40.95,24.29,58.13,True
85032D,-1.2876387838168506,-1.8565047222532294,-0.7187728453804719,46,0.3868149320073685,decrease,1.645,1.48,-10.0,1327.6800000000003,3.08,40.85,-38.76,125.38,False
22196,-0.9306596982268979,-1.5404181158979862,-0.3209012805558096,104,0.16548389306460753,increase,0.85,0.94,10.0,6141.19,0.66,40.72,-308.31,410.63,False
22878,-2.099403950527534,-2.9764264766797552,-1.2223814243753133,31,0.38742082871272343,decrease,4.13,3.72,-10.0,330.26,12.28,40.56,7.83,76.46,True
22510,-1.4555401917940636,-2.0418437717472617,-0.8692366118408652,52,0.4639426913619261,decrease,3.75,3.38,-10.0,821.57,4.92,40.39,-11.24,95.32,False
22066,-0.8464027140782149,-1.1855571206424746,-0.5072483075139551,86,0.22845577247305193,increase,1.45,1.6,10.0,2729.16,1.47,40.25,-47.84,131.23,False
22391,-1.581134876316603,-1.8387864087276773,-1.323483343905529,41,0.5323589956943158,decrease,2.55,2.3,-10.0,635.1899999999999,6.31,40.11,22.02,58.69,True
35923,-1.3594291751975183,-1.891413544006135,-0.8274448063889015,57,0.4189316363961124,decrease,1.25,1.12,-10.0,1023.77,3.86,39.51,-18.44,100.81,False
85213,-1.4406328446270487,-1.9471237446298448,-0.9341419446242526,47,0.3546988776206884,decrease,0.85,0.76,-10.0,829.0000000000001,4.75,39.39,-5.73,86.99,False
22460,-1.0587110563641398,-1.8344084225322064,-0.28301369019607303,89,0.20120531123476804,decrease,1.25,1.12,-10.0,6283.87,0.62,38.99,-457.21,577.45,False
20661,-1.3685493864047003,-1.6225102278611019,-1.1145885449482986,58,0.3533432939911726,decrease,2.51,2.26,-10.0,980.06,3.96,38.8,11.9,66.44,True
20734,-1.2460876895125084,-1.934276574698286,-0.5578988043267309,58,0.15573461064805572,decrease,1.0525,0.95,-10.0,1470.6200000000001,2.63,38.63,-66.93,152.13,False
84750B,-0.6537345707882781,-1.2448503029426656,-0.0626188386338905,40,0.129925450647298,increase,1.95,2.14,10.0,1142.02,3.36,38.32,-26.34,106.73,False
85224,-1.317321978406489,-1.6289221876222455,-1.0057217691907323,38,0.5341671909824159,decrease,2.1,1.89,-10.0,1120.96,3.4,38.11,0.68,76.8,True
21205,-1.2042033969688501,-2.038516290305149,-0.3698905036325515,79,0.09321946438700268,decrease,2.55,2.3,-10.0,1746.97,2.17,37.99,-112.21,202.0,False
21221,-1.4938380215015823,-2.2095036125894745,-0.77817243041369,58,0.2045095093885292,decrease,1.25,1.12,-10.0,709.66,5.34,37.9,-16.39,96.45,False
85025C,-1.4630335427668633,-2.326353479693961,-0.5997136058397653,64,0.13179818574000046,decrease,1.65,1.55,-6.06,1285.91,2.94,37.77,-31.78,111.18,False
35241,-0.7614215295002305,-1.3767871973070007,-0.1460558616934603,59,0.056910063951118306,increase,4.95,5.44,10.0,1631.42,2.3,37.52,-57.55,138.33,False
21307,-1.5279486252720083,-2.0717123936453548,-0.9841848568986619,37,0.5137787189236036,decrease,2.1,1.89,-10.0,650.0700000000002,5.72,37.18,-1.08,77.71,False
22394,-1.6231404667188538,-2.0939310023329547,-1.152349931104753,38,0.5923043255900272,decrease,2.55,2.3,-10.0,544.29,6.79,36.93,8.81,66.49,True
85036B,-1.2252617054045278,-1.668503146401733,-0.7820202644073226,43,0.24768750562551645,decrease,4.25,3.82,-10.0,1530.1599999999999,2.4,36.75,-34.74,111.66,False
22428,-0.8870344075714551,-1.5333806381810358,-0.2406881769618744,76,0.03863598556421277,increase,6.95,7.64,10.0,3379.6699999999996,1.08,36.58,-167.52,253.66,False
21418,-1.6243768705963644,-1.9361054888846176,-1.312648252308111,50,0.49705819591748235,decrease,2.55,2.3,-10.0,533.8399999999999,6.8,36.3,17.88,55.34,True
20903,-1.366504672481696,-1.5890685068006258,-1.1439408381627663,47,0.6853733033863492,decrease,6.35,5.72,-10.0,919.8,3.94,36.21,14.06,58.9,True
22097,-1.2630152594361002,-1.5583772484890626,-0.9676532703831378,88,0.3654410270887585,decrease,1.25,1.12,-10.0,1281.75,2.81,36.02,-4.36,77.67,False
47310M,-1.3340479099570615,-2.0151743771091333,-0.6529214428049898,71,0.16543818904092966,decrease,1.25,1.12,-10.0,1004.9399999999998,3.58,36.0,-36.09,113.45,False
16258A,-1.8561944045957943,-2.4523317925922177,-1.260057016599371,52,0.27808409940527057,decrease,0.42,0.38,-10.0,375.93,9.44,35.49,10.44,62.16,True
35964,-1.4756812516647368,-1.8172055683473185,-1.1341569349821552,36,0.7481201415673783,decrease,1.63,1.47,-10.0,689.7599999999999,5.14,35.45,9.82,62.02,True
84913A,-1.7490476806446633,-2.1254571822821773,-1.3726381790071494,76,0.2848382586195308,decrease,3.36,3.29,-2.08,2211.54,1.59,35.15,17.42,53.03,True
21867,-1.2110687658839205,-2.07279110150015,-0.34934643026769074,92,0.08832192384459203,decrease,1.25,1.12,-10.0,1562.87,2.25,35.14,-103.55,187.02,False
21002,-2.0738555097705027,-3.1347977221652092,-1.0129132973757964,57,0.17781835204509278,decrease,3.36,3.29,-2.08,1507.22,2.29,34.46,0.41,69.29,True
85032C,-1.3360620243673367,-1.752277595737258,-0.9198464529974153,57,0.38023961089820635,decrease,1.63,1.47,-10.0,946.59,3.6,34.12,-7.96,78.08,False
35648,-1.2513259600811324,-1.5802136125252084,-0.9224383076370564,54,0.3994680273672885,decrease,1.63,1.47,-10.0,1270.9299999999996,2.68,34.1,-10.34,80.12,False
84877B,-1.6202744412030625,-2.3780839063257684,-0.8624649760803565,31,0.4148583011223117,decrease,3.29,2.96,-10.0,504.43000000000006,6.75,34.07,-7.26,78.83,False
21397,-1.158938337174757,-1.6731581803050586,-0.6447184940444555,58,0.24217199027417502,decrease,1.25,1.12,-10.0,2017.74,1.69,34.07,-74.13,148.3,False
84969,-1.075101205598844,-2.0762840422071474,-0.0739183689905405,94,0.08503181318702202,decrease,4.25,3.82,-10.0,4279.929999999999,0.79,34.0,-397.88,513.92,False
22232,-1.2402824914322061,-1.5696448928993105,-0.9109200899651018,68,0.300373392694653,decrease,1.65,1.48,-10.0,1318.9900000000002,2.56,33.82,-12.32,81.59,False
22202,-1.1577210443701813,-2.0874810158858614,-0.22796107285450107,64,0.15031943689506988,decrease,3.75,3.57,-4.8,4336.25,0.78,33.77,-161.59,238.28,False
85170B,-1.6499740955870403,-2.325836925766243,-0.9741112654078379,41,0.4224566506345716,decrease,2.1,1.89,-10.0,475.9100000000001,7.09,33.73,-1.3,71.35,False
85212,-1.2849992403545005,-1.6024425997526737,-0.9675558809563275,68,0.5342748519743474,decrease,0.85,0.76,-10.0,1096.56,3.05,33.43,-3.74,71.86,False
22098,-1.1608529373448702,-1.4841510876544028,-0.8375547870353375,92,0.34623229482245255,decrease,1.25,1.12,-10.0,1952.0399999999997,1.71,33.36,-33.13,102.16,False
22772,-1.0532968129928029,-2.0122513739596517,-0.09434225202595392,60,0.102932564348165,decrease,1.25,1.12,-10.0,5914.92,0.56,33.31,-538.31,665.7,False
71403,-1.4686477132887932,-2.150405453744395,-0.7868899728331912,47,0.23663722729007397,decrease,5.79,5.21,-10.0,656.05,5.06,33.21,-14.57,84.54,False
85130D,-1.3231036565773937,-2.139968014692773,-0.5062392984620143,67,0.2378095211822603,decrease,1.65,1.48,-10.0,958.85,3.46,33.2,-48.61,122.37,False
18094C,-1.5004624294870643,-2.0332291361219657,-0.9676957228521628,60,0.33857369575390917,decrease,1.88,1.69,-10.0,600.66,5.41,32.52,-2.04,69.08,False
17012F,-1.4385699233066902,-1.9756290513295094,-0.901510795283871,49,0.49249124824788026,decrease,2.46,2.21,-10.0,680.65,4.73,32.19,-7.03,73.69,False
15034,-1.2128022713653672,-1.5865934885776183,-0.8390110541531162,92,0.3733395511997446,decrease,0.14,0.13,-10.0,1416.2600000000002,2.27,32.11,-23.82,90.29,False
22116,-1.2674339661493421,-1.6140999788415238,-0.9207679534571604,77,0.34387915280739323,decrease,2.29,2.06,-10.0,1103.88,2.86,31.55,-9.18,73.78,False
72598,-1.255636057182489,-2.0541828687081205,-0.45708924565685716,70,0.2455260696938416,decrease,0.85,0.76,-10.0,1145.76,2.73,31.28,-63.7,134.6,False
47594A,-1.4251772819423854,-2.399109431476241,-0.4512451324085296,57,0.112552080429693,decrease,1.95,1.76,-10.0,678.3,4.58,31.08,-38.11,107.73,False
21163,-1.165644243724158,-1.4929324825828514,-0.8383560048654648,83,0.3821484940082246,decrease,1.45,1.3,-10.0,1757.9199999999998,1.76,30.95,-29.69,93.71,False
35957,-0.7451521620716948,-1.1942561744926774,-0.2960481496507121,32,0.3725555234297976,increase,1.04,1.14,10.0,1254.9,2.46,30.85,-23.02,87.08,False
21220,-1.322673727491647,-2.0011343291553123,-0.6442131258279813,73,0.17070591453325668,decrease,1.25,1.12,-10.0,888.68,3.46,30.73,-32.7,98.86,False
22475,-0.9169013219281303,-1.5334024400845747,-0.3004002037716861,82,0.1427804981399068,increase,4.95,5.44,10.0,3856.8,0.8,30.67,-191.17,265.94,False
84931A,-1.544915602828173,-2.1380174960372402,-0.9518137096191055,51,0.30079644551958507,decrease,2.55,2.3,-10.0,513.69,5.91,30.36,-2.6,65.44,False
85032B,-1.2968288968069555,-1.6984091389519083,-0.8952486546620027,53,0.42481610474988407,decrease,1.14,1.03,-10.0,953.34,3.18,30.29,-10.46,72.8,False
20619,-1.2780431448418965,-1.761741095511674,-0.7943451941721191,82,0.20453226026072946,decrease,2.1,1.89,-10.0,1014.4199999999998,2.97,30.16,-21.74,84.77,False
90087,-2.0752674953331374,-2.6467793204868713,-1.5037556701794037,38,0.4871327861985193,decrease,1.63,1.47,-10.0,249.55999999999997,12.0,29.94,13.6,47.28,True
84919,-1.1733340463165862,-2.189809995525045,-0.15685809710812726,32,0.11498515975875945,decrease,6.95,6.26,-10.0,1619.8400000000001,1.84,29.85,-137.69,216.34,False
21379,-1.3920520001767018,-2.2610812469673056,-0.5230227533860979,69,0.3315326258029936,decrease,1.88,1.69,-10.0,705.46,4.22,29.75,-34.58,100.25,False
22208,-1.0920324882018848,-1.7049884106071738,-0.47907656579659574,89,0.2608317264297064,decrease,1.65,1.48,-10.0,3036.95,0.97,29.59,-162.19,234.17,False
21025,-1.6748513127908167,-2.3946878238228853,-0.9550148017587482,36,0.28247359836962815,decrease,1.25,1.12,-10.0,396.11999999999995,7.37,29.19,-1.87,62.7,False
84341B,-1.2942261285058314,-2.2719450756739072,-0.3165071813377557,38,0.23633524087585167,decrease,0.85,0.76,-10.0,922.18,3.15,29.04,-64.07,132.25,False
21657,-1.1383336749958624,-1.653937902202862,-0.6227294477888627,54,0.15546018932325423,decrease,6.95,6.26,-10.0,1967.38,1.47,28.88,-76.67,140.33,False
23163,-1.0734493684568318,-1.8315941763068024,-0.3153045606068613,33,0.15821798753212846,decrease,2.49,2.28,-8.23,4515.219999999999,0.63,28.58,-257.95,334.41,False
22067,-1.0894057603198517,-1.9269593706330916,-0.25185215000661176,94,0.19355268741839504,decrease,1.65,1.48,-10.0,3019.32,0.95,28.58,-228.86,309.76,False
22598,-1.2360035369453293,-1.9631407533844916,-0.508866320506167,32,0.5094134084694524,decrease,0.85,0.76,-10.0,1131.85,2.52,28.5,-57.08,120.89,False
85125,-1.1809133039684694,-1.8511149243851281,-0.5107116835518106,42,0.14758924439416699,decrease,4.95,4.46,-10.0,1479.5100000000002,1.92,28.47,-74.34,138.8,False
84625C,-1.2581000573231267,-1.8986043986642287,-0.6175957159820247,41,0.29578606193143353,decrease,2.95,2.66,-10.0,1024.15,2.76,28.23,-40.44,101.7,False
21530,-1.1935618285902474,-1.4146424219311216,-0.9724812352493732,77,0.42706046501777173,decrease,2.95,2.66,-10.0,1361.56,2.06,28.05,-3.94,60.8,False
84569C,-1.4439072180426376,-2.351791935389782,-0.5360225006954931,40,0.21007304008529182,decrease,1.88,1.69,-10.0,584.9300000000001,4.79,28.01,-27.91,89.53,False
84917,-1.3778917986523005,-2.219762170604266,-0.5360214267003347,31,0.2650733376290382,decrease,4.21,3.79,-10.0,686.0300000000001,4.06,27.87,-32.73,94.08,False
22683,-1.7337856971848091,-2.551728117903956,-0.9158432764656622,65,0.1622153263394044,decrease,1.25,1.22,-2.4,1501.66,1.8,27.01,-3.07,57.69,False
85194S,-0.6867897686330013,-1.2409008843009084,-0.1326786529650944,54,0.08930272392081928,increase,0.65,0.72,10.0,889.46,3.03,26.95,-20.19,76.65,False
84849A,-1.3015181155886975,-1.9815423883127952,-0.6214938428645997,64,0.1286763478614027,decrease,1.69,1.52,-10.0,833.57,3.23,26.91,-32.59,90.82,False
84920,-1.3115003117192725,-1.9131295036701146,-0.7098711197684305,50,0.21922504861250536,decrease,3.75,3.38,-10.0,805.38,3.34,26.87,-24.25,81.33,False
22954,-1.8289457369362419,-2.6187308224024206,-1.039160651470063,35,0.1932161704273434,decrease,1.25,1.12,-10.0,293.89,9.13,26.82,1.22,54.65,True
22060,-0.9506759877129561,-1.5385201344487256,-0.3628318409771868,64,0.12846132229543972,increase,9.95,10.94,10.0,5691.41,0.47,26.82,-284.75,356.34,False
72130,-1.78619787652164,-2.1385974291032754,-1.4337983239400045,42,0.35066061643929136,decrease,0.65,0.59,-10.0,306.35,8.64,26.46,14.33,39.05,True
84944,-0.9131309541554664,-1.7570897479930923,-0.06917216031784057,48,0.19827512737654274,increase,4.25,4.68,10.0,3153.88,0.83,26.22,-219.56,292.59,False
85129D,-1.1988995557926145,-2.1911152011588437,-0.20668391042638523,76,0.08435164954390673,decrease,1.88,1.69,-10.0,1193.5600000000002,2.12,25.28,-95.71,159.59,False
90116,-2.0031808893597205,-3.5828349791071266,-0.42352679961231443,44,0.1685053469396418,decrease,2.46,2.21,-10.0,225.52,11.15,25.14,-13.29,70.53,False
21116,-0.9666898871019212,-1.462335561391515,-0.4710442128123274,103,0.1361932735280963,increase,6.71,7.38,10.0,7900.009999999999,0.32,25.12,-340.56,408.49,False
21027,-1.522980103369859,-2.828130862586624,-0.2178293441530934,41,0.14973795521715116,decrease,1.25,1.12,-10.0,433.61,5.66,24.56,-34.3,92.1,False
35646,-0.7596985084517471,-1.2672136953416864,-0.252183321561808,39,0.29591354463248687,increase,1.855,2.04,10.0,1043.4399999999998,2.32,24.17,-26.24,77.09,False
84509C,-0.7725095763991958,-1.265546914938605,-0.2794722378597868,60,0.08530991986382741,increase,3.75,4.12,10.0,1085.96,2.19,23.8,-27.14,77.2,False
85169B,-1.4376396733631716,-2.367106218999308,-0.5081731277270349,50,0.2128931538160389,decrease,1.25,1.12,-10.0,502.91,4.72,23.73,-25.4,77.92,False
22403,-1.186430776205538,-1.5453774255195716,-0.8274841268915043,70,0.2980347578490621,decrease,1.25,1.12,-10.0,1195.89,1.98,23.72,-21.54,70.73,False
20780,-1.1670388672377694,-1.9005811136747073,-0.4334966208008315,41,0.12018129600964256,decrease,5.49,4.94,-10.0,1333.96,1.78,23.68,-77.29,132.77,False
20839,-1.2175925504840246,-1.4157896724060415,-1.0193954285620077,47,0.4911802136729394,decrease,2.95,2.66,-10.0,1018.11,2.32,23.61,2.08,45.59,True
85114B,-1.1028207132352659,-2.066230804751371,-0.13941062171916074,86,0.1960446242487297,decrease,1.65,1.55,-6.06,3618.05,0.64,23.33,-189.52,249.4,False
84562A,-1.1573571819683681,-1.659151492963704,-0.6555628709730323,42,0.1415326002462618,decrease,7.95,7.16,-10.0,1378.2600000000002,1.67,23.04,-49.12,99.12,False
21642,-0.9086796221827755,-1.3743131313984733,-0.44304611296707763,75,0.2983918624197115,increase,0.85,0.94,10.0,2575.18,0.87,22.51,-90.25,140.39,False
84707A,-1.2016940314906088,-1.6905256492395802,-0.7128624137416375,38,0.4771759700270307,decrease,9.95,8.96,-10.0,1045.88,2.15,22.46,-31.17,78.93,False
20696,-1.338878935640023,-1.9784463241714925,-0.6993115471085536,42,0.23192667041487813,decrease,3.75,3.38,-10.0,617.94,3.63,22.46,-19.27,67.1,False
22135,-1.2596205398173994,-2.107611992231253,-0.411629087403546,96,0.14498857661841824,decrease,0.83,0.75,-10.0,806.1499999999999,2.77,22.36,-48.46,99.79,False
21576,-0.8617616748492596,-1.6436871207525905,-0.07983622894592868,82,0.05607856057860228,increase,2.25,2.48,10.0,1686.19,1.33,22.36,-100.34,154.56,False
79163,-0.8163486647201121,-1.0733980816565272,-0.5592992477836971,41,0.4821327961933558,increase,1.65,1.82,10.0,1240.8300000000002,1.77,21.91,-8.65,53.23,False
21454,-2.117177060999117,-3.41239822437913,-0.8219558976191044,60,0.11168526744487473,decrease,0.85,0.83,-2.35,807.5999999999999,2.7,21.77,-3.42,47.75,False
84422,-1.4686026606053177,-2.2893992096982156,-0.64780611151242,33,0.2795379443496151,decrease,0.85,0.76,-10.0,427.95,5.06,21.66,-15.59,62.27,False
21128,-1.241038668865848,-1.4694390327996387,-1.012638304932057,45,0.6275755071839895,decrease,9.705,8.73,-10.0,841.6300000000001,2.57,21.65,1.12,42.67,True
22200,-0.9609996486823197,-1.5826889463508134,-0.339310351013826,94,0.16048799080145948,increase,4.25,4.68,10.0,5784.919999999999,0.37,21.54,-312.51,375.99,False
47574A,-0.7188969041477786,-1.0468043365924848,-0.39098947170307247,42,0.22219316849587556,increase,2.46,2.71,10.0,792.73,2.72,21.53,-3.53,47.38,False
22361,-0.9630856115506833,-1.5265370229983661,-0.39963420010300044,89,0.1796013652823798,increase,2.95,3.25,10.0,6036.26,0.35,21.27,-295.45,355.47,False
84951B,-1.2457279388568936,-1.796237535999882,-0.6952183417139052,50,0.3076589713341713,decrease,2.46,2.21,-10.0,802.73,2.62,21.05,-25.37,70.25,False
85093,-1.1793005607039584,-2.0927502322706064,-0.2658508891373105,62,0.18706989157491993,decrease,0.9450000000000001,0.85,-10.0,1091.2099999999998,1.91,20.81,-81.22,133.15,False
85071B,-1.1487689790789055,-1.401577776238319,-0.8959601819194919,62,0.493551162836085,decrease,0.9299999999999999,0.84,-10.0,1316.48,1.58,20.8,-14.35,56.9,False
85163B,-1.1537663462462453,-1.9210940693598673,-0.38643862313262334,42,0.3082066041508391,decrease,12.75,11.48,-10.0,1268.6599999999999,1.63,20.72,-79.42,129.29,False
85039C,-1.371079524102242,-1.8961302520216208,-0.8460287961828632,62,0.2858331310344444,decrease,1.6349999999999998,1.47,-10.0,516.3100000000001,3.99,20.59,-8.31,51.12,False
22092,-1.3234361637178922,-1.767753750367395,-0.8791185770683894,60,0.3019731039869389,decrease,1.25,1.12,-10.0,592.91,3.47,20.55,-7.5,49.95,False
84859A,-1.3112293929178938,-1.787432226436493,-0.8350265593992946,39,0.45059513189669675,decrease,1.95,1.76,-10.0,613.5300000000001,3.33,20.45,-10.57,53.07,False
84708B,-0.7134422232921995,-1.369372842015725,-0.05751160456867421,42,0.03877966060673599,increase,4.95,5.44,10.0,732.7900000000001,2.77,20.29,-25.35,68.87,False
84661A,-1.6012750200888546,-1.8338734329958006,-1.3686766071819085,30,0.7632258305285334,decrease,2.55,2.3,-10.0,308.99,6.54,20.21,12.24,28.38,True
22362,-1.118772301262141,-1.8293905028489665,-0.40815409967531535,83,0.1312920837343612,decrease,2.95,2.75,-6.78,2410.5300000000007,0.84,20.18,-98.11,144.52,False
21261,-0.8172643590009601,-1.3769599745222187,-0.2575687434797014,38,0.200067870224512,increase,5.285,5.81,10.0,1146.1200000000001,1.76,20.14,-40.45,84.04,False
21403,-1.355748988468079,-1.6913232927024269,-1.020174684233731,76,0.38710451284185154,decrease,0.42,0.38,-10.0,523.07,3.82,19.98,1.11,39.52,True
21580,-1.141038674119775,-1.7905769254829802,-0.49150042275657,67,0.13661188321649476,decrease,2.25,2.02,-10.0,1329.63,1.5,19.91,-69.36,115.5,False
82613D,-1.1454830141832482,-2.2315139582523433,-0.05945207011415299,86,0.12328888749572475,decrease,1.855,1.67,-10.0,1281.8600000000004,1.54,19.8,-120.94,177.6,False
22324,-1.1039296832921472,-1.7947743643449083,-0.41308500223938616,72,0.13349511826551497,decrease,3.745,3.37,-10.0,1797.06,1.1,19.79,-107.76,156.96,False
22743,-0.9545314837115491,-1.6125503300785469,-0.29651263734455113,63,0.27041957347753853,increase,2.95,3.25,10.0,4542.500000000001,0.43,19.73,-257.61,315.02,False
21658,-0.9779514220113765,-1.5910079180148093,-0.3648949260079436,80,0.267332853314324,increase,3.95,4.35,10.0,9271.89,0.21,19.5,-507.84,578.58,False
17091J,-0.9078122357185955,-1.3811845184313694,-0.43443995300582156,81,0.18280552464990574,increase,0.815,0.9,10.0,2204.35,0.88,19.45,-78.65,122.08,False
22099,-0.8725807578375183,-1.278020162180074,-0.46714135349496255,91,0.26699885360134445,increase,1.25,1.38,10.0,1585.46,1.22,19.37,-41.46,82.6,False
79030D,-0.7317292263300733,-1.0526831806265173,-0.41077527203362924,38,0.44699184901656364,increase,0.995,1.09,10.0,711.64,2.59,18.43,-3.56,41.11,False
21155,-0.9881933223099975,-1.6947877994482754,-0.2815988451717195,94,0.08881481231118982,increase,2.55,2.8,10.0,16343.089999999998,0.11,18.4,-1047.19,1158.23,False
21882,-1.3424022530392006,-2.2850908185957004,-0.39971368748270086,63,0.19315735666709333,decrease,0.65,0.59,-10.0,499.44,3.67,18.35,-30.61,72.41,False
22395,-1.4104355472494687,-1.7681483669135643,-1.0527227275853732,33,0.5678100296829329,decrease,2.55,2.3,-10.0,413.76000000000005,4.42,18.29,2.3,34.88,True
20654,-1.3357397310054058,-1.903794864573075,-0.7676845974377366,65,0.16089245262173046,decrease,1.25,1.12,-10.0,505.41,3.6,18.2,-12.22,50.49,False
21628,-0.9402655064561081,-1.3589714936516812,-0.5215595192605349,55,0.16546583806291226,increase,22.37,24.61,10.0,3185.2799999999993,0.57,18.19,-107.14,148.61,False
85159A,-1.1354701636559736,-1.308768049037086,-0.9621722782748612,53,0.7270704874847796,decrease,1.95,1.76,-10.0,1248.9800000000002,1.44,17.95,-4.97,41.3,False
84951A,-1.1964215213617344,-1.702583940937854,-0.6902591017856148,60,0.31494268422233274,decrease,2.46,2.21,-10.0,848.76,2.09,17.75,-27.25,65.21,False
79030G,-1.1144932661772082,-1.3537684074945446,-0.8752181248598718,50,0.6628936097014151,decrease,1.65,1.48,-10.0,1462.95,1.21,17.75,-19.11,55.56,False
16216,-1.4396072415259242,-1.6790831581322294,-1.200131324919619,53,0.5030341452865893,decrease,0.16,0.14,-10.0,371.64000000000004,4.74,17.62,7.92,27.56,True
84563A,-1.2405139339982345,-1.8102179324656782,-0.6708099355307908,34,0.3472348744084366,decrease,5.95,5.36,-10.0,685.15,2.57,17.58,-23.36,61.06,False
21402,-1.483625481585397,-1.7296283527708423,-1.237622610399952,68,0.562921960882248,decrease,0.42,0.38,-10.0,333.42,5.23,17.43,8.45,26.64,True
85204,-1.3490351494796662,-1.8796904748963614,-0.8183798240629708,77,0.3056037340139516,decrease,0.42,0.38,-10.0,460.8999999999999,3.75,17.26,-8.74,44.76,False
22233,-0.8520703453825468,-1.2663803375737215,-0.4377603531913721,68,0.14225668907586209,increase,1.65,1.82,10.0,1210.1100000000001,1.42,17.18,-30.34,66.62,False
37482P,-0.804024612836766,-1.1668848144088366,-0.4411644112646953,35,0.44315658803812275,increase,2.55,2.8,10.0,906.3100000000001,1.89,17.09,-14.3,49.58,False
21319,-1.215526871916093,-1.7290326940999003,-0.7020210497322855,42,0.16099100393224686,decrease,1.65,1.48,-10.0,743.6100000000001,2.3,17.08,-22.98,59.37,False
21864,-1.03641300097452,-1.6546917713908806,-0.41813423055815946,99,0.08192427119143586,decrease,2.1,1.89,-10.0,4431.54,0.38,17.03,-263.52,316.47,False
84926E,-1.3357085700853086,-1.6600211232283055,-1.0113960169423117,34,0.5859096279571454,decrease,1.25,1.12,-10.0,471.56999999999994,3.6,16.98,0.57,33.96,True
21311,-0.6768338990497148,-1.116454123130786,-0.23721367496864365,52,0.22130706946424106,increase,2.1,2.31,10.0,539.67,3.13,16.88,-5.96,40.7,False
20782,-0.8254225767773906,-1.5060512090113953,-0.1447939445433859,36,0.2205420870336029,increase,5.49,6.04,10.0,995.48,1.68,16.7,-46.87,84.54,False
20622,-0.8459608244630501,-1.520412103861393,-0.17150954506470728,68,0.09145600819548683,increase,2.1,2.31,10.0,1127.59,1.48,16.68,-54.56,92.65,False
21386,-0.7476120688876156,-1.2107397925542884,-0.2844843452209426,47,0.3271613651822175,increase,0.85,0.94,10.0,680.78,2.43,16.57,-13.54,48.05,False
22068,-1.076319495446846,-1.5751586544449538,-0.5774803364487382,96,0.2921685113880873,decrease,1.65,1.48,-10.0,1979.8200000000002,0.81,15.98,-86.2,123.68,False
85131C,-1.4562521723663897,-2.3834415223267102,-0.5290628224060693,49,0.16831593165196157,decrease,0.83,0.75,-10.0,320.1499999999999,4.92,15.77,-15.5,50.24,False
22228,-1.100136691514169,-1.9868427469501477,-0.21343063607819024,70,0.1007824419101534,decrease,0.85,0.76,-10.0,1456.5999999999997,1.06,15.45,-115.85,159.6,False
84625A,-1.1198886661809322,-1.639655857199823,-0.6001214751620415,49,0.3897017739882227,decrease,2.95,2.66,-10.0,1193.0,1.27,15.16,-49.22,83.17,False
21947,-1.5376165666156236,-2.3519824290565294,-0.7232507041747176,92,0.14002615442461763,decrease,1.265,1.25,-1.19,2302.8100000000004,0.64,14.82,-7.59,37.44,False
37476,-1.0687057104857411,-1.7807804987930855,-0.35663092217839665,45,0.18216263019628087,decrease,9.95,8.96,-10.0,2010.6000000000001,0.73,14.61,-131.77,172.39,False
21209,-0.8906060595444397,-1.1256573202747537,-0.6555547988141257,69,0.31869430399949905,increase,1.65,1.82,10.0,1368.04,1.05,14.34,-16.29,45.66,False
21654,-0.8212338445714132,-1.4035150510458139,-0.2389526380970125,46,0.2279175838613664,increase,1.45,1.6,10.0,820.2099999999999,1.72,14.09,-30.95,61.71,False
22396,-1.092051300007245,-1.5718302551585355,-0.6122723448559543,74,0.22484165745471174,decrease,1.25,1.12,-10.0,1427.08,0.97,13.91,-57.12,88.62,False
71143,-1.2492885969158207,-2.116572491139875,-0.3820047026917661,43,0.26688181343131046,decrease,2.51,2.26,-10.0,514.4499999999999,2.66,13.69,-32.43,64.23,False
21374,-0.828209335371359,-1.2794932636791159,-0.37692540706360206,49,0.2179494830104477,increase,2.5,2.75,10.0,809.67,1.65,13.37,-21.28,49.54,False
47563A,-0.8336050450238857,-1.2367600843851827,-0.4304500056625887,64,0.2893823677131916,increase,3.36,3.7,10.0,836.62,1.6,13.37,-18.67,46.67,False
84707B,-0.7790428816539435,-1.468751461834932,-0.08933430147295507,37,0.1543581334384967,increase,8.47,9.32,10.0,618.52,2.13,13.16,-27.03,56.08,False
21359,-1.058498268221717,-1.282863630068219,-0.834132906375215,48,0.38026335060232763,decrease,15.95,14.36,-10.0,2116.48,0.62,13.09,-36.67,64.03,False
22495,-1.0461539436474188,-1.9640350989175719,-0.12827278837726575,74,0.06603648029759923,decrease,2.95,2.66,-10.0,2682.3200000000006,0.49,13.08,-235.38,286.76,False
20659,-0.7476862514532974,-1.2475173566325943,-0.2478551462740003,68,0.08139012125463707,increase,1.25,1.38,10.0,533.51,2.43,12.99,-12.44,39.65,False
21382,-1.0729195955644095,-1.4122105890324355,-0.7336286020963836,56,0.3130167130970033,decrease,2.95,2.66,-10.0,1665.6599999999999,0.77,12.85,-46.1,73.93,False
46118,-0.7426728591492253,-0.965134034924125,-0.5202116833743257,43,0.33228165745474925,increase,2.49,2.74,10.0,513.5799999999999,2.48,12.75,1.71,24.03,True
22781,-1.0169240395178765,-1.7560052850079226,-0.2778427940278304,60,0.18798868422298376,decrease,7.65,6.89,-10.0,7060.58,0.18,12.6,-517.29,585.4,False
84910A,-1.0950606655473807,-1.5625617617791345,-0.627559569315627,40,0.11228462921057514,decrease,5.95,5.36,-10.0,1230.39,1.01,12.39,-47.35,75.13,False
21643,-1.0715794643447945,-1.9331356633883348,-0.21002326530125415,77,0.14036998066006545,decrease,1.25,1.16,-7.6,2127.94,0.57,12.07,-128.81,162.89,False
21698,-1.2781300179082162,-1.6647332143398572,-0.8915268214765752,63,0.3313389493499338,decrease,1.255,1.13,-10.0,399.01,2.97,11.87,-4.53,28.95,False
84675,-1.1930231475295723,-2.2972969172093873,-0.08874937784975723,30,0.13354745974428472,decrease,2.95,2.66,-10.0,571.7099999999999,2.05,11.75,-52.34,83.74,False
82605,-1.1849171823609674,-1.7922375591225235,-0.5775968055994113,52,0.15538272637095008,decrease,2.1,1.89,-10.0,595.07,1.97,11.71,-25.9,51.8,False
21562,-1.11338763095176,-1.5441964186958572,-0.6825788432076629,51,0.15855646522068367,decrease,1.25,1.12,-10.0,970.2800000000001,1.2,11.66,-31.91,57.26,False
79191B,-1.268992136779163,-2.0745284449121497,-0.4634558286461764,45,0.07112162732040117,decrease,0.85,0.76,-10.0,397.3699999999999,2.87,11.42,-21.84,47.63,False
35954,-0.8608382889705607,-1.1662241961168003,-0.5554523818243211,38,0.5542633072333174,increase,0.42,0.46,10.0,850.49,1.34,11.36,-13.37,36.81,False
21032,-1.4158828401922197,-2.114069940731867,-0.7176957396525724,33,0.18022478583568835,decrease,1.25,1.12,-10.0,252.16000000000003,4.48,11.29,-7.39,31.41,False
22756,-1.0762074332677847,-1.9497059528381695,-0.20270891369739996,59,0.17369387847895734,decrease,1.25,1.12,-10.0,1393.45,0.81,11.23,-112.27,146.65,False
35969,-1.1942431675365037,-1.7852655707372862,-0.6032207643357211,32,0.20349581160147545,decrease,1.6575,1.49,-10.0,542.47,2.07,11.22,-22.21,46.79,False
85016,-1.0520495681671878,-2.0494794808269643,-0.054619655507411324,66,0.07664486308235796,decrease,2.51,2.26,-10.0,2033.3299999999997,0.55,11.18,-192.77,237.73,False
21371,-1.1884858717123554,-1.4868198837323137,-0.8901518596923972,44,0.609630020493629,decrease,2.55,2.3,-10.0,556.01,2.01,11.15,-6.4,29.26,False
85215,-0.8198863749761429,-1.239351471020559,-0.40042127893172685,43,0.3848369264794699,increase,0.65,0.72,10.0,643.89,1.73,11.15,-14.52,37.87,False
84926F,-1.3683153332592537,-1.7742633573490307,-0.9623673091694765,33,0.6384696927803515,decrease,1.25,1.12,-10.0,277.9,3.96,11.0,-1.1,23.62,False
20856,-2.326246717455625,-2.8144807245355206,-1.8380127103757293,59,0.050287890018648085,decrease,1.65,1.63,-1.21,674.09,1.63,10.99,6.92,15.08,True
21365,-0.8401856416286421,-1.1903840548404796,-0.4899872284168044,46,0.3222680900629681,increase,2.95,3.25,10.0,707.9200000000001,1.53,10.87,-12.73,35.26,False
21625,-1.0146409911554022,-1.5371461663147026,-0.4921358159961018,99,0.10088288234061338,decrease,6.95,6.26,-10.0,7037.620000000001,0.15,10.86,-366.68,409.77,False
40046A,-1.21260385953821,-2.052992677852009,-0.37221504122441096,38,0.15017945167360536,decrease,1.25,1.12,-10.0,472.07000000000005,2.27,10.69,-30.21,55.39,False
84913B,-1.3141698708030263,-1.8079433154164537,-0.8203964261895987,67,0.16301237887963493,decrease,3.36,3.29,-2.08,1593.29,0.66,10.57,-6.01,27.33,False
21162,-0.9339995006041559,-1.425047587982532,-0.44295141322577986,88,0.3144666540314437,increase,1.45,1.6,10.0,1655.88,0.63,10.45,-65.74,90.29,False
85071D,-0.8020983322314427,-1.0631342086688338,-0.5410624557940515,51,0.29550740338576464,increase,1.465,1.61,10.0,548.8599999999999,1.9,10.45,-3.29,24.54,False
35968,-0.7058770328214676,-1.3094209012960243,-0.10233316434691109,46,0.148425941328294,increase,0.38,0.42,10.0,363.34000000000003,2.84,10.33,-10.56,32.45,False
46776E,-1.14585151748055,-1.5819872264326615,-0.7097158085284383,44,0.06756447918344655,decrease,4.21,3.79,-10.0,662.0999999999999,1.55,10.25,-19.94,41.87,False
21282,-1.0618706802631093,-1.952595165457524,-0.17114619506869455,38,0.2860402678721372,decrease,4.25,3.82,-10.0,1522.2799999999997,0.65,9.96,-127.3,160.72,False
20695,-1.1538506986604369,-2.033295013148874,-0.2744063841719998,30,0.1471752544767938,decrease,4.25,3.82,-10.0,604.58,1.63,9.88,-44.5,69.54,False
84661B,-1.173249013832106,-1.4090685187089769,-0.9374295089552349,37,0.4495790820237707,decrease,2.55,2.3,-10.0,530.2199999999999,1.84,9.77,-3.48,23.35,False
84658,-1.0759125542532388,-1.5667122976641852,-0.5851128108422925,45,0.2095060258988699,decrease,6.95,6.26,-10.0,1199.66,0.8,9.63,-51.31,73.81,False
20655,-1.1483635937473864,-1.5924139813025087,-0.704313206192264,82,0.23048806189030868,decrease,1.855,1.67,-10.0,608.4799999999999,1.58,9.59,-18.66,39.19,False
84926A,-1.300060280026493,-1.59780978513548,-1.0023107749175062,35,0.6664939718784211,decrease,1.25,1.12,-10.0,293.08,3.21,9.41,0.07,19.05,True
72801D,-1.1908151545253018,-1.91333258282882,-0.4682977262217837,42,0.09003784109708224,decrease,1.25,1.12,-10.0,446.16999999999996,2.03,9.06,-24.31,45.07,False
21400,-1.3935867731976606,-1.7701690823891478,-1.0170044640061733,54,0.4695718091030434,decrease,0.42,0.38,-10.0,213.07000000000002,4.23,9.02,0.38,18.01,True
20868,-1.1576052789261557,-2.007570999460756,-0.30763955839155555,42,0.22950173770646254,decrease,0.86,0.77,-10.0,518.0699999999999,1.67,8.67,-36.45,58.02,False
22400,-1.0394483858459522,-1.4868912492707649,-0.5920055224211395,71,0.1965283374718817,decrease,1.25,1.12,-10.0,2049.5600000000004,0.42,8.54,-86.24,107.88,False
21132,-0.8152699668815029,-1.4884820435522381,-0.14205789021076765,35,0.196467799570763,increase,4.25,4.68,10.0,476.61,1.78,8.47,-21.68,40.61,False
22095,-1.0245912767457488,-1.4295835244015782,-0.6195990290899194,76,0.30876356751291434,decrease,1.25,1.12,-10.0,3123.0299999999993,0.26,8.1,-122.69,144.6,False
35637A,-1.0529525045246138,-1.5348072439295033,-0.5710977651197242,35,0.37785333977795044,decrease,5.95,5.36,-10.0,1445.0500000000002,0.56,8.08,-63.85,83.76,False
21031,-1.419417298462721,-2.163817042945592,-0.6750175539798502,30,0.1302362494740248,decrease,1.25,1.12,-10.0,176.70000000000002,4.52,7.98,-5.95,23.05,False
17038,-1.2866146431000052,-1.715588877357862,-0.8576404088421483,45,0.3672304245900989,decrease,0.455,0.41,-10.0,254.51000000000005,3.07,7.8,-3.79,19.93,False
22884,-1.3330764206996126,-2.3000828287708,-0.366070012628425,33,0.4121107992404526,decrease,4.13,3.72,-10.0,217.26000000000002,3.57,7.76,-14.04,31.89,False
37444A,-0.860486976400583,-1.4629306797242907,-0.25804327307687536,35,0.5496668826418996,increase,2.95,3.25,10.0,563.4300000000001,1.34,7.54,-24.32,41.29,False
20902,-1.0463776241997502,-1.4613307911809417,-0.6314244572185588,59,0.2821597026746623,decrease,12.72,11.45,-10.0,1525.2199999999998,0.49,7.47,-58.09,75.97,False
46776C,-0.9141969962272529,-1.2733088760058466,-0.5550851164486593,51,0.07671629823270976,increase,4.21,4.63,10.0,905.0999999999998,0.82,7.43,-23.27,39.21,False
21367,-0.7284660566317848,-1.234532161995722,-0.2223999512678475,36,0.3278195645545283,increase,2.55,2.8,10.0,278.4799999999999,2.62,7.3,-6.16,21.42,False
20669,-1.0612241883226012,-1.7480605066876111,-0.3743878699575912,78,0.12297817143712608,decrease,1.25,1.12,-10.0,1111.8900000000003,0.65,7.2,-70.93,91.18,False
22881,-1.3052844335001113,-1.6488296931854838,-0.9617391738147386,30,0.5814091187675922,decrease,4.13,3.72,-10.0,218.81999999999994,3.27,7.15,-0.88,15.48,False
21714,-0.9879101069743877,-1.7191278594843922,-0.2566923544643833,95,0.09486939610632017,increase,1.25,1.38,10.0,6182.389999999999,0.12,7.13,-409.55,453.88,False
21159,-0.9492113069978435,-1.3495243230669072,-0.5488982909287798,87,0.2157343300412965,increase,1.45,1.6,10.0,1445.3699999999997,0.49,7.01,-47.36,63.5,False
21401,-1.2056331535510307,-1.5753727899813914,-0.8358935171206701,65,0.31917976861558406,decrease,0.42,0.38,-10.0,315.70000000000005,2.19,6.91,-5.41,19.73,False
22100,-1.089643876437035,-1.6893316773737332,-0.48995607550033693,63,0.2975672814292244,decrease,1.25,1.12,-10.0,709.5000000000001,0.95,6.73,-37.12,53.45,False
22231,-0.9747356805885792,-1.4690955356968263,-0.4803758254803321,92,0.11214808534429943,increase,1.45,1.6,10.0,2712.48,0.24,6.54,-118.6,137.72,False
20869,-0.7763557973224045,-1.4650243522671524,-0.08768724237765646,38,0.13849096139351513,increase,0.85,0.94,10.0,295.11999999999995,2.15,6.36,-12.79,26.81,False
22389,-1.048085140098638,-1.4731104806347965,-0.6230597995624794,52,0.21777392145721464,decrease,2.55,2.3,-10.0,1245.52,0.51,6.33,-48.5,63.66,False
22513,-0.9652249163732713,-1.6374394438310662,-0.29301038891547637,65,0.19232407897126036,increase,3.75,4.12,10.0,1894.7,0.33,6.29,-111.68,132.07,False
84251G,-1.4397500802322138,-1.908465751207794,-0.9710344092566336,48,0.46510538215313335,decrease,0.43,0.39,-10.0,127.55999999999999,4.74,6.05,-0.39,12.81,False
21294,-1.0333829460432336,-1.5006909904361165,-0.5660749016503506,69,0.3026116373689559,decrease,1.25,1.12,-10.0,1653.7500000000002,0.35,5.83,-73.9,89.58,False
21194,-0.9210000143202551,-1.344895692219601,-0.4971043364209094,53,0.3354059369548573,increase,2.1,2.31,10.0,751.4999999999999,0.76,5.68,-24.3,36.9,False
84927F,-0.7869798726030551,-0.9952216846171241,-0.5787380605889861,42,0.38125618153463914,increase,2.1,2.31,10.0,273.31999999999994,2.05,5.61,0.12,11.2,True
37467,-0.8230255225648633,-1.0297399211255969,-0.6163111240041298,41,0.39837615518806435,increase,2.53,2.78,10.0,328.51000000000005,1.7,5.59,-0.93,12.24,False
16218,-1.1168158221633706,-1.3532383322336814,-0.8803933120930598,52,0.6289435156947533,decrease,0.16,0.14,-10.0,448.13000000000005,1.24,5.55,-5.61,16.99,False
21306,-1.1490061206608195,-1.3504668671641566,-0.9475453741574824,45,0.5618263195562831,decrease,2.1,1.89,-10.0,342.79999999999995,1.58,5.42,-1.89,12.89,False
85071C,-0.932774531423044,-1.2103465828513675,-0.6552024799947206,63,0.33523460636125346,increase,2.55,2.8,10.0,837.2300000000001,0.64,5.38,-16.62,27.97,False
22310,-0.9821917081746692,-1.7947795537891673,-0.16960386256017101,79,0.08702029072257556,increase,2.505,2.76,10.0,3113.9399999999996,0.17,5.29,-227.17,256.47,False
85078,-0.9476791578834158,-1.1551917489910586,-0.7401665667757731,63,0.5902959459775668,increase,0.91,1.0,10.0,1052.02,0.5,5.26,-15.45,26.38,False
79144C,-1.2515589087711227,-1.9629503171054157,-0.5401675004368298,60,0.21085133639019926,decrease,0.83,0.75,-10.0,180.14000000000001,2.69,4.84,-8.52,19.24,False
22201,-1.0218756484216285,-1.9491346614432787,-0.09461663539997822,72,0.09330026624131216,decrease,4.25,3.82,-10.0,2034.4,0.23,4.69,-185.1,213.96,False
62096A,-0.924311827218254,-1.5074300747677722,-0.34119357966873576,38,0.2629098077018628,increase,1.95,2.14,10.0,592.79,0.72,4.29,-27.99,38.42,False
85094,-0.8766498720105729,-1.1601285484337593,-0.5931711955873864,44,0.30109012345754516,increase,0.83,0.91,10.0,360.9899999999999,1.18,4.27,-5.47,14.27,False
35916A,-1.3474242410111672,-1.7977945116847676,-0.8970539703375668,30,0.3306482099081194,decrease,0.85,0.76,-10.0,112.03999999999998,3.73,4.18,-1.21,9.82,False
84926D,-1.103025405999813,-1.4214727912438239,-0.7845780207558022,34,0.4611614564732368,decrease,1.25,1.12,-10.0,365.35,1.09,3.99,-8.2,16.59,False
22268,-1.029702298096362,-1.7573866681671886,-0.3020179280255352,62,0.1481936793253107,decrease,0.85,0.76,-10.0,1271.29,0.31,3.98,-90.14,105.6,False
35916C,-1.2104832748482859,-2.152646489130234,-0.26832006056633806,30,0.18490414292365132,decrease,1.63,1.47,-10.0,167.54999999999998,2.24,3.76,-12.43,21.63,False
47021G,-1.0652858276769372,-1.5324058377824452,-0.5981658175714293,42,0.3761424805866658,decrease,1.25,1.12,-10.0,541.96,0.69,3.74,-22.47,31.27,False
35810B,-0.9301071022518712,-1.5939513367013822,-0.2662628678023602,39,0.25115507812706217,increase,2.1,2.31,10.0,517.71,0.67,3.46,-28.49,37.5,False
84663A,-1.0428603627318618,-1.5648475449590502,-0.5208731805046732,43,0.3989274794600671,decrease,5.91,5.32,-10.0,746.3899999999999,0.45,3.38,-36.74,45.77,False
85130C,-1.0424152042230928,-1.9239172043001789,-0.16091320414600652,45,0.14625410632476954,decrease,1.65,1.48,-10.0,737.8900000000001,0.45,3.3,-62.43,75.44,False
79144B,-1.167793826334003,-2.0618507448838392,-0.2737369077841669,56,0.2442910719052508,decrease,0.83,0.75,-10.0,181.03,1.78,3.23,-13.34,21.43,False
21375,-0.9596547451857204,-1.6352762713284625,-0.2840332190429782,42,0.26911859893875256,increase,9.5725,10.53,10.0,817.5999999999999,0.39,3.15,-48.04,57.74,False
21039,-1.0097208820882053,-1.8885353806352327,-0.130906383541178,91,0.05782040000735367,decrease,2.55,2.33,-8.82,3423.6500000000005,0.09,3.08,-264.11,292.86,False
85211,-0.9331320689696194,-1.7463745872804064,-0.11988955065883256,47,0.17327003191525248,increase,1.65,1.82,10.0,467.4,0.64,2.99,-32.09,40.9,False
21722,-1.3774419814494452,-2.231428313510479,-0.5234556493884113,51,0.15920501979440493,decrease,0.85,0.83,-2.35,327.75,0.9,2.96,-3.7,9.75,False
21758,-1.0694545797633672,-1.451640055522339,-0.6872691040043954,54,0.2790458515933072,decrease,6.45,6.2,-3.88,1069.7600000000002,0.27,2.94,-13.14,19.27,False
84251B,-0.6433200239235474,-1.2389198047877739,-0.04772024305932099,30,0.12202845615343227,increase,0.19,0.21,10.0,84.84,3.46,2.93,-1.91,8.06,False
46776F,-1.0149818235580674,-1.3056226405564204,-0.7243410065597145,70,0.06949002074836153,decrease,4.21,3.79,-10.0,1675.7299999999998,0.16,2.65,-47.97,54.84,False
22786,-0.9824339513649696,-1.3775944245738123,-0.5872734781561268,37,0.2388341191863449,increase,5.95,6.55,10.0,1549.1,0.17,2.6,-54.76,62.15,False
90164B,-0.6832877196785034,-1.0275978132475612,-0.33897762610944565,32,0.25682957504589665,increase,7.64,7.81,2.23,362.94000000000005,0.7,2.54,-0.22,5.32,False
85071A,-1.016701016300746,-1.3341616244614793,-0.6992404081400125,60,0.4183507149611778,decrease,1.9925,1.79,-10.0,1415.6899999999998,0.18,2.49,-44.16,50.73,False
84536B,-0.9832521926903282,-1.5584659502114002,-0.4080384351692562,101,0.0892325582410417,increase,0.42,0.46,10.0,1561.49,0.16,2.49,-80.94,90.63,False
21356,-0.9874361361388035,-1.7375557085863012,-0.23731656369130583,88,0.24467536920216904,increase,1.25,1.38,10.0,2014.1600000000003,0.12,2.41,-136.73,151.87,False
22062,-0.980799328403913,-1.5153791012615585,-0.4462195555462676,67,0.23379216778838252,increase,2.95,3.25,10.0,1248.1499999999999,0.18,2.29,-59.83,67.65,False
79191D,-1.1460807331682759,-1.7996117152926336,-0.49254975104391796,40,0.14845758236534679,decrease,1.255,1.13,-10.0,143.87,1.55,2.23,-7.49,12.65,False
22512,-1.020195110545382,-1.5585630482058972,-0.48182717288486665,41,0.26396184983634996,decrease,3.75,3.38,-10.0,956.1700000000001,0.21,2.04,-50.8,57.96,False
85086A,-1.1438678381305727,-1.9065833706327182,-0.38115230562842717,56,0.14280430365312746,decrease,0.85,0.83,-2.35,568.73,0.34,1.95,-8.32,12.41,False
21368,-0.9059466182348831,-1.3404020239304417,-0.4714912125393244,35,0.3770418952309329,increase,0.85,0.94,10.0,212.03999999999996,0.9,1.91,-6.77,10.95,False
16219,-1.035076942931075,-1.2795762442318441,-0.7905776416303061,61,0.42019649146634785,decrease,0.21,0.19,-10.0,499.55,0.37,1.85,-10.9,14.93,False
44234,-1.0639118589638472,-1.3271400196027994,-0.800683698324895,42,0.24780320860401273,decrease,0.21,0.19,-10.0,260.39000000000004,0.68,1.76,-5.41,9.13,False
21208,-1.011271440355586,-1.2352575541978994,-0.7872853265132725,69,0.5006637077340413,decrease,1.65,1.48,-10.0,976.91,0.12,1.16,-21.65,24.52,False
47471,-0.9608470672252604,-1.4866120095813564,-0.4350821248691643,49,0.13787988051503275,increase,0.65,0.72,10.0,295.71999999999997,0.37,1.11,-13.4,16.36,False
35967,-0.9821986374015745,-1.3255057228703158,-0.6388915519328334,50,0.5350219080429486,increase,0.38,0.42,10.0,488.51000000000005,0.17,0.83,-14.92,17.11,False
84313C,-1.005055861144281,-1.9047347428223795,-0.10537697946618252,44,0.1836844132932094,decrease,4.25,3.82,-10.0,1442.39,0.05,0.77,-129.75,144.26,False
21366,-0.9692764811852104,-1.5001517483498152,-0.4384012140206054,48,0.3475079985760555,increase,8.29,8.47,2.17,1140.0,0.07,0.75,-12.18,13.84,False
81952V,-0.9520192748724265,-1.458726890739669,-0.4453116590051841,32,0.40491647780365625,increase,0.85,0.94,10.0,159.87,0.46,0.73,-6.84,8.68,False
21253,-1.0049694798363238,-1.7624069201638535,-0.247532039508794,70,0.15424843955963985,decrease,5.79,5.21,-10.0,1225.1699999999996,0.05,0.64,-93.38,102.48,False
22494,-1.001944316955271,-1.632705991574232,-0.37118264233631026,97,0.09278428190985633,decrease,1.25,1.16,-7.6,3730.9199999999996,0.02,0.57,-180.91,191.33,False
22375,-1.0016806495260044,-1.4039431003016833,-0.5994181987503256,90,0.27584310858615935,decrease,4.25,3.95,-7.06,2969.29,0.01,0.37,-85.81,89.11,False
79051A,-0.9934929133862307,-1.240194894281321,-0.7467909324911404,38,0.46902396085812736,increase,0.5800000000000001,0.64,10.0,380.3399999999999,0.06,0.24,-8.61,9.29,False
22437,-2.821368546932555,-4.372343105105571,-1.2703939887595384,86,0.28895836334946545,decrease,0.85,0.85,0.0,5457.969999999999,0.0,0.0,0.0,0.0,True
22255,-1.3582433671605385,-2.4896126396853324,-0.22687409463574437,67,0.09269399442611137,decrease,0.85,0.85,0.0,1127.1100000000001,0.0,0.0,0.0,0.0,True
22262,-2.369276878365162,-3.2076537058436934,-1.5309000508866306,84,0.338413757892832,decrease,0.85,0.85,0.0,1947.82,0.0,0.0,0.0,0.0,True
22747,-2.300914617051527,-3.5246626495018143,-1.0771665846012397,62,0.33902435956297106,decrease,2.1,2.1,0.0,4487.2,0.0,0.0,0.0,0.0,True
21232,-2.0203417197045965,-2.737010826914374,-1.303672612494819,104,0.30874515604791375,decrease,1.25,1.25,0.0,49300.57,0.0,0.0,0.0,0.0,True
21559,-1.166679434670138,-1.6330196942102964,-0.7003391751299795,104,0.15761883032188262,decrease,2.55,2.55,0.0,20345.53,0.0,0.0,0.0,0.0,True
22718,-1.784785397891959,-2.433899789292231,-1.135671006491687,76,0.3615493035244952,decrease,0.42,0.42,0.0,1141.3599999999997,0.0,0.0,0.0,0.0,True
22227,-1.083669034289011,-1.5356309679750624,-0.6317071006029595,104,0.14795782564719318,decrease,0.65,0.65,0.0,4344.17,0.0,0.0,0.0,0.0,True
21803,-2.7761245707474247,-4.108946942269285,-1.443302199225564,59,0.4502204673463369,decrease,0.42,0.42,0.0,1938.9599999999998,0.0,0.0,0.0,0.0,True
84279P,-1.1032916286810306,-1.7085604542281796,-0.4980228031338816,97,0.10580196569531009,decrease,3.75,3.75,0.0,4476.67,0.0,0.0,0.0,0.0,True
20684,-1.5557623351515653,-2.591475587310285,-0.5200490829928457,68,0.14048777296981507,decrease,3.25,3.25,0.0,1910.0600000000002,0.0,0.0,0.0,0.0,True
84763,-2.073922567508618,-3.3406103478805083,-0.8072347871367274,68,0.1486079327580644,decrease,1.25,1.25,0.0,1903.0,0.0,0.0,0.0,0.0,True
85232A,-1.9335487491637182,-2.4618711606735033,-1.4052263376539331,62,0.15533755260987359,decrease,4.95,4.95,0.0,1889.88,0.0,0.0,0.0,0.0,True
85231B,-2.304507170157649,-3.0784163812723166,-1.5305979590429812,90,0.36327668221837484,decrease,0.85,0.85,0.0,1877.84,0.0,0.0,0.0,0.0,True
84247L,-1.919560836491772,-2.9478787100902935,-0.8912429628932503,41,0.3186354021876652,decrease,0.42,0.42,0.0,498.21,0.0,0.0,0.0,0.0,True
20978,-1.5770546045142209,-2.529736221452086,-0.6243729875763555,102,0.2633276236607086,decrease,1.25,1.25,0.0,5438.57,0.0,0.0,0.0,0.0,True
22678,-2.7109671354845166,-3.5217558299263136,-1.9001784410427196,64,0.42326792270034497,decrease,1.25,1.25,0.0,1875.5300000000002,0.0,0.0,0.0,0.0,True
21983,-1.80753644766006,-2.515011545463007,-1.1000613498571128,101,0.25408950982873424,decrease,0.29,0.29,0.0,1875.02,0.0,0.0,0.0,0.0,True
21394,-1.3845244347490064,-1.7632735286769843,-1.0057753408210286,53,0.4485096936662448,decrease,0.39,0.39,0.0,1864.63,0.0,0.0,0.0,0.0,True
21672,-2.0577919340358735,-3.575646006928461,-0.5399378611432861,101,0.12477507616216765,decrease,1.25,1.25,0.0,14411.13,0.0,0.0,0.0,0.0,True
84563B,-0.9999476057794348,-1.4741772093958654,-0.5257180021630041,34,0.35794023159261934,increase,5.95,6.55,10.0,590.0400000000001,0.0,0.0,-26.07,27.28,False
21622,-2.161885499994049,-3.384258651209075,-0.9395123487790231,94,0.11471387004334321,decrease,4.95,4.95,0.0,19936.940000000006,0.0,0.0,0.0,0.0,True
22297,-1.9508569380272447,-2.541352471893857,-1.3603614041606322,104,0.336714174897102,decrease,1.25,1.25,0.0,17702.620000000003,0.0,0.0,0.0,0.0,True
84924A,-1.2401535877446457,-1.7990682487281195,-0.6812389267611718,39,0.21753372335862642,decrease,3.75,3.75,0.0,571.0,0.0,0.0,0.0,0.0,True
15039,-2.006443653813241,-3.024744670010663,-0.9881426376158187,94,0.16085970959792106,decrease,0.85,0.85,0.0,4345.620000000001,0.0,0.0,0.0,0.0,True
21891,-1.6524957354593661,-2.8398370966714936,-0.4651543742472386,94,0.12439642769073622,decrease,1.25,1.25,0.0,15547.749999999998,0.0,0.0,0.0,0.0,True
22737,-2.7265006124551623,-4.257918073861634,-1.1950831510486903,46,0.6690717096420727,decrease,1.65,1.65,0.0,5840.430000000001,0.0,0.0,0.0,0.0,True
84970L,-2.3816802268771804,-3.1183492574749083,-1.6450111962794525,103,0.3699254322807294,decrease,0.95,0.95,0.0,17177.039999999997,0.0,0.0,0.0,0.0,True
84378,-2.319812282995795,-3.538112723528706,-1.101511842462884,104,0.3112909753796961,decrease,1.25,1.25,0.0,15388.44,0.0,0.0,0.0,0.0,True
20671,-1.5875828235237308,-2.2646820588671703,-0.9104835881802914,50,0.167626039946705,decrease,1.25,1.25,0.0,1038.7199999999998,0.0,0.0,0.0,0.0,True
21832,-1.377832338312615,-2.300299278410219,-0.455365398215011,98,0.14878998555658085,decrease,1.65,1.65,0.0,5836.759999999999,0.0,0.0,0.0,0.0,True
22241,-2.508235310911426,-3.655122089670469,-1.3613485321523833,65,0.16051412303036072,decrease,1.25,1.25,0.0,5862.42,0.0,0.0,0.0,0.0,True
21373,-1.0246706544693542,-1.7020455603533087,-0.3472957485853999,31,0.25300469357304745,decrease,0.75,0.75,0.0,548.89,0.0,0.0,0.0,0.0,True
20718,-1.0470620625978668,-1.5113319882799718,-0.5827921369157618,104,0.13835195238478515,decrease,1.25,1.25,0.0,17457.35,0.0,0.0,0.0,0.0,True
21484,-1.9881528337003975,-2.822074491064754,-1.1542311763360409,96,0.4028436591188419,decrease,3.45,3.45,0.0,18171.14,0.0,0.0,0.0,0.0,True
85129A,-2.069878138546864,-3.4365851125168585,-0.7031711645768692,34,0.13127447411969573,decrease,1.25,1.25,0.0,569.16,0.0,0.0,0.0,0.0,True
21181,-3.279287020082889,-5.514756706330136,-1.043817333835643,79,0.17485848600108733,decrease,2.1,2.1,0.0,50117.14,0.0,0.0,0.0,0.0,True
21174,-1.0353515674586145,-1.8109359295720224,-0.2597672053452065,104,0.12013433266972784,decrease,1.95,1.95,0.0,19593.809999999998,0.0,0.0,0.0,0.0,True
21452,-2.5563333762549467,-3.8746602512738564,-1.238006501236037,88,0.25345888038878506,decrease,2.95,2.95,0.0,5731.33,0.0,0.0,0.0,0.0,True
84592,-1.9110642977557197,-2.4192461880968197,-1.4028824074146198,38,0.3472278085255416,decrease,2.95,2.95,0.0,536.4000000000001,0.0,0.0,0.0,0.0,True
22535,-2.673388082191741,-3.854280323298073,-1.4924958410854092,84,0.15930897520947873,decrease,0.42,0.42,0.0,1862.49,0.0,0.0,0.0,0.0,True
22381,-1.6370640684968867,-2.2166338347201937,-1.0574943022735797,98,0.20636419627561842,decrease,2.1,2.1,0.0,19619.54,0.0,0.0,0.0,0.0,True
85020,-1.6114351448960644,-2.6085280969772673,-0.6143421928148615,42,0.16533400483973082,decrease,2.1,2.1,0.0,533.4800000000001,0.0,0.0,0.0,0.0,True
22548,-2.7931591190966216,-4.192393770679971,-1.3939244675132718,83,0.29381846442532045,decrease,1.25,1.25,0.0,4404.31,0.0,0.0,0.0,0.0,True
21929,-2.309545586873921,-4.012060602796804,-0.6070305709510371,99,0.2580403454225161,decrease,1.95,1.95,0.0,49651.99,0.0,0.0,0.0,0.0,True
21900,-1.618611761832093,-2.4093036034771895,-0.8279199201869962,103,0.2824061695701888,decrease,0.65,0.65,0.0,5529.1399999999985,0.0,0.0,0.0,0.0,True
85124C,-1.3181417635724926,-2.1811552143489816,-0.45512831279600374,63,0.2600162321606604,decrease,2.55,2.55,0.0,1123.8899999999996,0.0,0.0,0.0,0.0,True
20752,-1.399673688053293,-2.516702638457561,-0.28264473764902487,91,0.05614166328081183,decrease,2.1,2.1,0.0,2868.2000000000003,0.0,0.0,0.0,0.0,True
22256,-2.6639716743393826,-3.5466991306684017,-1.7812442180103636,43,0.3478999771531198,decrease,1.25,1.25,0.0,1200.07,0.0,0.0,0.0,0.0,True
21506,-1.7481137278158234,-2.5429330943778305,-0.9532943612538162,104,0.26938445031111524,decrease,0.42,0.42,0.0,4534.49,0.0,0.0,0.0,0.0,True
22158,-3.544562505347665,-4.858038480945562,-2.231086529749768,74,0.48371700443859966,decrease,2.95,2.95,0.0,29198.28,0.0,0.0,0.0,0.0,True
22975,-1.5240539313346055,-2.709126687476795,-0.3389811751924161,49,0.11618082822462461,decrease,1.25,1.25,0.0,1679.66,0.0,0.0,0.0,0.0,True
82583,-1.6893678655310862,-2.146885334399834,-1.2318503966623382,99,0.35111623323949903,decrease,2.1,2.1,0.0,27981.99,0.0,0.0,0.0,0.0,True
21448,-1.543300561124033,-2.763229046536927,-0.3233720757111387,80,0.07017357493048404,decrease,1.65,1.65,0.0,1640.17,0.0,0.0,0.0,0.0,True
21541,-3.370929389863511,-4.311934381887504,-2.429924397839519,45,0.3623088843246378,decrease,0.85,0.85,0.0,1636.24,0.0,0.0,0.0,0.0,True
21157,-1.031192722421601,-1.9609939664278657,-0.10139147841533647,64,0.07952953843150368,decrease,2.1,2.1,0.0,1616.9499999999998,0.0,0.0,0.0,0.0,True
79190D,-2.1826322074126576,-2.8912185970719837,-1.4740458177533315,70,0.3239409854740912,decrease,0.42,0.42,0.0,296.5799999999999,0.0,0.0,0.0,0.0,True
21977,-2.001288129297201,-3.833185029947874,-0.16939122864652845,104,0.1987000320553609,decrease,0.55,0.55,0.0,28081.730000000003,0.0,0.0,0.0,0.0,True
21383,-2.1925103120347647,-3.239086859070702,-1.1459337649988273,76,0.30799039977619247,decrease,0.65,0.65,0.0,1590.43,0.0,0.0,0.0,0.0,True
22027,-2.25536161357527,-2.9180775147324987,-1.5926457124180409,103,0.45936468346897485,decrease,0.42,0.42,0.0,4806.490000000002,0.0,0.0,0.0,0.0,True
22385,-1.6081249067133456,-2.610319173040813,-0.6059306403858784,97,0.14216215272885369,decrease,1.95,1.95,0.0,32433.5,0.0,0.0,0.0,0.0,True
22681,-2.4011725005033306,-3.2021861445110567,-1.6001588564956046,64,0.40562602396911474,decrease,1.25,1.25,0.0,1559.52,0.0,0.0,0.0,0.0,True
22622,-2.889682289383405,-5.11917959701864,-0.6601849817481695,83,0.2996080697803346,decrease,9.95,9.95,0.0,29450.11,0.0,0.0,0.0,0.0,True
21287,-1.6123163219516616,-2.012737015029926,-1.211895628873397,58,0.5542045557186319,decrease,0.38,0.38,0.0,1860.0,0.0,0.0,0.0,0.0,True
90119,-1.5901587505134667,-2.484796358233319,-0.6955211427936144,34,0.2625676585022293,decrease,2.46,2.46,0.0,243.06999999999996,0.0,0.0,0.0,0.0,True
22659,-1.9787887787208316,-3.3343448917480654,-0.6232326656935976,76,0.10001249132436818,decrease,1.95,1.95,0.0,29563.81,0.0,0.0,0.0,0.0,True
21916,-2.800714366793035,-4.034312056351466,-1.567116677234605,104,0.3061222209089267,decrease,0.42,0.42,0.0,4751.0599999999995,0.0,0.0,0.0,0.0,True
22077,-2.6481513273386263,-4.442949292815327,-0.8533533618619258,95,0.49813680814375605,decrease,1.65,1.65,0.0,31513.11,0.0,0.0,0.0,0.0,True
22501,-1.4807459371067968,-2.545888150168863,-0.41560372404473056,75,0.18468933529230813,decrease,9.95,9.95,0.0,30339.36,0.0,0.0,0.0,0.0,True
22815,-3.0678457318705004,-3.6426178293506424,-2.4930736343903583,62,0.6625297837786163,decrease,0.42,0.42,0.0,1468.53,0.0,0.0,0.0,0.0,True
22583,-1.8730281273673386,-2.7787918437613937,-0.9672644109732834,84,0.1357128890053101,decrease,2.55,2.55,0.0,4955.75,0.0,0.0,0.0,0.0,True
21410,-1.3063036433897945,-2.0267557226650514,-0.5858515641145376,48,0.18516153705142868,decrease,4.25,4.25,0.0,1458.28,0.0,0.0,0.0,0.0,True
22684,-2.2352530911368906,-3.28217627387457,-1.1883299083992112,61,0.30452859013738576,decrease,1.25,1.25,0.0,1342.4399999999998,0.0,0.0,0.0,0.0,True
21807,-2.242726695204733,-3.959919164941007,-0.5255342254684596,42,0.39074596557286256,decrease,0.42,0.42,0.0,1422.4499999999998,0.0,0.0,0.0,0.0,True
22819,-2.4350872139178135,-3.2852995465858794,-1.5848748812497475,62,0.522421299595018,decrease,0.42,0.42,0.0,1418.1200000000001,0.0,0.0,0.0,0.0,True
22672,-1.8382581235859174,-2.9432874135727145,-0.7332288335991202,67,0.17010862160303752,decrease,1.65,1.65,0.0,4736.11,0.0,0.0,0.0,0.0,True
22679,-2.0575126625591915,-2.960960617459203,-1.1540647076591803,65,0.26731548446050624,decrease,1.25,1.25,0.0,1695.6800000000003,0.0,0.0,0.0,0.0,True
22469,-2.9799514181607707,-3.6003729519507637,-2.3595298843707777,78,0.27019120409262865,decrease,1.65,1.65,0.0,48935.11000000001,0.0,0.0,0.0,0.0,True
22318,-1.828395390691609,-2.4529064157436427,-1.2038843656395755,99,0.2171903692139634,decrease,2.95,2.95,0.0,4983.9800000000005,0.0,0.0,0.0,0.0,True
22294,-3.4487161902354306,-4.877301767433931,-2.0201306130369305,103,0.2995217152485924,decrease,1.25,1.25,0.0,20629.379999999997,0.0,0.0,0.0,0.0,True
21806,-4.0802755842852045,-5.570052275938651,-2.590498892631758,32,0.5900572831738957,decrease,0.42,0.42,0.0,1179.4299999999998,0.0,0.0,0.0,0.0,True
22680,-1.8527875737500326,-2.7364356858547176,-0.9691394616453474,65,0.169026045365413,decrease,1.25,1.25,0.0,1820.45,0.0,0.0,0.0,0.0,True
21718,-2.232506781160216,-3.2613095886450614,-1.2037039736753703,94,0.38223583183099097,decrease,1.25,1.25,0.0,5250.300000000001,0.0,0.0,0.0,0.0,True
21210,-3.785667453659707,-5.712625297437226,-1.8587096098821878,97,0.43028398901821485,decrease,1.45,1.45,0.0,21727.190000000002,0.0,0.0,0.0,0.0,True
21668,-1.7478100615141159,-2.624016002234477,-0.8716041207937546,97,0.15367099859845945,decrease,1.25,1.25,0.0,13912.17,0.0,0.0,0.0,0.0,True
22896,-1.5952796628285055,-2.491298175072955,-0.6992611505840565,63,0.11836429474525179,decrease,2.55,2.55,0.0,5230.549999999999,0.0,0.0,0.0,0.0,True
21790,-2.28266354204706,-3.7039776176234867,-0.8613494664706332,104,0.5286351771402727,decrease,0.85,0.85,0.0,23506.170000000002,0.0,0.0,0.0,0.0,True
22571,-2.0847921583347144,-4.028836430432101,-0.1407478862373277,50,0.4837098723595914,decrease,0.85,0.85,0.0,5135.24,0.0,0.0,0.0,0.0,True
20977,-1.2849110777853836,-2.143349933922822,-0.4264722216479454,96,0.16709784587167764,decrease,1.25,1.25,0.0,5069.99,0.0,0.0,0.0,0.0,True
22032,-2.6390895988171676,-3.6780688610094163,-1.6001103366249192,57,0.3809066806252056,decrease,0.42,0.42,0.0,418.12,0.0,0.0,0.0,0.0,True
21231,-2.0214731092471405,-3.095525820684494,-0.947420397809787,96,0.33505709980922327,decrease,1.25,1.25,0.0,24128.86,0.0,0.0,0.0,0.0,True
20963,-1.3144926277359406,-2.100477733339959,-0.5285075221319218,102,0.24729689459442206,decrease,1.25,1.25,0.0,4676.1500000000015,0.0,0.0,0.0,0.0,True
84535B,-1.4050787863788599,-2.150962838669556,-0.6591947340881636,99,0.1706896786321772,decrease,0.65,0.65,0.0,1747.7600000000002,0.0,0.0,0.0,0.0,True
21637,-2.9159955987448916,-3.894538222412404,-1.9374529750773792,44,0.5062843941754619,decrease,1.25,1.25,0.0,1741.72,0.0,0.0,0.0,0.0,True
20961,-1.7257734451933993,-2.6882550914051517,-0.7632917989816468,99,0.21471042064968648,decrease,1.25,1.25,0.0,4687.650000000001,0.0,0.0,0.0,0.0,True
22732,-3.250558004019149,-6.038090216691515,-0.46302579134678234,42,0.6795067813247686,decrease,1.25,1.25,0.0,5001.84,0.0,0.0,0.0,0.0,True
84429A,-1.4241452635670528,-2.032691854963324,-0.8155986721707817,31,0.28016363935368427,decrease,2.95,2.95,0.0,371.7799999999999,0.0,0.0,0.0,0.0,True
22035,-2.665022922530686,-3.9289066850199372,-1.401139160041435,94,0.44446621270249465,decrease,0.42,0.42,0.0,1731.2399999999998,0.0,0.0,0.0,0.0,True
85049G,-3.2496697837227138,-3.992892111466706,-2.5064474559787215,92,0.1551944518039905,decrease,1.25,1.25,0.0,4718.620000000001,0.0,0.0,0.0,0.0,True
79190A,-1.5315648206734243,-2.3399056333834762,-0.7232240079633724,75,0.23168808895214543,decrease,0.42,0.42,0.0,364.25000000000006,0.0,0.0,0.0,0.0,True
20972,-2.550472819475615,-4.473872089620116,-0.6270735493311146,104,0.3987052209807399,decrease,1.25,1.25,0.0,24785.31,0.0,0.0,0.0,0.0,True
22835,-3.4229556987958367,-5.0308025793932245,-1.8151088181984487,64,0.5821646968359524,decrease,4.65,4.65,0.0,27082.839999999997,0.0,0.0,0.0,0.0,True
21725,-1.7018475800807709,-2.4773862684203096,-0.926308891741232,80,0.21591892124830225,decrease,0.85,0.85,0.0,1036.4299999999998,0.0,0.0,0.0,0.0,True
16237,-1.3043186866980028,-1.9292570205860837,-0.6793803528099218,103,0.39116236220104006,decrease,0.21,0.21,0.0,2233.15,0.0,0.0,0.0,0.0,True
21899,-1.4368539451509585,-2.1542069817523988,-0.7195009085495181,103,0.22297028652590178,decrease,0.65,0.65,0.0,4322.47,0.0,0.0,0.0,0.0,True
21974,-1.617105154555649,-1.9958625231757128,-1.2383477859355851,104,0.4275411321124648,decrease,1.45,1.45,0.0,10622.150000000001,0.0,0.0,0.0,0.0,True
22524,-1.7898897404423968,-2.910682923494078,-0.6690965573907155,59,0.1728895560503232,decrease,1.25,1.25,0.0,2713.23,0.0,0.0,0.0,0.0,True
21624,-2.6312852920116225,-3.4445278405031807,-1.8180427435200643,91,0.19143362181015466,decrease,5.95,5.95,0.0,10641.15,0.0,0.0,0.0,0.0,True
21820,-1.9756663507494947,-2.7526115238183935,-1.198721177680596,60,0.4862728214008448,decrease,3.75,3.75,0.0,3132.3900000000003,0.0,0.0,0.0,0.0,True
22479,-1.5966714049314956,-2.727361670647568,-0.4659811392154234,72,0.14706623356145565,decrease,1.25,1.25,0.0,2691.19,0.0,0.0,0.0,0.0,True
22549,-1.7850058344149495,-2.975111185259562,-0.5949004835703371,89,0.3000698395726854,decrease,1.45,1.45,0.0,9718.41,0.0,0.0,0.0,0.0,True
22665,-1.5655606734274388,-2.2684456837387117,-0.8626756631161656,72,0.21999688106664228,decrease,2.95,2.95,0.0,9589.84,0.0,0.0,0.0,0.0,True
22668,-1.4676740861377828,-2.115231374896064,-0.8201167973795015,74,0.22572405669757023,decrease,2.95,2.95,0.0,10898.050000000001,0.0,0.0,0.0,0.0,True
35961,-1.2599068626987346,-2.0459326168121272,-0.47388110858534194,102,0.18638544023204495,decrease,0.85,0.85,0.0,9514.779999999999,0.0,0.0,0.0,0.0,True
21385,-1.8280158637298896,-2.71223840098318,-0.9437933264765992,98,0.18393301724698297,decrease,0.85,0.85,0.0,9358.939999999999,0.0,0.0,0.0,0.0,True
20828,-2.33524635802487,-3.0965411202020494,-1.5739515958476902,102,0.2667329497097719,decrease,2.55,2.55,0.0,10940.480000000001,0.0,0.0,0.0,0.0,True
84692,-1.4854071344697946,-1.8864673768233469,-1.0843468921162422,104,0.408717362208202,decrease,0.42,0.42,0.0,9336.68,0.0,0.0,0.0,0.0,True
22773,-2.28239471175009,-3.0280186422150823,-1.5367707812850977,56,0.31945643453258277,decrease,1.25,1.25,0.0,3171.1099999999997,0.0,0.0,0.0,0.0,True
85124B,-1.4571799058217434,-2.0395778027303124,-0.8747820089131745,63,0.20121218253380102,decrease,2.55,2.55,0.0,938.47,0.0,0.0,0.0,0.0,True
22155,-1.991285491896158,-3.0129471050374805,-0.9696238787548355,61,0.6184312219537992,decrease,0.42,0.42,0.0,2671.81,0.0,0.0,0.0,0.0,True
22195,-1.5850038603912338,-2.365416344450136,-0.8045913763323314,102,0.26609199763255376,decrease,1.65,1.65,0.0,9144.24,0.0,0.0,0.0,0.0,True
21693,-2.343490634173018,-3.026231883271332,-1.6607493850747042,67,0.40908998033712296,decrease,2.95,2.95,0.0,2648.6199999999994,0.0,0.0,0.0,0.0,True
22792,-1.3684268281423808,-2.2857830265945434,-0.4510706296902184,55,0.4289623160366355,decrease,0.85,0.85,0.0,3241.1300000000006,0.0,0.0,0.0,0.0,True
21129,-1.4971638109710093,-1.9869438353945608,-1.0073837865474577,41,0.25734943439506963,decrease,6.95,6.95,0.0,949.44,0.0,0.0,0.0,0.0,True
22152,-1.0753543937539134,-1.5821719784763926,-0.5685368090314343,75,0.34704309941243205,decrease,0.42,0.42,0.0,2642.2800000000007,0.0,0.0,0.0,0.0,True
21041,-1.0623544806825043,-1.928501001395876,-0.19620795996913243,77,0.0708914133795322,decrease,2.95,2.95,0.0,9049.290000000003,0.0,0.0,0.0,0.0,True
84849B,-1.3407264868810704,-2.444411512844814,-0.23704146091732703,78,0.14075335638151865,decrease,1.69,1.69,0.0,3244.1400000000003,0.0,0.0,0.0,0.0,True
85111,-1.2128212552879682,-1.6275083298906683,-0.7981341806852682,44,0.4446385295444163,decrease,0.29,0.29,0.0,954.1500000000001,0.0,0.0,0.0,0.0,True
84510A,-1.303219256620848,-2.022697953560582,-0.5837405596811139,102,0.25029321943463256,decrease,1.25,1.25,0.0,3254.1400000000003,0.0,0.0,0.0,0.0,True
22141,-2.2200355217098107,-3.741907517672314,-0.6981635257473071,40,0.5960763796685551,decrease,2.1,2.1,0.0,8895.21,0.0,0.0,0.0,0.0,True
21042,-1.361286484077242,-2.2379359453382164,-0.48463702281626775,94,0.11060321696092357,decrease,5.95,5.95,0.0,8717.309999999998,0.0,0.0,0.0,0.0,True
20974,-1.432869668719113,-2.309072865769332,-0.556666471668894,101,0.05412261862401002,decrease,0.65,0.65,0.0,8686.54,0.0,0.0,0.0,0.0,True
21980,-1.9593132972308847,-2.655557617439918,-1.2630689770218515,102,0.223789600182855,decrease,0.29,0.29,0.0,8650.14,0.0,0.0,0.0,0.0,True
82578,-1.7634825904072315,-2.45513581849372,-1.0718293623207429,102,0.20310716489286107,decrease,0.55,0.55,0.0,3129.2399999999993,0.0,0.0,0.0,0.0,True
22348,-1.6761034544110796,-2.61766518131181,-0.7345417275103489,104,0.22196599111706183,decrease,0.85,0.85,0.0,10583.119999999999,0.0,0.0,0.0,0.0,True
21638,-1.45729040653791,-2.579911764517922,-0.33466904855789803,65,0.050677804352569966,decrease,2.1,2.1,0.0,2220.94,0.0,0.0,0.0,0.0,True
22595,-4.09022923735619,-6.2470098381595065,-1.9334486365528725,73,0.46815916688741854,decrease,0.85,0.85,0.0,10544.32,0.0,0.0,0.0,0.0,True
20682,-1.9196794924333478,-3.531485336902656,-0.3078736479640398,102,0.1889939214555364,decrease,3.25,3.25,0.0,10171.31,0.0,0.0,0.0,0.0,True
21293,-1.1922358329426563,-1.9924710558200316,-0.3920006100652811,45,0.18549480510257443,decrease,2.1,2.1,0.0,872.3399999999999,0.0,0.0,0.0,0.0,True
22925,-2.310129385540105,-3.094961961936062,-1.525296809144148,46,0.2269644097937764,decrease,5.95,5.95,0.0,2989.5200000000004,0.0,0.0,0.0,0.0,True
22180,-1.3030709562922291,-2.453514481295696,-0.15262743128876255,95,0.07682728602344291,decrease,9.95,9.95,0.0,10103.379999999997,0.0,0.0,0.0,0.0,True
22386,-1.9963392942834552,-3.610313887940477,-0.3823647006264337,97,0.2757222211905679,decrease,1.95,1.95,0.0,76324.62000000001,0.0,0.0,0.0,0.0,True
22712,-1.1034847321207877,-1.857136579338193,-0.34983288490338227,69,0.194715433794165,decrease,0.42,0.42,0.0,3002.4200000000005,0.0,0.0,0.0,0.0,True
21756,-2.324124725882246,-3.7125096322472735,-0.9357398195172189,83,0.12186700111319959,decrease,5.95,5.95,0.0,9944.65,0.0,0.0,0.0,0.0,True
20979,-1.5923182061543097,-2.940740752174703,-0.24389566013391684,103,0.19356642390363188,decrease,1.25,1.25,0.0,10271.809999999998,0.0,0.0,0.0,0.0,True
21688,-1.9606626320914253,-2.913886167994159,-1.0074390961886919,73,0.2970572776076492,decrease,2.95,2.95,0.0,2845.6499999999996,0.0,0.0,0.0,0.0,True
22037,-3.0095062770186303,-4.5060696207288045,-1.512942933308456,94,0.4661022977504059,decrease,0.42,0.42,0.0,3035.7,0.0,0.0,0.0,0.0,True
22983,-1.4776172256607403,-2.4255374843116866,-0.5296969670097939,64,0.3098580144966542,decrease,0.42,0.42,0.0,2843.55,0.0,0.0,0.0,0.0,True
22131,-1.2927793780618577,-2.1637662580052024,-0.42179249811851305,103,0.20387728041335718,decrease,1.95,1.95,0.0,9914.889999999998,0.0,0.0,0.0,0.0,True
21439,-2.12302737127416,-3.286732452245337,-0.9593222903029825,86,0.17755966253180178,decrease,1.25,1.25,0.0,2837.54,0.0,0.0,0.0,0.0,True
22418,-3.6533027003947884,-5.7411592871162185,-1.565446113673358,83,0.5218209710100733,decrease,0.85,0.85,0.0,10417.73,0.0,0.0,0.0,0.0,True
20829,-2.3371615670955417,-3.569762742528013,-1.1045603916630702,102,0.20770867426837403,decrease,2.1,2.1,0.0,9825.02,0.0,0.0,0.0,0.0,True
85199S,-1.4934563539071284,-2.2493647320825856,-0.737547975731671,101,0.2827364557729726,decrease,0.42,0.42,0.0,2789.2799999999997,0.0,0.0,0.0,0.0,True
21682,-1.6722443943033065,-2.333442185706735,-1.0110466028998777,81,0.16579817291980092,decrease,4.95,4.95,0.0,2767.59,0.0,0.0,0.0,0.0,True
22745,-2.3785367737746115,-3.5753919358110045,-1.1816816117382183,63,0.32601839575542424,decrease,2.1,2.1,0.0,9764.64,0.0,0.0,0.0,0.0,True
20894,-1.5472672879668652,-2.2719084293130054,-0.8226261466207252,43,0.14273693763953121,decrease,2.95,2.95,0.0,827.3000000000001,0.0,0.0,0.0,0.0,True
22154,-3.013919711483504,-4.1110100251293495,-1.9168293978376592,57,0.6911079499535986,decrease,0.42,0.42,0.0,3073.32,0.0,0.0,0.0,0.0,True
22081,-1.8375085115440384,-2.5854815373029356,-1.0895354857851411,95,0.45048105257214577,decrease,1.65,1.65,0.0,2761.0399999999995,0.0,0.0,0.0,0.0,True
20956,-2.18070956148292,-3.3701395414954707,-0.9912795814703694,70,0.40716529969910853,decrease,1.25,1.25,0.0,3083.8199999999997,0.0,0.0,0.0,0.0,True
85019A,-1.6456884529567228,-2.0001485724983805,-1.2912283334150652,41,0.4502348414439108,decrease,1.25,1.25,0.0,915.04,0.0,0.0,0.0,0.0,True
85227,-1.9487429727489975,-2.851622707656476,-1.0458632378415191,96,0.2981435652687431,decrease,0.85,0.85,0.0,3086.4399999999996,0.0,0.0,0.0,0.0,True
22572,-3.385896638024197,-4.8344795662142825,-1.9373137098341107,49,0.6093380653163342,decrease,0.85,0.85,0.0,3087.18,0.0,0.0,0.0,0.0,True
21272,-1.5664737796426067,-2.5051635700854424,-0.6277839891997707,84,0.17964967290282374,decrease,1.25,1.25,0.0,3109.83,0.0,0.0,0.0,0.0,True
21264,-1.047800304941879,-1.5293174955996574,-0.5662831142841005,33,0.4365320867683661,decrease,1.95,1.95,0.0,917.85,0.0,0.0,0.0,0.0,True
21917,-2.887294184009581,-4.046682599495213,-1.7279057685239492,99,0.26790463648618223,decrease,0.42,0.42,0.0,3324.2200000000003,0.0,0.0,0.0,0.0,True
22477,-1.7873163831188215,-2.878152790797749,-0.6964799754398938,78,0.18849404111044954,decrease,1.25,1.25,0.0,3356.7400000000002,0.0,0.0,0.0,0.0,True
22283,-1.7372308264626832,-2.651276690457982,-0.8231849624673844,98,0.18779821861015566,decrease,7.95,7.95,0.0,8533.09,0.0,0.0,0.0,0.0,True
22079,-3.0309878881579015,-4.153200311881475,-1.9087754644343278,104,0.500655263579232,decrease,1.65,1.65,0.0,8457.84,0.0,0.0,0.0,0.0,True
22430,-2.7025314454602185,-3.7476571517514303,-1.6574057391690067,81,0.2265533051769314,decrease,4.95,4.95,0.0,6761.379999999999,0.0,0.0,0.0,0.0,True
22746,-3.2909516043784155,-5.94216520324413,-0.6397380055127013,63,0.3768896908203496,decrease,2.1,2.1,0.0,6699.25,0.0,0.0,0.0,0.0,True
84993A,-1.611238799290415,-2.4658098385618,-0.7566677600190297,78,0.21683372928268008,decrease,0.42,0.42,0.0,648.6100000000001,0.0,0.0,0.0,0.0,True
22284,-2.5923906462354336,-3.4495818702940397,-1.7351994221768274,88,0.2455488710664907,decrease,1.65,1.65,0.0,4017.74,0.0,0.0,0.0,0.0,True
22114,-1.9966892588888794,-3.795907601540853,-0.19747091623690594,78,0.3383882799281944,decrease,3.95,3.95,0.0,59189.14,0.0,0.0,0.0,0.0,True
21240,-2.6410577006995535,-3.3739592620296026,-1.9081561393695041,104,0.31037853280864436,decrease,0.85,0.85,0.0,6535.74,0.0,0.0,0.0,0.0,True
22080,-2.557674901981768,-3.490308521969889,-1.625041281993647,80,0.3714415538208352,decrease,1.65,1.65,0.0,6512.44,0.0,0.0,0.0,0.0,True
21239,-1.9261378812207721,-2.5402613893678003,-1.312014373073744,104,0.23389450477875207,decrease,0.85,0.85,0.0,6438.389999999999,0.0,0.0,0.0,0.0,True
21472,-2.8060957821124792,-3.7107545937984647,-1.9014369704264937,70,0.23487322677000866,decrease,3.75,3.75,0.0,4077.8199999999997,0.0,0.0,0.0,0.0,True
21911,-2.9799557605618543,-4.3771253201743425,-1.5827862009493663,65,0.24180161870832007,decrease,1.65,1.65,0.0,4080.8499999999995,0.0,0.0,0.0,0.0,True
22435,-2.8038013664494192,-3.938073157899794,-1.6695295749990449,84,0.2258247489287427,decrease,1.25,1.25,0.0,6185.22,0.0,0.0,0.0,0.0,True
21143,-2.4762108408668944,-3.7917641703275953,-1.1606575114061932,40,0.5011586545408687,decrease,1.95,1.95,0.0,4149.15,0.0,0.0,0.0,0.0,True
22616,-1.257726739296189,-2.288664910245882,-0.2267885683464963,83,0.10654540624775333,decrease,0.29,0.29,0.0,12460.16,0.0,0.0,0.0,0.0,True
21078,-1.6760811880997042,-2.517188936442902,-0.8349734397565064,95,0.16084446711469957,decrease,0.85,0.85,0.0,6181.25,0.0,0.0,0.0,0.0,True
84988,-1.0745804959849556,-1.7003149093923922,-0.44884608257751923,104,0.15938334273176802,decrease,1.45,1.45,0.0,12913.240000000002,0.0,0.0,0.0,0.0,True
21814,-2.5556746933924446,-3.394690699454453,-1.7166586873304364,42,0.395406809584382,decrease,1.45,1.45,0.0,1016.53,0.0,0.0,0.0,0.0,True
21673,-1.3657484734716623,-1.8544911902007704,-0.8770057567425542,104,0.13545065158108494,decrease,1.25,1.25,0.0,13272.39,0.0,0.0,0.0,0.0,True
84832,-1.4247201058872547,-2.28130292085715,-0.5681372909173594,104,0.42531315786293333,decrease,0.85,0.85,0.0,6134.700000000001,0.0,0.0,0.0,0.0,True
22285,-1.8963469138264402,-3.1153168639153357,-0.6773769637375449,79,0.09874843193225535,decrease,1.65,1.65,0.0,4248.010000000001,0.0,0.0,0.0,0.0,True
22584,-3.048322968879772,-4.4704305928479595,-1.626215344911585,89,0.2886784496074579,decrease,2.55,2.55,0.0,13287.78,0.0,0.0,0.0,0.0,True
22409,-2.253872153756718,-3.18069039337696,-1.3270539141364757,69,0.18764801465075143,decrease,1.25,1.25,0.0,2290.46,0.0,0.0,0.0,0.0,True
84536A,-2.3401661457117995,-3.284606120389597,-1.3957261710340017,102,0.40924413106218593,decrease,0.42,0.42,0.0,2289.729999999999,0.0,0.0,0.0,0.0,True
20751,-1.5164153376870826,-2.862958528498422,-0.16987214687574337,102,0.0502733133139015,decrease,2.1,2.1,0.0,6023.259999999998,0.0,0.0,0.0,0.0,True
21669,-2.4047079026194704,-3.51894578121238,-1.2904700240265607,92,0.23492475975018168,decrease,1.25,1.25,0.0,13839.180000000002,0.0,0.0,0.0,0.0,True
21245,-2.8659919360467763,-3.769322227721629,-1.9626616443719236,99,0.22612572314995805,decrease,1.69,1.69,0.0,4268.36,0.0,0.0,0.0,0.0,True
22444,-2.4061838094449373,-2.9113914536218695,-1.900976165268005,54,0.35973805296494943,decrease,1.25,1.25,0.0,13856.599999999999,0.0,0.0,0.0,0.0,True
21214,-1.3072332454848274,-2.4123616308936855,-0.20210486007596962,35,0.10083297404050007,decrease,1.45,1.45,0.0,2920.8199999999997,0.0,0.0,0.0,0.0,True
22623,-3.118926780079558,-5.792535538212081,-0.44531802194703474,82,0.320092606799284,decrease,4.95,4.95,0.0,12432.28,0.0,0.0,0.0,0.0,True
21671,-1.5527134986441877,-2.3667066251287183,-0.738720372159657,91,0.2141773304104042,decrease,1.25,1.25,0.0,12339.320000000002,0.0,0.0,0.0,0.0,True
22478,-1.9961313182357638,-2.893671218382784,-1.0985914180887433,87,0.22545223546486937,decrease,1.25,1.25,0.0,3848.4100000000008,0.0,0.0,0.0,0.0,True
21746,-3.5741255136982746,-4.329623112880235,-2.818627914516314,98,0.5388369844843505,decrease,1.25,1.25,0.0,7468.34,0.0,0.0,0.0,0.0,True
22694,-2.0535480902031065,-3.124341393386343,-0.9827547870198701,67,0.5014689584035985,decrease,2.1,2.1,0.0,10958.6,0.0,0.0,0.0,0.0,True
71279,-1.136726515208936,-1.7638942297471962,-0.5095588006706759,53,0.2024710466780959,decrease,2.95,2.95,0.0,972.1100000000002,0.0,0.0,0.0,0.0,True
22078,-1.9758618670862405,-2.8816669633611136,-1.0700567708113673,88,0.2597778589423959,decrease,2.1,2.1,0.0,8449.94,0.0,0.0,0.0,0.0,True
21244,-3.6027991496354312,-4.319616183067506,-2.8859821162033565,98,0.4091002561813579,decrease,1.69,1.69,0.0,8279.070000000002,0.0,0.0,0.0,0.0,True
22620,-1.544724021203477,-2.7416068428910076,-0.3478411995159465,83,0.23518518351078044,decrease,1.25,1.25,0.0,11073.45,0.0,0.0,0.0,0.0,True
21868,-2.908756371388092,-3.768405570554744,-2.0491071722214405,94,0.542027027030356,decrease,1.25,1.25,0.0,11163.640000000003,0.0,0.0,0.0,0.0,True
21238,-2.4513634195546765,-3.408377015139857,-1.4943498239694961,104,0.2875022139351874,decrease,0.85,0.85,0.0,8164.0,0.0,0.0,0.0,0.0,True
20675,-2.780952672112565,-3.712647122619094,-1.8492582216060356,104,0.36457649991312824,decrease,1.25,1.25,0.0,8067.83,0.0,0.0,0.0,0.0,True
85019B,-1.4180152578535212,-2.085840813800618,-0.7501897019064242,34,0.3012068985903802,decrease,1.25,1.25,0.0,982.47,0.0,0.0,0.0,0.0,True
21976,-1.2856363971338125,-2.1155759724949714,-0.4556968217726536,104,0.09512696324098313,decrease,0.55,0.55,0.0,7792.37,0.0,0.0,0.0,0.0,True
22774,-2.5465163236861885,-3.8370566464115243,-1.2559760009608527,54,0.3309244652895089,decrease,1.25,1.25,0.0,3591.06,0.0,0.0,0.0,0.0,True
21429,-1.7551448480023732,-3.0235128656010923,-0.48677683040365416,87,0.2374905954891673,decrease,1.65,1.65,0.0,11342.249999999998,0.0,0.0,0.0,0.0,True
22945,-1.0377172249369369,-1.5881947589360899,-0.48723969093778385,45,0.5947462961295429,decrease,0.85,0.85,0.0,7365.7,0.0,0.0,0.0,0.0,True
22631,-1.3045852419945696,-1.972223642851561,-0.6369468411375784,76,0.139695340790842,decrease,1.95,1.95,0.0,12241.849999999999,0.0,0.0,0.0,0.0,True
20960,-3.4844092929880714,-4.485952452263118,-2.482866133713025,56,0.46729957217514895,decrease,1.25,1.25,0.0,2550.84,0.0,0.0,0.0,0.0,True
22151,-2.215641927860413,-3.436934559254535,-0.9943492964662914,104,0.37035876706939674,decrease,0.42,0.42,0.0,11609.19,0.0,0.0,0.0,0.0,True
22739,-3.0452509312931624,-4.119219094840662,-1.9712827677456628,49,0.7514488920083903,decrease,1.65,1.65,0.0,7357.4400000000005,0.0,0.0,0.0,0.0,True
21636,-1.5207839284636298,-1.7706783416346588,-1.2708895152926007,48,0.6122591711360104,decrease,0.75,0.75,0.0,985.74,0.0,0.0,0.0,0.0,True
22729,-2.823738480026031,-3.2593923191761545,-2.3880846408759075,62,0.5076614710388624,decrease,3.75,3.75,0.0,11864.000000000002,0.0,0.0,0.0,0.0,True
22676,-2.0443982871047632,-3.186844713639696,-0.9019518605698305,68,0.24323054444690329,decrease,1.25,1.25,0.0,2464.98,0.0,0.0,0.0,0.0,True
22458,-1.9852708177019611,-3.5124047577185786,-0.45813687768534384,49,0.1428778362458446,decrease,2.55,2.55,0.0,3790.47,0.0,0.0,0.0,0.0,True
21100,-1.9792658158915541,-2.7745710686580374,-1.1839605631250707,60,0.35765644194741697,decrease,1.65,1.65,0.0,3795.0,0.0,0.0,0.0,0.0,True
84987,-1.3673320144940924,-2.099234208514989,-0.6354298204731957,104,0.12269947928015235,decrease,1.45,1.45,0.0,11864.150000000001,0.0,0.0,0.0,0.0,True
21242,-1.6530355490620896,-3.0515511193680016,-0.2545199787561774,103,0.08986156536622891,decrease,1.69,1.69,0.0,11917.730000000001,0.0,0.0,0.0,0.0,True
21670,-1.5475313154810866,-1.967147403514727,-1.1279152274474462,100,0.16469699830543993,decrease,1.25,1.25,0.0,12074.4,0.0,0.0,0.0,0.0,True
21989,-1.1192717149701217,-1.852580683563858,-0.3859627463763854,101,0.04868283379873417,decrease,0.85,0.85,0.0,6790.7,0.0,0.0,0.0,0.0,True
85014B,-2.403927580773665,-3.6353315244989712,-1.1725236370483587,104,0.3006112602235529,decrease,5.95,5.95,0.0,30776.58,0.0,0.0,0.0,0.0,True
